0,random,0,False,1,96,-75.69672131147541,109
1,random,0,False,3,144,17.459016393442624,12,213,94.41616766467061,21,144,4.3689320388349415,133
2,random,0,False,1,96,-75.69672131147541,110
3,random,0,False,1,96,-75.69672131147541,111
4,random,0,False,2,144,17.459016393442624,13,144,35.02994011976047,100
5,random,0,False,1,96,-75.69672131147541,112
6,random,0,False,1,96,-75.69672131147541,113
7,random,0,False,3,246,39.672131147540995,0,258,119.05688622754482,11,231,5.436893203883486,18
8,random,0,False,2,144,17.459016393442624,14,144,35.02994011976047,45
9,random,0,False,1,96,-75.69672131147541,114
10,random,0,False,1,96,-75.69672131147541,115
11,random,0,False,2,144,17.459016393442624,15,144,35.02994011976047,119
12,random,0,False,1,96,-75.69672131147541,116
13,random,0,False,2,144,17.459016393442624,16,144,35.02994011976047,56
14,random,0,False,2,144,17.459016393442624,17,144,35.02994011976047,63
15,random,0,False,1,96,-75.69672131147541,117
16,random,0,False,2,144,17.459016393442624,18,144,35.02994011976047,101
17,random,0,False,2,144,17.459016393442624,19,144,35.02994011976047,126
18,random,0,False,2,144,17.459016393442624,20,144,35.02994011976047,97
19,random,0,False,2,144,17.459016393442624,21,144,35.02994011976047,49
20,random,0,False,1,96,-75.69672131147541,118
21,random,0,False,2,144,17.459016393442624,22,144,35.02994011976047,46
22,random,0,False,2,144,17.459016393442624,23,144,35.02994011976047,109
23,random,0,False,2,144,17.459016393442624,24,144,35.02994011976047,57
24,random,0,False,1,96,-75.69672131147541,119
25,random,0,False,1,213,-19.262295081967228,2
26,random,0,False,1,96,-75.69672131147541,120
27,random,0,False,1,96,-75.69672131147541,121
28,random,0,False,1,96,-75.69672131147541,122
29,random,0,False,2,144,17.459016393442624,25,144,35.02994011976047,70
30,random,0,False,1,96,-75.69672131147541,123
31,random,0,False,1,96,-75.69672131147541,124
32,random,0,False,2,144,17.459016393442624,26,144,35.02994011976047,98
33,random,0,False,1,96,-75.69672131147541,125
34,random,0,False,2,144,17.459016393442624,27,144,35.02994011976047,103
35,random,0,False,2,144,17.459016393442624,28,144,35.02994011976047,67
36,random,0,False,2,144,17.459016393442624,29,144,35.02994011976047,125
37,random,0,False,2,144,17.459016393442624,30,144,35.02994011976047,90
38,random,0,False,1,96,-75.69672131147541,126
39,random,0,False,1,96,-75.69672131147541,127
40,random,0,False,1,210,-42.58196721311476,8
41,random,0,False,1,96,-75.69672131147541,128
42,random,0,False,2,144,17.459016393442624,31,144,35.02994011976047,117
43,random,0,False,2,144,17.459016393442624,32,144,35.02994011976047,114
44,random,0,False,2,144,17.459016393442624,33,144,35.02994011976047,115
45,random,0,False,1,96,-75.69672131147541,129
46,random,0,False,2,144,17.459016393442624,34,144,35.02994011976047,106
47,random,0,False,1,96,-75.69672131147541,130
48,random,0,False,2,144,17.459016393442624,35,144,35.02994011976047,92
49,random,0,False,2,144,17.459016393442624,36,144,35.02994011976047,86
50,random,0,False,4,210,98.38114754098359,4,639,714.9153783545685,3,210,91.82038834951459,42,213,134.66887417218535,168
51,random,0,False,1,96,-75.69672131147541,131
52,random,0,False,2,144,17.459016393442624,37,144,35.02994011976047,65
53,random,0,False,2,144,17.459016393442624,38,144,35.02994011976047,44
54,random,0,False,2,144,17.459016393442624,39,144,35.02994011976047,118
55,random,0,False,1,96,-75.69672131147541,132
56,random,0,False,1,96,-75.69672131147541,133
57,random,0,False,3,210,99.7950819672131,3,204,120.0,35,204,80.87378640776703,106
58,random,0,False,1,96,-75.69672131147541,134
59,random,0,False,1,96,-75.69672131147541,135
60,random,0,False,1,96,-75.69672131147541,136
61,random,0,False,2,144,17.459016393442624,40,144,35.02994011976047,74
62,random,0,False,2,144,17.459016393442624,41,144,35.02994011976047,127
63,random,0,False,2,144,17.459016393442624,42,144,35.02994011976047,128
64,random,0,False,3,210,65.30737704918032,6,204,89.41616766467061,39,204,43.68932038834957,109
65,random,0,False,1,96,-75.69672131147541,137
66,random,0,False,2,144,17.459016393442624,43,144,35.02994011976047,53
67,random,0,False,1,144,17.459016393442624,44
68,random,0,False,1,144,17.459016393442624,45
69,random,0,False,1,96,-75.69672131147541,138
70,random,0,False,1,144,17.459016393442624,46
71,random,0,False,1,144,17.459016393442624,47
72,random,0,False,1,96,-75.69672131147541,139
73,random,0,False,1,144,17.459016393442624,48
74,random,0,False,1,144,17.459016393442624,49
75,random,0,False,1,144,17.459016393442624,50
76,random,0,False,1,96,-75.69672131147541,140
77,random,0,False,1,96,-75.69672131147541,141
78,random,0,False,1,96,-75.69672131147541,142
79,random,0,False,1,144,17.459016393442624,51
80,random,0,False,1,144,17.459016393442624,52
81,random,0,False,1,96,-75.69672131147541,143
82,random,0,False,1,96,-75.69672131147541,144
83,random,0,False,1,96,-75.69672131147541,145
84,random,0,False,1,96,-75.69672131147541,146
85,random,0,False,1,144,17.459016393442624,53
86,random,0,False,1,96,-75.69672131147541,147
87,random,0,False,1,144,17.459016393442624,54
88,random,0,False,1,96,-75.69672131147541,148
89,random,0,False,1,96,-75.69672131147541,149
90,random,0,False,1,96,-75.69672131147541,150
91,random,0,False,1,96,-75.69672131147541,151
92,random,0,False,1,144,17.459016393442624,55
93,random,0,False,1,96,-75.69672131147541,152
94,random,0,False,1,144,17.459016393442624,56
95,random,0,False,1,96,-75.69672131147541,153
96,random,0,False,1,144,17.459016393442624,57
97,random,0,False,1,96,-75.69672131147541,154
98,random,0,False,1,96,-75.69672131147541,155
99,random,0,False,1,96,-75.69672131147541,156
100,random,0,False,1,144,17.459016393442624,58
101,random,0,False,1,96,-75.69672131147541,157
102,random,0,False,1,96,-75.69672131147541,158
103,random,0,False,1,144,17.459016393442624,59
104,random,0,False,1,96,-75.69672131147541,159
105,random,0,False,1,144,17.459016393442624,60
106,random,0,False,1,144,17.459016393442624,61
107,random,0,False,1,144,17.459016393442624,62
108,random,0,False,1,144,17.459016393442624,63
109,random,0,False,1,96,-75.69672131147541,160
110,random,0,False,1,96,-75.69672131147541,161
111,random,0,False,1,144,17.459016393442624,64
112,random,0,False,1,96,-75.69672131147541,162
113,random,0,False,1,96,-75.69672131147541,163
114,random,0,False,1,96,-75.69672131147541,164
115,random,0,False,1,144,17.459016393442624,65
116,random,0,False,1,144,17.459016393442624,66
117,random,0,False,1,96,-75.69672131147541,165
118,random,0,False,1,144,17.459016393442624,67
119,random,0,False,1,96,-75.69672131147541,166
120,random,0,False,1,132,-62.47950819672131,108
121,random,0,False,1,144,17.459016393442624,68
122,random,0,False,1,144,17.459016393442624,69
123,random,0,False,1,96,-75.69672131147541,167
124,random,0,False,1,96,-75.69672131147541,168
125,random,0,False,1,96,-75.69672131147541,169
126,random,0,False,1,144,17.459016393442624,70
127,random,0,False,1,96,-75.69672131147541,170
128,random,0,False,1,144,17.459016393442624,71
129,random,0,False,1,96,-75.69672131147541,171
130,random,0,False,1,96,-75.69672131147541,172
131,random,0,False,3,228,85.34836065573771,1,207,89.8203592814371,26,204,34.95145631067959,110
132,random,0,False,1,144,17.459016393442624,72
133,random,0,False,1,96,-75.69672131147541,173
134,random,0,False,1,96,-75.69672131147541,174
135,random,0,False,1,204,-90.69672131147541,10
136,random,0,False,1,144,17.459016393442624,73
137,random,0,False,1,144,17.459016393442624,74
138,random,0,False,1,144,17.459016393442624,75
139,random,0,False,1,96,-75.69672131147541,175
140,random,0,False,1,144,17.459016393442624,76
141,random,0,False,1,144,17.459016393442624,77
142,random,0,False,1,96,-75.69672131147541,176
143,random,0,False,1,96,-75.69672131147541,177
144,random,0,False,1,144,17.459016393442624,78
145,random,0,False,1,144,17.459016393442624,79
146,random,0,False,1,144,17.459016393442624,80
147,random,0,False,1,96,-75.69672131147541,178
148,random,0,False,1,144,17.459016393442624,81
149,random,0,False,1,96,-75.69672131147541,179
150,random,0,False,1,144,17.459016393442624,82
151,random,0,False,1,96,-75.69672131147541,180
152,random,0,False,1,96,-75.69672131147541,181
153,random,0,False,1,96,-75.69672131147541,182
154,random,0,False,1,144,17.459016393442624,83
155,random,0,False,1,144,17.459016393442624,84
156,random,0,False,3,210,77.29508196721312,5,225,122.47005988023957,18,207,39.174757281553354,91
157,random,0,False,1,96,-75.69672131147541,183
158,random,0,False,1,144,17.459016393442624,85
159,random,0,False,1,144,17.459016393442624,86
160,random,0,False,1,144,17.459016393442624,87
161,random,0,False,1,96,-75.69672131147541,184
162,random,0,False,1,144,17.459016393442624,88
163,random,0,False,1,144,17.459016393442624,89
164,random,0,False,1,96,-75.69672131147541,185
165,random,0,False,2,180,27.60245901639344,11,174,44.640718562874255,41
166,random,0,False,1,144,17.459016393442624,90
167,random,0,False,1,144,17.459016393442624,91
168,random,0,False,1,144,17.459016393442624,92
169,random,0,False,1,144,17.459016393442624,93
170,random,0,False,3,210,63.81147540983605,7,210,93.93712574850292,25,207,42.37864077669899,88
171,random,0,False,1,96,-75.69672131147541,186
172,random,0,False,1,96,-75.69672131147541,187
173,random,0,False,1,96,-75.69672131147541,188
174,random,0,False,1,96,-75.69672131147541,189
175,random,0,False,1,144,17.459016393442624,94
176,random,0,False,1,96,-75.69672131147541,190
177,random,0,False,1,144,17.459016393442624,95
178,random,0,False,1,96,-75.69672131147541,191
179,random,0,False,1,144,17.459016393442624,96
180,random,0,False,1,96,-75.69672131147541,192
181,random,0,False,1,96,-75.69672131147541,193
182,random,0,False,1,144,17.459016393442624,97
183,random,0,False,1,144,17.459016393442624,98
184,random,0,False,1,144,17.459016393442624,99
185,random,0,False,1,96,-75.69672131147541,194
186,random,0,False,1,144,17.459016393442624,100
187,random,0,False,1,96,-75.69672131147541,195
188,random,0,False,1,96,-75.69672131147541,196
189,random,0,False,1,210,-85.86065573770492,9
190,random,0,False,1,96,-75.69672131147541,197
191,random,0,False,1,144,17.459016393442624,101
192,random,0,False,1,144,17.459016393442624,102
193,random,0,False,1,144,17.459016393442624,103
194,random,0,False,1,96,-75.69672131147541,198
195,random,0,False,1,144,17.459016393442624,104
196,random,0,False,1,144,17.459016393442624,105
197,random,0,False,1,144,17.459016393442624,106
198,random,0,False,1,144,17.459016393442624,107
199,random,0,False,1,96,-75.69672131147541,199
200,two_parent,1,False,2,141,-32.619760479041915,130
201,two_parent,1,False,2,96,-40.568862275449106,194
202,two_parent,1,False,2,96,-40.568862275449106,182
203,two_parent,1,False,2,96,-40.568862275449106,170
204,two_parent,1,False,2,144,35.02994011976047,64
205,two_parent,1,False,2,96,-40.568862275449106,171
206,two_parent,1,False,4,1083,1229.7060814105103,0,363,289.6349110032364,10,963,1117.5006390497606,118
207,two_parent,1,False,2,96,-40.568862275449106,198
208,two_parent,1,False,3,204,120.0,34,204,80.87378640776703,97
209,two_parent,1,False,2,96,-40.568862275449106,187
210,two_parent,1,False,2,144,35.02994011976047,78
211,two_parent,1,False,2,144,35.02994011976047,122
212,two_parent,1,False,2,96,-40.568862275449106,199
213,two_parent,1,False,2,96,-40.568862275449106,132
214,two_parent,1,False,2,96,-40.568862275449106,133
215,two_parent,1,False,2,144,35.02994011976047,113
216,two_parent,1,False,2,96,-40.568862275449106,139
217,two_parent,1,False,2,144,35.02994011976047,59
218,two_parent,1,False,2,96,-40.568862275449106,152
219,two_parent,1,False,2,144,35.02994011976047,88
220,two_parent,1,False,2,96,-40.568862275449106,168
221,two_parent,1,False,2,96,-40.568862275449106,148
222,two_parent,1,False,2,144,35.02994011976047,62
223,two_parent,1,False,2,96,-40.568862275449106,196
224,two_parent,1,False,2,144,35.02994011976047,77
225,two_parent,1,False,2,96,-40.568862275449106,158
226,two_parent,1,False,2,96,-40.568862275449106,144
227,two_parent,1,False,2,144,35.02994011976047,48
228,two_parent,1,False,2,96,-40.568862275449106,153
229,two_parent,1,False,2,144,35.02994011976047,68
230,two_parent,1,False,2,144,35.02994011976047,71
231,two_parent,1,False,3,213,93.30838323353291,22,213,-30.558252427184463,28
232,two_parent,1,False,3,204,120.0,36,204,80.87378640776703,102
233,two_parent,1,False,2,150,38.06886227544912,42
234,two_parent,1,False,2,96,-40.568862275449106,195
235,two_parent,1,False,2,96,-40.568862275449106,155
236,two_parent,1,False,2,96,-40.568862275449106,193
237,two_parent,1,False,2,144,35.02994011976047,107
238,two_parent,1,False,2,144,35.02994011976047,81
239,two_parent,1,False,3,204,81.01796407185626,40,159,6.407766990291265,116
240,two_parent,1,False,2,96,-40.568862275449106,138
241,two_parent,1,False,4,219,141.6017964071857,19,216,101.79611650485433,25,222,139.9337748344371,154
242,two_parent,1,False,2,96,-40.568862275449106,197
243,two_parent,1,False,2,96,-40.568862275449106,134
244,two_parent,1,False,2,96,-40.568862275449106,156
245,two_parent,1,False,2,144,35.02994011976047,66
246,two_parent,1,False,2,144,35.02994011976047,79
247,two_parent,1,False,3,639,714.9153783545685,5,210,91.82038834951459,47
248,two_parent,1,False,2,96,-40.568862275449106,177
249,two_parent,1,False,4,228,178.11377245508984,13,213,123.90776699029124,26,219,159.07284768211917,156
250,two_parent,1,False,2,144,35.02994011976047,104
251,two_parent,1,False,2,96,-40.568862275449106,191
252,two_parent,1,False,2,144,35.02994011976047,129
253,two_parent,1,False,2,96,-40.568862275449106,146
254,two_parent,1,False,2,144,35.02994011976047,105
255,two_parent,1,False,3,225,122.47005988023957,17,207,39.174757281553354,90
256,two_parent,1,False,2,96,-40.568862275449106,157
257,two_parent,1,False,2,144,35.02994011976047,85
258,two_parent,1,False,2,96,-40.568862275449106,164
259,two_parent,1,False,4,210,159.59580838323365,23,210,126.31067961165047,29,210,144.12251655629137,177
260,two_parent,1,False,2,144,35.02994011976047,96
261,two_parent,1,False,2,96,-40.568862275449106,166
262,two_parent,1,False,3,639,648.9020384672526,6,207,-56.74757281553399,95
263,two_parent,1,False,2,96,-40.568862275449106,181
264,two_parent,1,False,3,555,527.2924321881505,8,228,34.56310679611647,19
265,two_parent,1,False,2,96,-40.568862275449106,173
266,two_parent,1,False,2,96,-40.568862275449106,189
267,two_parent,1,False,2,147,36.28742514970061,43
268,two_parent,1,False,2,96,-40.568862275449106,137
269,two_parent,1,False,3,204,120.0,38,204,80.87378640776703,99
270,two_parent,1,False,3,639,714.9153783545685,2,210,91.82038834951459,57
271,two_parent,1,False,2,144,35.02994011976047,94
272,two_parent,1,False,2,96,-40.568862275449106,180
273,two_parent,1,False,2,144,35.02994011976047,93
274,two_parent,1,False,2,96,-40.568862275449106,151
275,two_parent,1,False,2,144,35.02994011976047,60
276,two_parent,1,False,2,144,35.02994011976047,73
277,two_parent,1,False,2,96,-40.568862275449106,186
278,two_parent,1,False,2,144,35.02994011976047,99
279,two_parent,1,False,3,210,132.79940119760482,24,210,80.5582524271845,78
280,two_parent,1,False,2,96,-40.568862275449106,150
281,two_parent,1,False,3,219,132.52994011976043,20,204,80.8980582524272,96
282,two_parent,1,False,2,144,35.02994011976047,69
283,two_parent,1,False,2,144,35.02994011976047,72
284,two_parent,1,False,2,96,-40.568862275449106,188
285,two_parent,1,False,2,144,35.02994011976047,51
286,two_parent,1,False,2,144,35.02994011976047,75
287,two_parent,1,False,2,96,-40.568862275449106,159
288,two_parent,1,False,2,144,35.02994011976047,54
289,two_parent,1,False,3,204,120.0,29,204,80.87378640776703,101
290,two_parent,1,False,2,96,-40.568862275449106,172
291,two_parent,1,False,2,96,-40.568862275449106,161
292,two_parent,1,False,2,96,-40.568862275449106,142
293,two_parent,1,False,2,96,-40.568862275449106,154
294,two_parent,1,False,2,144,35.02994011976047,50
295,two_parent,1,False,2,207,67.58982035928145,28
296,two_parent,1,False,2,96,-40.568862275449106,163
297,two_parent,1,False,2,96,-40.568862275449106,183
298,two_parent,1,False,3,204,120.0,37,204,80.87378640776703,104
299,two_parent,1,False,4,225,131.76646706586814,15,234,141.01941747572823,16,270,208.2284768211921,146
300,two_parent,1,False,2,144,35.02994011976047,120
301,two_parent,1,False,3,639,552.9909039277683,7,210,69.10194174757277,79
302,two_parent,1,False,2,96,-40.568862275449106,140
303,two_parent,1,False,2,96,-40.568862275449106,136
304,two_parent,1,False,3,225,122.47005988023957,16,207,39.174757281553354,89
305,two_parent,1,False,2,96,-40.568862275449106,185
306,two_parent,1,False,2,144,35.02994011976047,83
307,two_parent,1,False,2,144,35.02994011976047,102
308,two_parent,1,False,2,144,35.02994011976047,116
309,two_parent,1,False,2,144,35.02994011976047,76
310,two_parent,1,False,2,96,-40.568862275449106,135
311,two_parent,1,False,3,273,201.73652694610786,10,210,40.533980582524265,81
312,two_parent,1,False,3,234,140.29940119760465,12,204,61.69902912621359,107
313,two_parent,1,False,2,96,-40.568862275449106,179
314,two_parent,1,False,3,204,120.0,32,204,80.87378640776703,103
315,two_parent,1,False,3,360,293.13277291570705,9,210,40.533980582524265,82
316,two_parent,1,False,2,144,35.02994011976047,82
317,two_parent,1,False,2,144,35.02994011976047,89
318,two_parent,1,False,2,96,-40.568862275449106,162
319,two_parent,1,False,2,144,35.02994011976047,108
320,two_parent,1,False,2,96,-40.568862275449106,160
321,two_parent,1,False,4,228,153.7125748502995,14,207,103.00970873786409,87,216,135.49668874172187,158
322,two_parent,1,False,2,144,35.02994011976047,84
323,two_parent,1,False,2,96,-40.568862275449106,169
324,two_parent,1,False,2,144,35.02994011976047,112
325,two_parent,1,False,2,144,35.02994011976047,110
326,two_parent,1,False,3,639,714.9153783545685,4,210,91.82038834951459,67
327,two_parent,1,False,2,96,-40.568862275449106,167
328,two_parent,1,False,2,96,-40.568862275449106,190
329,two_parent,1,False,2,96,-40.568862275449106,131
330,two_parent,1,False,2,96,-40.568862275449106,143
331,two_parent,1,False,2,144,35.02994011976047,121
332,two_parent,1,False,2,144,35.02994011976047,87
333,two_parent,1,False,3,207,69.47604790419162,27,207,17.40291262135922,92
334,two_parent,1,False,2,144,35.02994011976047,111
335,two_parent,1,False,2,96,-40.568862275449106,147
336,two_parent,1,False,2,144,35.02994011976047,124
337,two_parent,1,False,2,96,-40.568862275449106,141
338,two_parent,1,False,2,96,-40.568862275449106,149
339,two_parent,1,False,2,96,-40.568862275449106,174
340,two_parent,1,False,2,144,35.02994011976047,47
341,two_parent,1,False,3,204,120.0,31,204,80.87378640776703,98
342,two_parent,1,False,2,96,-40.568862275449106,175
343,two_parent,1,False,3,639,714.9153783545685,1,210,91.82038834951459,49
344,two_parent,1,False,2,144,35.02994011976047,91
345,two_parent,1,False,3,204,120.0,30,204,80.87378640776703,105
346,two_parent,1,False,2,144,35.02994011976047,52
347,two_parent,1,False,2,96,-40.568862275449106,192
348,two_parent,1,False,2,96,-40.568862275449106,165
349,two_parent,1,False,2,144,35.02994011976047,95
350,two_parent,1,False,2,144,35.02994011976047,80
351,two_parent,1,False,2,96,-40.568862275449106,178
352,two_parent,1,False,2,144,35.02994011976047,123
353,two_parent,1,False,2,96,-40.568862275449106,184
354,two_parent,1,False,2,144,35.02994011976047,61
355,two_parent,1,False,2,144,35.02994011976047,55
356,two_parent,1,False,2,96,-40.568862275449106,145
357,two_parent,1,False,3,204,120.0,33,204,80.87378640776703,100
358,two_parent,1,False,2,144,35.02994011976047,58
359,two_parent,1,False,2,96,-40.568862275449106,176
360,two_parent,2,False,2,219,88.10679611650488,23
361,two_parent,2,False,2,210,33.76213592233006,83
362,two_parent,2,False,2,210,60.80097087378644,80
363,two_parent,2,False,2,96,-84.80582524271844,174
364,two_parent,2,False,2,96,-84.80582524271844,139
365,two_parent,2,False,3,363,289.6349110032364,8,963,1117.5006390497606,40
366,two_parent,2,False,3,222,124.29611650485427,21,516,488.1714973767954,136
367,two_parent,2,False,2,186,-118.37378640776699,112
368,two_parent,2,False,2,96,-84.80582524271844,196
369,two_parent,2,False,2,96,-84.80582524271844,173
370,two_parent,2,False,2,96,-84.80582524271844,183
371,two_parent,2,False,2,210,91.82038834951459,56
372,two_parent,2,False,3,363,289.6349110032364,9,963,1117.5006390497606,56
373,two_parent,2,False,2,96,-84.80582524271844,191
374,two_parent,2,False,2,210,91.82038834951459,52
375,two_parent,2,False,2,210,91.82038834951459,62
376,two_parent,2,False,2,96,-84.80582524271844,176
377,two_parent,2,False,3,363,289.6349110032364,13,963,1117.5006390497606,46
378,two_parent,2,False,2,96,-84.80582524271844,165
379,two_parent,2,False,2,210,91.82038834951459,59
380,two_parent,2,False,3,207,114.68446601941747,85,240,188.85761589403967,152
381,two_parent,2,False,2,96,-84.80582524271844,190
382,two_parent,2,False,2,144,4.3689320388349415,125
383,two_parent,2,False,2,210,91.82038834951459,64
384,two_parent,2,False,2,210,91.82038834951459,71
385,two_parent,2,False,3,363,289.6349110032364,1,963,1117.5006390497606,101
386,two_parent,2,False,4,210,123.44660194174762,30,927,1125.2625429451036,133,1074,1371.5887433330113,126
387,two_parent,2,False,2,144,4.3689320388349415,123
388,two_parent,2,False,2,96,-84.80582524271844,158
389,two_parent,2,False,2,96,-84.80582524271844,166
390,two_parent,2,False,3,210,91.82038834951459,34,213,134.66887417218535,171
391,two_parent,2,False,2,210,91.82038834951459,70
392,two_parent,2,False,2,96,-84.80582524271844,151
393,two_parent,2,False,2,210,91.82038834951459,51
394,two_parent,2,False,2,96,-84.80582524271844,177
395,two_parent,2,False,4,363,289.6349110032364,11,963,1117.5006390497606,5,1077,1286.0274544612294,77
396,two_parent,2,False,2,96,-84.80582524271844,197
397,two_parent,2,False,2,96,-84.80582524271844,153
398,two_parent,2,False,2,96,-84.80582524271844,195
399,two_parent,2,False,2,96,-84.80582524271844,184
400,two_parent,2,False,2,186,-152.88834951456312,114
401,two_parent,2,False,2,210,91.82038834951459,50
402,two_parent,2,False,3,210,91.82038834951459,41,213,134.66887417218535,162
403,two_parent,2,False,2,96,-84.80582524271844,145
404,two_parent,2,False,2,96,-84.80582524271844,186
405,two_parent,2,False,2,210,91.82038834951459,73
406,two_parent,2,False,3,210,91.82038834951459,37,213,134.66887417218535,169
407,two_parent,2,False,2,144,4.3689320388349415,130
408,two_parent,2,False,2,144,4.3689320388349415,131
409,two_parent,2,False,2,144,4.3689320388349415,117
410,two_parent,2,False,2,210,91.82038834951459,66
411,two_parent,2,False,3,207,113.47087378640776,86,243,191.32450331125833,151
412,two_parent,2,False,2,144,4.3689320388349415,128
413,two_parent,2,False,4,363,289.6349110032364,7,963,1117.5006390497606,10,1077,1286.0274544612294,91
414,two_parent,2,False,3,210,91.82038834951459,36,213,134.66887417218535,173
415,two_parent,2,False,2,219,50.46116504854368,24
416,two_parent,2,False,2,210,91.82038834951459,75
417,two_parent,2,False,3,363,289.6349110032364,6,963,1117.5006390497606,98
418,two_parent,2,False,3,363,289.6349110032364,4,963,1117.5006390497606,59
419,two_parent,2,False,2,96,-84.80582524271844,150
420,two_parent,2,False,2,96,-84.80582524271844,137
421,two_parent,2,False,2,210,91.82038834951459,76
422,two_parent,2,False,2,96,-84.80582524271844,152
423,two_parent,2,False,2,210,91.82038834951459,48
424,two_parent,2,False,2,144,4.3689320388349415,129
425,two_parent,2,False,2,96,-84.80582524271844,161
426,two_parent,2,False,2,96,-84.80582524271844,179
427,two_parent,2,False,3,210,91.82038834951459,44,213,134.66887417218535,165
428,two_parent,2,False,2,96,-84.80582524271844,154
429,two_parent,2,False,3,210,91.82038834951459,33,213,134.66887417218535,174
430,two_parent,2,False,2,96,-84.80582524271844,199
431,two_parent,2,False,2,96,-84.80582524271844,170
432,two_parent,2,False,2,96,-84.80582524271844,188
433,two_parent,2,False,2,210,91.82038834951459,74
434,two_parent,2,False,2,96,-84.80582524271844,149
435,two_parent,2,False,3,210,91.82038834951459,43,213,134.66887417218535,163
436,two_parent,2,False,2,186,-152.88834951456312,113
437,two_parent,2,False,2,96,-84.80582524271844,181
438,two_parent,2,False,2,96,-84.80582524271844,144
439,two_parent,2,False,2,96,-84.80582524271844,143
440,two_parent,2,False,2,96,-84.80582524271844,180
441,two_parent,2,False,2,144,4.3689320388349415,132
442,two_parent,2,False,3,210,91.82038834951459,45,213,134.66887417218535,167
443,two_parent,2,False,2,96,-84.80582524271844,192
444,two_parent,2,False,3,210,91.82038834951459,40,213,134.66887417218535,170
445,two_parent,2,False,2,144,4.3689320388349415,126
446,two_parent,2,False,2,198,17.378640776699,111
447,two_parent,2,False,2,228,-7.135922330097081,20
448,two_parent,2,False,2,144,4.3689320388349415,135
449,two_parent,2,False,2,210,91.82038834951459,55
450,two_parent,2,False,2,210,91.82038834951459,60
451,two_parent,2,False,2,96,-84.80582524271844,168
452,two_parent,2,False,2,96,-84.80582524271844,187
453,two_parent,2,False,3,363,289.6349110032364,2,963,1117.5006390497606,108
454,two_parent,2,False,2,96,-84.80582524271844,178
455,two_parent,2,False,2,210,91.82038834951459,68
456,two_parent,2,False,2,96,-84.80582524271844,141
457,two_parent,2,False,2,144,4.3689320388349415,122
458,two_parent,2,False,2,144,4.3689320388349415,121
459,two_parent,2,False,2,96,-84.80582524271844,156
460,two_parent,2,False,2,243,43.567961165048544,14
461,two_parent,2,False,2,96,-84.80582524271844,172
462,two_parent,2,False,2,210,91.82038834951459,65
463,two_parent,2,False,2,96,-84.80582524271844,148
464,two_parent,2,False,2,96,-84.80582524271844,189
465,two_parent,2,False,2,144,4.3689320388349415,119
466,two_parent,2,False,3,363,289.6349110032364,0,963,1117.5006390497606,121
467,two_parent,2,False,2,96,-84.80582524271844,146
468,two_parent,2,False,2,213,41.79611650485437,27
469,two_parent,2,False,2,210,91.82038834951459,63
470,two_parent,2,False,2,96,-84.80582524271844,147
471,two_parent,2,False,2,180,44.85436893203887,115
472,two_parent,2,False,2,96,-84.80582524271844,142
473,two_parent,2,False,2,96,-84.80582524271844,185
474,two_parent,2,False,2,204,49.150485436893206,108
475,two_parent,2,False,2,144,4.3689320388349415,124
476,two_parent,2,False,2,96,-84.80582524271844,171
477,two_parent,2,False,2,144,4.3689320388349415,118
478,two_parent,2,False,2,96,-84.80582524271844,157
479,two_parent,2,False,2,96,-84.80582524271844,155
480,two_parent,2,False,2,144,4.3689320388349415,136
481,two_parent,2,False,3,231,98.08252427184468,17,573,563.5273142971819,135
482,two_parent,2,False,3,210,91.82038834951459,35,213,134.66887417218535,166
483,two_parent,2,False,2,96,-84.80582524271844,193
484,two_parent,2,False,3,363,289.6349110032364,3,963,1117.5006390497606,35
485,two_parent,2,False,2,96,-84.80582524271844,164
486,two_parent,2,False,2,210,91.82038834951459,54
487,two_parent,2,False,3,210,91.82038834951459,32,213,134.66887417218535,175
488,two_parent,2,False,3,363,289.6349110032364,12,963,1117.5006390497606,100
489,two_parent,2,False,4,363,289.6349110032364,5,963,1117.5006390497606,16,1077,1286.0274544612294,96
490,two_parent,2,False,2,96,-84.80582524271844,163
491,two_parent,2,False,2,210,91.82038834951459,46
492,two_parent,2,False,2,210,91.82038834951459,72
493,two_parent,2,False,3,210,91.82038834951459,38,213,134.66887417218535,172
494,two_parent,2,False,2,96,-84.80582524271844,169
495,two_parent,2,False,2,96,-84.80582524271844,182
496,two_parent,2,False,2,96,-84.80582524271844,198
497,two_parent,2,False,2,210,91.82038834951459,58
498,two_parent,2,False,2,210,-12.37864077669903,84
499,two_parent,2,False,2,96,-84.80582524271844,162
500,two_parent,2,False,2,96,-84.80582524271844,159
501,two_parent,2,False,2,96,-84.80582524271844,167
502,two_parent,2,False,2,96,-84.80582524271844,194
503,two_parent,2,False,2,210,91.82038834951459,77
504,two_parent,2,False,3,240,160.3398058252428,15,279,228.8245033112583,145
505,two_parent,2,False,2,144,4.3689320388349415,120
506,two_parent,2,False,2,96,-84.80582524271844,138
507,two_parent,2,False,2,96,-84.80582524271844,160
508,two_parent,2,False,2,144,4.3689320388349415,134
509,two_parent,2,False,2,96,-84.80582524271844,140
510,two_parent,2,False,3,210,116.04368932038835,31,243,191.32450331125833,150
511,two_parent,2,False,2,210,91.82038834951459,61
512,two_parent,2,False,2,210,91.82038834951459,53
513,two_parent,2,False,2,207,0.5825242718446333,94
514,two_parent,2,False,2,210,91.82038834951459,69
515,two_parent,2,False,3,210,91.82038834951459,39,213,134.66887417218535,164
516,two_parent,2,False,2,144,4.3689320388349415,127
517,two_parent,2,False,2,96,-84.80582524271844,175
518,two_parent,2,False,2,222,-89.2718446601942,22
519,two_parent,2,False,2,207,8.155339805825236,93
520,two_parent,3,False,2,963,1117.5006390497606,50
521,two_parent,3,False,2,96,-57.450331125827816,194
522,two_parent,3,False,2,963,1117.5006390497606,119
523,two_parent,3,False,2,96,-57.450331125827816,196
524,two_parent,3,False,2,963,1117.5006390497606,48
525,two_parent,3,False,3,936,1125.2547016281865,130,1119,1432.3974744942416,14
526,two_parent,3,False,2,963,1117.5006390497606,66
527,two_parent,3,False,2,963,1117.5006390497606,38
528,two_parent,3,False,2,963,1117.5006390497606,77
529,two_parent,3,False,2,963,1117.5006390497606,107
530,two_parent,3,False,2,963,1117.5006390497606,81
531,two_parent,3,False,2,963,1117.5006390497606,53
532,two_parent,3,False,2,369,257.2874200854332,144
533,two_parent,3,False,2,963,1117.5006390497606,65
534,two_parent,3,False,2,963,1117.5006390497606,92
535,two_parent,3,False,2,267,186.72185430463583,148
536,two_parent,3,False,2,963,1117.5006390497606,69
537,two_parent,3,False,2,963,1117.5006390497606,96
538,two_parent,3,False,2,963,1117.5006390497606,39
539,two_parent,3,False,3,963,1117.5006390497606,2,1077,1286.0274544612294,80
540,two_parent,3,False,3,963,1117.5006390497606,26,1077,1286.0274544612294,81
541,two_parent,3,False,2,963,1117.5006390497606,33
542,two_parent,3,False,2,963,1117.5006390497606,34
543,two_parent,3,False,2,210,80.84437086092717,182
544,two_parent,3,False,3,963,1117.5006390497606,9,1077,1286.0274544612294,87
545,two_parent,3,False,3,963,1117.5006390497606,28,1077,1286.0274544612294,79
546,two_parent,3,False,2,963,1117.5006390497606,126
547,two_parent,3,False,2,963,1117.5006390497606,111
548,two_parent,3,False,2,963,1117.5006390497606,93
549,two_parent,3,False,3,963,1163.7575293473474,1,1101,1365.973464983678,40
550,two_parent,3,False,2,963,1117.5006390497606,97
551,two_parent,3,False,2,963,1117.5006390497606,54
552,two_parent,3,False,2,219,97.63245033112585,157
553,two_parent,3,False,2,963,1117.5006390497606,44
554,two_parent,3,False,3,963,1117.5006390497606,21,1077,1286.0274544612294,82
555,two_parent,3,False,2,963,1117.5006390497606,36
556,two_parent,3,False,2,216,17.08609271523177,160
557,two_parent,3,False,4,927,1143.5968426894037,131,1101,1465.7110419323649,37,216,117.39130434782604,128
558,two_parent,3,False,2,246,124.8013245033112,149
559,two_parent,3,False,4,939,1176.5092026373436,128,1104,1466.1024379888192,25,222,112.3913043478261,111
560,two_parent,3,False,2,963,1117.5006390497606,63
561,two_parent,3,False,2,963,1117.5006390497606,73
562,two_parent,3,False,2,96,-57.450331125827816,195
563,two_parent,3,False,2,963,1117.5006390497606,68
564,two_parent,3,False,2,963,1117.5006390497606,116
565,two_parent,3,False,3,963,1117.5006390497606,4,1077,1286.0274544612294,99
566,two_parent,3,False,2,963,1117.5006390497606,78
567,two_parent,3,False,2,240,175.8112582781457,153
568,two_parent,3,False,2,144,31.58940397350993,192
569,two_parent,3,False,2,963,1117.5006390497606,104
570,two_parent,3,False,3,963,1117.5006390497606,15,1077,1286.0274544612294,94
571,two_parent,3,False,2,207,35.51324503311258,183
572,two_parent,3,False,2,270,186.15894039735102,147
573,two_parent,3,False,3,963,1117.5006390497606,11,1077,1286.0274544612294,78
574,two_parent,3,False,2,963,1117.5006390497606,124
575,two_parent,3,False,2,963,1117.5006390497606,112
576,two_parent,3,False,2,963,1117.5006390497606,72
577,two_parent,3,False,3,963,1117.5006390497606,22,1077,1286.0274544612294,84
578,two_parent,3,False,2,963,1117.5006390497606,64
579,two_parent,3,False,3,963,1117.5006390497606,20,1077,1286.0274544612294,101
580,two_parent,3,False,2,963,1117.5006390497606,115
581,two_parent,3,False,3,963,1117.5006390497606,32,1077,1286.0274544612294,88
582,two_parent,3,False,2,963,1117.5006390497606,47
583,two_parent,3,False,2,963,1117.5006390497606,103
584,two_parent,3,False,2,210,126.53973509933778,179
585,two_parent,3,False,3,963,1117.5006390497606,18,1077,1286.0274544612294,90
586,two_parent,3,False,2,222,70.74503311258276,155
587,two_parent,3,False,2,963,1117.5006390497606,82
588,two_parent,3,False,3,963,1117.5006390497606,29,1077,1286.0274544612294,83
589,two_parent,3,False,2,495,413.93115162982707,140
590,two_parent,3,False,2,207,-48.228476821192054,185
591,two_parent,3,False,2,963,1117.5006390497606,122
592,two_parent,3,False,2,207,21.059602649006635,184
593,two_parent,3,False,2,216,90.59602649006624,159
594,two_parent,3,False,2,213,150.56291390728478,161
595,two_parent,3,False,2,963,1117.5006390497606,87
596,two_parent,3,False,2,963,1117.5006390497606,105
597,two_parent,3,False,2,963,1117.5006390497606,102
598,two_parent,3,False,2,963,1117.5006390497606,45
599,two_parent,3,False,2,372,291.27934978928346,142
600,two_parent,3,False,2,963,1117.5006390497606,70
601,two_parent,3,False,2,372,228.85417562569887,143
602,two_parent,3,False,2,210,135.48013245033118,178
603,two_parent,3,False,2,204,-27.996688741721854,187
604,two_parent,3,False,2,927,1079.7141411513992,134
605,two_parent,3,False,2,963,1117.5006390497606,125
606,two_parent,3,False,2,963,1117.5006390497606,109
607,two_parent,3,False,2,963,1117.5006390497606,84
608,two_parent,3,False,3,963,1117.5006390497606,31,1077,1286.0274544612294,93
609,two_parent,3,False,3,963,1117.5006390497606,7,1077,1286.0274544612294,95
610,two_parent,3,False,3,936,1165.087910087634,129,1074,1370.3268825074504,128
611,two_parent,3,False,2,144,31.58940397350993,189
612,two_parent,3,False,2,963,1117.5006390497606,120
613,two_parent,3,False,3,963,1117.5006390497606,14,1077,1286.0274544612294,98
614,two_parent,3,False,2,963,1117.5006390497606,89
615,two_parent,3,False,2,963,1117.5006390497606,43
616,two_parent,3,False,2,492,400.329083168487,141
617,two_parent,3,False,2,963,1117.5006390497606,74
618,two_parent,3,False,2,963,1117.5006390497606,117
619,two_parent,3,False,3,963,1117.5006390497606,23,1077,1286.0274544612294,86
620,two_parent,3,False,3,963,1117.5006390497606,8,1077,1286.0274544612294,92
621,two_parent,3,False,2,963,1117.5006390497606,83
622,two_parent,3,False,2,963,1117.5006390497606,86
623,two_parent,3,False,2,963,1117.5006390497606,88
624,two_parent,3,False,2,963,1117.5006390497606,67
625,two_parent,3,False,2,963,1117.5006390497606,60
626,two_parent,3,False,2,963,1117.5006390497606,114
627,two_parent,3,False,3,963,1117.5006390497606,13,1077,1286.0274544612294,105
628,two_parent,3,False,2,963,1117.5006390497606,57
629,two_parent,3,False,2,510,541.746115363665,138
630,two_parent,3,False,2,963,1117.5006390497606,80
631,two_parent,3,False,2,513,517.0147071471574,137
632,two_parent,3,False,2,963,1117.5006390497606,41
633,two_parent,3,False,2,210,89.48675496688739,181
634,two_parent,3,False,2,963,1117.5006390497606,113
635,two_parent,3,False,3,963,1117.5006390497606,27,1077,1286.0274544612294,97
636,two_parent,3,False,2,963,1117.5006390497606,37
637,two_parent,3,False,2,96,-57.450331125827816,198
638,two_parent,3,False,3,963,1117.5006390497606,6,1077,1286.0274544612294,103
639,two_parent,3,False,2,963,1117.5006390497606,62
640,two_parent,3,False,2,963,1117.5006390497606,79
641,two_parent,3,False,3,963,1117.5006390497606,30,1077,1286.0274544612294,102
642,two_parent,3,False,4,927,1143.2885744056964,132,1089,1471.0367707867113,49,207,67.89130434782611,163
643,two_parent,3,False,3,963,1117.5006390497606,25,1077,1286.0274544612294,100
644,two_parent,3,False,2,963,1117.5006390497606,106
645,two_parent,3,False,2,963,1117.5006390497606,61
646,two_parent,3,False,2,963,1117.5006390497606,91
647,two_parent,3,False,2,963,1117.5006390497606,52
648,two_parent,3,False,2,96,-57.450331125827816,199
649,two_parent,3,False,2,171,46.78807947019867,188
650,two_parent,3,False,3,963,1117.5006390497606,3,1077,1286.0274544612294,89
651,two_parent,3,False,2,963,1117.5006390497606,51
652,two_parent,3,False,2,963,1117.5006390497606,123
653,two_parent,3,False,3,963,1117.5006390497606,12,1077,1286.0274544612294,104
654,two_parent,3,False,2,963,1117.5006390497606,49
655,two_parent,3,False,3,954,1168.0509272686795,127,1116,1413.4718790261086,21
656,two_parent,3,False,3,963,1117.5006390497606,19,1077,1286.0274544612294,76
657,two_parent,3,False,2,963,1117.5006390497606,42
658,two_parent,3,False,2,213,61.85430463576155,176
659,two_parent,3,False,2,963,1117.5006390497606,58
660,two_parent,3,False,2,963,1117.5006390497606,55
661,two_parent,3,False,2,963,1117.5006390497606,85
662,two_parent,3,False,2,144,31.58940397350993,193
663,two_parent,3,False,2,963,1117.5006390497606,75
664,two_parent,3,False,2,210,91.73841059602648,180
665,two_parent,3,False,2,204,-0.7284768211920465,186
666,two_parent,3,False,2,501,449.9778532725551,139
667,two_parent,3,False,2,963,1117.5006390497606,99
668,two_parent,3,False,2,963,1117.5006390497606,110
669,two_parent,3,False,2,144,31.58940397350993,190
670,two_parent,3,False,2,963,1117.5006390497606,94
671,two_parent,3,False,2,144,31.58940397350993,191
672,two_parent,3,False,3,963,1117.5006390497606,17,1077,1286.0274544612294,85
673,two_parent,3,False,2,963,1117.5006390497606,76
674,two_parent,3,False,3,963,1117.5006390497606,24,1077,1286.0274544612294,106
675,two_parent,3,False,2,963,1117.5006390497606,95
676,two_parent,3,False,2,963,1117.5006390497606,90
677,two_parent,3,False,2,963,1117.5006390497606,71
678,two_parent,3,False,3,966,1156.7018497455574,0,1077,1292.491308130592,74
679,two_parent,3,False,2,96,-57.450331125827816,197
680,two_parent,4,False,4,1821,2096.8597142583353,5,1077,1184.6756533876182,44,234,138.9181286549709,163
681,two_parent,4,False,2,1074,1422.9795993483333,121
682,two_parent,4,False,2,1119,1321.7021703939506,18
683,two_parent,4,False,3,1074,1449.536323876895,117,231,151.13043478260872,98
684,two_parent,4,False,2,1074,1324.6853504424475,133
685,two_parent,4,False,2,1128,1252.193094490547,10
686,two_parent,4,False,2,1080,1330.6657385276203,55
687,two_parent,4,False,2,96,-24.25581395348837,199
688,two_parent,4,False,2,1071,1409.7172518052175,147
689,two_parent,4,False,2,1098,1345.9336547349562,45
690,two_parent,4,False,2,210,129.27906976744185,175
691,two_parent,4,False,2,1074,1324.6853504424475,132
692,two_parent,4,False,3,1104,1466.1024379888192,27,222,112.3913043478261,107
693,two_parent,4,False,2,1104,1324.7175858802002,35
694,two_parent,4,False,2,1080,1323.953688777899,56
695,two_parent,4,False,2,1074,1324.4321133175022,134
696,two_parent,4,False,2,1074,1427.1382063556755,120
697,two_parent,4,False,2,1071,1267.4714875346285,155
698,two_parent,4,False,2,1074,1414.5723212030323,122
699,two_parent,4,False,2,1074,1388.3178628750704,123
700,two_parent,4,False,2,1092,1436.548911763131,47
701,two_parent,4,False,2,1077,1345.348181741189,70
702,two_parent,4,False,2,1098,1418.4741547198648,42
703,two_parent,4,False,2,243,195.70930232558132,168
704,two_parent,4,False,2,255,193.70930232558138,165
705,two_parent,4,False,3,4707,6142.581509314923,0,216,130.30434782608697,125
706,two_parent,4,False,2,96,-24.25581395348837,194
707,two_parent,4,False,4,1833,2026.0443670551974,3,1098,1158.2871366296176,38,240,157.63157894736835,161
708,two_parent,4,False,2,1098,1408.7464683389233,43
709,two_parent,4,False,3,1104,1466.1024379888192,28,222,112.3913043478261,104
710,two_parent,4,False,2,1077,1056.993521746175,109
711,two_parent,4,False,2,1122,1244.5204208931611,12
712,two_parent,4,False,2,144,44.116279069767444,186
713,two_parent,4,False,2,252,138.83720930232565,166
714,two_parent,4,False,2,1077,1427.0410954959957,59
715,two_parent,4,False,2,495,398.52282657509596,163
716,two_parent,4,False,2,1068,1408.8404893505328,157
717,two_parent,4,False,2,1074,1330.6201665202361,131
718,two_parent,4,False,2,1074,1378.0936378757224,125
719,two_parent,4,False,2,156,49.90697674418604,180
720,two_parent,4,False,3,1074,1441.9798066485996,118,249,186.47826086956513,73
721,two_parent,4,False,2,207,88.58139534883722,176
722,two_parent,4,False,2,1074,1286.9159412486415,138
723,two_parent,4,False,2,144,44.116279069767444,187
724,two_parent,4,False,3,1074,1459.6968805127308,114,213,62.6304347826087,141
725,two_parent,4,False,2,1101,1418.8769305498668,38
726,two_parent,4,False,2,144,44.116279069767444,182
727,two_parent,4,False,2,243,200.6976744186047,167
728,two_parent,4,False,3,1104,1456.9115272254394,32,231,162.93478260869563,89
729,two_parent,4,False,2,1071,1395.3551477951592,149
730,two_parent,4,False,2,159,73.46511627906979,179
731,two_parent,4,False,3,1074,1457.1721245964693,115,210,123.43478260869563,144
732,two_parent,4,False,3,1104,1466.1024379888192,31,222,112.3913043478261,110
733,two_parent,4,False,3,1074,1454.6148099273955,116,207,82.69565217391309,159
734,two_parent,4,False,2,1077,1380.7764121002376,64
735,two_parent,4,False,3,1071,1458.0583315286506,144,204,50.69565217391303,175
736,two_parent,4,False,2,96,-24.25581395348837,190
737,two_parent,4,False,3,1071,1487.9962171611041,142,216,117.39130434782604,132
738,two_parent,4,False,2,222,112.41860465116278,171
739,two_parent,4,False,3,1077,1459.9272640166214,58,210,115.02173913043478,146
740,two_parent,4,False,2,1119,1425.5493664998455,15
741,two_parent,4,False,2,183,79.17441860465118,178
742,two_parent,4,False,2,1116,1351.6974755179597,22
743,two_parent,4,False,2,1068,1334.901073661951,160
744,two_parent,4,False,2,1068,1339.5803580820893,159
745,two_parent,4,False,2,1107,1338.2631874734568,23
746,two_parent,4,False,3,1077,1483.1433834835113,57,231,93.73913043478257,100
747,two_parent,4,False,2,234,111.10465116279073,169
748,two_parent,4,False,2,1077,1292.491308130592,75
749,two_parent,4,False,2,1104,1339.1997182849102,33
750,two_parent,4,False,2,1074,1386.4995329596645,124
751,two_parent,4,False,2,1077,1313.3151927378156,73
752,two_parent,4,False,2,1077,1425.2889345791507,60
753,two_parent,4,False,2,1077,1348.8220294898379,69
754,two_parent,4,False,4,3675,4451.905873618915,1,1119,1256.197655604902,27,366,256.33360102133275,149
755,two_parent,4,False,3,3018,4100.741011278784,2,231,158.4347826086957,94
756,two_parent,4,False,2,1116,1413.4718790261086,20
757,two_parent,4,False,2,1077,1266.3339257895202,108
758,two_parent,4,False,2,1071,1312.4497045379192,154
759,two_parent,4,False,2,1092,1350.001190510864,48
760,two_parent,4,False,2,96,-24.25581395348837,193
761,two_parent,4,False,2,1077,1266.9365403152829,107
762,two_parent,4,False,2,1080,1411.0868139324293,53
763,two_parent,4,False,2,1074,1280.4302383004217,139
764,two_parent,4,False,2,1074,1370.3268825074504,127
765,two_parent,4,False,2,1104,1336.5132891932253,34
766,two_parent,4,False,2,1119,1433.0821734891013,13
767,two_parent,4,False,2,1071,1340.6599650839944,152
768,two_parent,4,False,3,1101,1497.8558063129728,36,243,141.45652173913044,81
769,two_parent,4,False,2,1122,1410.993080989668,11
770,two_parent,4,False,2,1095,1101.0844135709829,46
771,two_parent,4,False,2,1077,1390.8906734557747,63
772,two_parent,4,False,2,144,44.116279069767444,185
773,two_parent,4,False,3,1104,1466.1024379888192,29,222,112.3913043478261,106
774,two_parent,4,False,3,1788,1908.7524368439686,9,849,820.137919625131,52
775,two_parent,4,False,2,492,401.8951460032409,164
776,two_parent,4,False,2,96,-24.25581395348837,191
777,two_parent,4,False,3,1104,1466.1024379888192,24,222,112.3913043478261,108
778,two_parent,4,False,2,96,-24.25581395348837,197
779,two_parent,4,False,3,1068,1470.1047948766989,156,213,71.82608695652175,140
780,two_parent,4,False,2,495,519.6769315955358,162
781,two_parent,4,False,2,225,185.1976744186046,170
782,two_parent,4,False,3,1071,1442.9842969922151,145,231,158.7608695652174,92
783,two_parent,4,False,2,1077,1420.5162160586917,61
784,two_parent,4,False,2,1119,1421.6545800326019,16
785,two_parent,4,False,2,1074,1433.3035094871886,119
786,two_parent,4,False,2,96,-24.25581395348837,196
787,two_parent,4,False,2,96,-24.25581395348837,189
788,two_parent,4,False,3,1104,1466.1024379888192,30,222,112.3913043478261,109
789,two_parent,4,False,2,1071,1381.594191613778,150
790,two_parent,4,False,3,1071,1470.2417656947562,143,210,77.78260869565216,147
791,two_parent,4,False,2,210,132.52325581395348,174
792,two_parent,4,False,2,1089,1412.3001171138415,50
793,two_parent,4,False,3,1788,1911.7800838438684,8,849,820.137919625131,53
794,two_parent,4,False,3,1821,2027.2975113091627,6,1098,1131.1980415214605,39
795,two_parent,4,False,3,1074,1482.8607323866906,110,207,105.26086956521743,156
796,two_parent,4,False,2,1068,1400.0050121791703,158
797,two_parent,4,False,3,1104,1466.1024379888192,26,222,112.3913043478261,105
798,two_parent,4,False,2,207,83.32558139534885,177
799,two_parent,4,False,2,213,111.61627906976744,172
800,two_parent,4,False,2,1098,1371.2820449304736,44
801,two_parent,4,False,3,1074,1469.180827088964,112,213,62.6304347826087,142
802,two_parent,4,False,2,1071,1360.579597467941,151
803,two_parent,4,False,2,1077,1414.9723471554148,62
804,two_parent,4,False,2,96,-24.25581395348837,198
805,two_parent,4,False,2,150,47.04651162790698,181
806,two_parent,4,False,2,1077,1359.7543450645194,66
807,two_parent,4,False,2,1101,1374.4376558295305,39
808,two_parent,4,False,2,96,-24.25581395348837,188
809,two_parent,4,False,2,1077,1349.013516749132,67
810,two_parent,4,False,2,1077,1318.6482539952906,72
811,two_parent,4,False,2,1074,1256.0198858732451,141
812,two_parent,4,False,3,1794,1948.556886027252,7,1071,1089.3712721821705,49
813,two_parent,4,False,2,1116,1413.4718790261086,19
814,two_parent,4,False,3,1074,1475.933918480973,111,207,105.26086956521743,155
815,two_parent,4,False,2,1077,1329.2094207471082,71
816,two_parent,4,False,2,1074,1306.7508865487098,137
817,two_parent,4,False,3,1074,1468.8568434799383,113,210,123.43478260869563,145
818,two_parent,4,False,4,1821,2179.530559913247,4,1098,1228.4114321593524,37,2127,2474.3314154347827,124
819,two_parent,4,False,2,96,-24.25581395348837,195
820,two_parent,4,False,2,1080,1379.794716959525,54
821,two_parent,4,False,2,1077,1378.6844840525175,65
822,two_parent,4,False,3,1080,1536.8648381667863,52,216,124.2391304347826,127
823,two_parent,4,False,2,1119,1380.8782350634708,17
824,two_parent,4,False,2,1077,1348.948181741189,68
825,two_parent,4,False,2,543,483.3110703926917,161
826,two_parent,4,False,2,96,-24.25581395348837,192
827,two_parent,4,False,2,1074,1308.347692102756,136
828,two_parent,4,False,3,1083,1445.6972007523505,51,231,93.73913043478257,101
829,two_parent,4,False,2,144,44.116279069767444,184
830,two_parent,4,False,2,1071,1401.5092524019815,148
831,two_parent,4,False,2,210,145.18604651162792,173
832,two_parent,4,False,2,1074,1348.876963758735,129
833,two_parent,4,False,2,1071,1436.8095881203606,146
834,two_parent,4,False,2,1074,1334.7752179707143,130
835,two_parent,4,False,2,144,44.116279069767444,183
836,two_parent,4,False,2,1074,1264.6641269156894,140
837,two_parent,4,False,2,1071,1316.6101569146533,153
838,two_parent,4,False,2,1101,1365.973464983678,41
839,two_parent,4,False,2,1074,1324.4321133175022,135
840,two_parent,5,False,2,144,11.608695652173907,188
841,two_parent,5,False,2,249,178.7826086956521,76
842,two_parent,5,False,2,204,-98.52173913043478,180
843,two_parent,5,False,2,849,820.137919625131,54
844,two_parent,5,False,2,96,-86.3913043478261,194
845,two_parent,5,False,2,231,158.4347826086957,96
846,two_parent,5,False,3,1110,1189.4046676910402,30,210,102.92397660818716,173
847,two_parent,5,False,2,210,34.34782608695653,149
848,two_parent,5,False,3,3111,3637.9054438945177,2,2973,3469.6305034873963,115
849,two_parent,5,False,2,204,79.39130434782612,174
850,two_parent,5,False,2,243,135.52173913043475,82
851,two_parent,5,False,2,216,130.30434782608697,119
852,two_parent,5,False,2,210,-120.15217391304347,153
853,two_parent,5,False,2,216,117.39130434782604,130
854,two_parent,5,False,2,213,134.43478260869566,137
855,two_parent,5,False,3,1119,1269.0851744728648,24,366,256.33360102133275,150
856,two_parent,5,False,3,1119,1295.898502743847,21,2997,3611.3700026743636,107
857,two_parent,5,False,2,210,-80.89130434782608,151
858,two_parent,5,False,2,144,11.608695652173907,185
859,two_parent,5,False,2,144,11.608695652173907,184
860,two_parent,5,False,3,1098,1228.4114321593524,35,2127,2474.3314154347827,123
861,two_parent,5,False,2,96,-86.3913043478261,191
862,two_parent,5,False,3,3099,3814.9193565637743,5,2127,2607.832266557682,121
863,two_parent,5,False,2,687,619.2215686274515,57
864,two_parent,5,False,3,3087,3688.9690381309874,10,2988,3549.572141485257,113
865,two_parent,5,False,2,216,92.80434782608702,133
866,two_parent,5,False,3,2721,3295.823602656624,13,423,372.2503294621532,141
867,two_parent,5,False,3,1128,1196.3869219749267,17,240,157.63157894736835,162
868,two_parent,5,False,2,231,164.56521739130437,87
869,two_parent,5,False,2,231,158.7608695652174,91
870,two_parent,5,False,3,2661,3072.9291658503776,15,2991,3437.0983604950075,112
871,two_parent,5,False,2,213,134.95652173913038,136
872,two_parent,5,False,2,675,625.9252983802214,59
873,two_parent,5,False,2,270,183.6521739130435,68
874,two_parent,5,False,2,213,92.04347826086956,139
875,two_parent,5,False,2,279,234.91304347826087,66
876,two_parent,5,False,2,210,69.95652173913045,148
877,two_parent,5,False,2,207,-115.50000000000001,173
878,two_parent,5,False,2,1071,1102.7504023943816,48
879,two_parent,5,False,2,144,11.608695652173907,187
880,two_parent,5,False,2,246,179.91304347826085,80
881,two_parent,5,False,2,204,8.565217391304351,178
882,two_parent,5,False,2,216,135.5217391304348,116
883,two_parent,5,False,2,1074,1046.1515348516443,46
884,two_parent,5,False,2,1128,1135.9215955383843,19
885,two_parent,5,False,2,669,604.772953964194,60
886,two_parent,5,False,3,2670,3246.8737669245766,14,2127,2524.8865472252996,122
887,two_parent,5,False,2,255,195.50000000000003,72
888,two_parent,5,False,2,1068,1096.991141756224,51
889,two_parent,5,False,2,249,165.2173913043478,79
890,two_parent,5,False,2,270,179.28260869565224,69
891,two_parent,5,False,2,276,216.2173913043478,67
892,two_parent,5,False,2,231,151.13043478260872,99
893,two_parent,5,False,2,213,134.43478260869566,138
894,two_parent,5,False,2,96,-86.3913043478261,190
895,two_parent,5,False,2,645,580.1269394714408,62
896,two_parent,5,False,3,3093,3981.8971884178786,8,6405,8354.474925922997,44
897,two_parent,5,False,2,207,105.26086956521743,157
898,two_parent,5,False,3,1116,1250.3738612630862,29,2130,2466.4560156703883,120
899,two_parent,5,False,2,207,31.760869565217376,167
900,two_parent,5,False,2,216,117.39130434782604,131
901,two_parent,5,False,2,207,-2.3478260869565304,169
902,two_parent,5,False,3,3096,3784.7225270924464,6,3102,3810.4263314272275,92
903,two_parent,5,False,3,1107,1178.8883961034767,33,219,100.46783625731004,169
904,two_parent,5,False,2,207,-86.8695652173913,171
905,two_parent,5,False,3,3090,3712.8801840369256,9,3015,3634.304034315631,103
906,two_parent,5,False,2,1077,1038.9146875627996,45
907,two_parent,5,False,2,552,462.01323529411775,64
908,two_parent,5,False,2,207,91.30434782608697,158
909,two_parent,5,False,2,231,158.4347826086957,95
910,two_parent,5,False,2,216,130.30434782608697,123
911,two_parent,5,False,3,1107,1196.0660754171458,32,231,112.63157894736847,165
912,two_parent,5,False,2,216,130.30434782608697,122
913,two_parent,5,False,2,96,-86.3913043478261,199
914,two_parent,5,False,2,207,-87.78260869565216,172
915,two_parent,5,False,2,657,600.6655370843986,61
916,two_parent,5,False,2,1071,1088.926277544559,50
917,two_parent,5,False,2,228,126.04347826086956,102
918,two_parent,5,False,2,207,78.39130434782612,161
919,two_parent,5,False,2,216,92.80434782608702,135
920,two_parent,5,False,2,168,20.826086956521735,182
921,two_parent,5,False,3,1098,1228.4114321593524,36,2127,2474.3314154347827,125
922,two_parent,5,False,2,216,130.30434782608697,121
923,two_parent,5,False,2,204,-1.9347826086956488,179
924,two_parent,5,False,2,207,80.60869565217394,160
925,two_parent,5,False,2,225,81.65217391304347,103
926,two_parent,5,False,2,96,-86.3913043478261,193
927,two_parent,5,False,2,144,11.608695652173907,189
928,two_parent,5,False,2,96,-86.3913043478261,195
929,two_parent,5,False,3,1107,1196.0660754171458,31,225,113.69883040935676,166
930,two_parent,5,False,3,3084,3864.3669035591925,11,3084,3827.146626611302,95
931,two_parent,5,False,3,1089,1167.2320989970651,41,267,179.16666666666674,157
932,two_parent,5,False,2,204,23.10869565217392,177
933,two_parent,5,False,2,96,-86.3913043478261,192
934,two_parent,5,False,2,219,104.13043478260872,115
935,two_parent,5,False,2,1089,1086.4388520936284,42
936,two_parent,5,False,3,1122,1269.158438650658,20,423,371.0813565604151,143
937,two_parent,5,False,2,207,-18.26086956521739,170
938,two_parent,5,False,2,222,90.60869565217388,113
939,two_parent,5,False,2,1074,1027.2135104430354,47
940,two_parent,5,False,2,213,11.043478260869563,143
941,two_parent,5,False,3,1128,1160.307616342497,18,270,219.44444444444446,156
942,two_parent,5,False,2,234,96.78260869565221,86
943,two_parent,5,False,2,216,130.30434782608697,118
944,two_parent,5,False,2,207,36.78260869565217,166
945,two_parent,5,False,2,222,100.52173913043478,112
946,two_parent,5,False,3,3099,3860.2364866785297,4,3111,3855.954770892824,86
947,two_parent,5,False,2,216,130.30434782608697,120
948,two_parent,5,False,2,231,164.56521739130437,88
949,two_parent,5,False,2,204,24.60869565217392,176
950,two_parent,5,False,4,3147,4123.174922146423,0,6408,8603.807910013762,25,567,630.5495705705742,101
951,two_parent,5,False,2,159,20.826086956521735,183
952,two_parent,5,False,3,3108,3745.3551910797146,3,2085,2524.847462584231,127
953,two_parent,5,False,3,3135,3958.9758502876734,1,3300,4138.453885319171,66
954,two_parent,5,False,2,216,130.30434782608697,124
955,two_parent,5,False,3,1119,1256.197655604902,28,366,256.33360102133275,151
956,two_parent,5,False,2,270,178.1739130434782,71
957,two_parent,5,False,2,207,78.39130434782612,162
958,two_parent,5,False,2,240,161.43478260869563,84
959,two_parent,5,False,3,3084,3760.4132362004207,12,2994,3669.1446539813846,109
960,two_parent,5,False,2,249,172.52173913043472,77
961,two_parent,5,False,2,216,130.30434782608697,126
962,two_parent,5,False,2,222,90.60869565217388,114
963,two_parent,5,False,3,1119,1274.2892416063914,23,2109,2483.357260576631,126
964,two_parent,5,False,2,270,179.28260869565224,70
965,two_parent,5,False,3,3093,3993.058096405554,7,3300,4231.390216407989,60
966,two_parent,5,False,2,702,675.1602799090646,56
967,two_parent,5,False,2,207,-2.3478260869565304,168
968,two_parent,5,False,2,231,158.7608695652174,90
969,two_parent,5,False,3,1119,1281.3144328763744,22,423,372.2503294621532,142
970,two_parent,5,False,2,240,158.23913043478262,85
971,two_parent,5,False,3,1134,1293.817504829131,16,2130,2484.515984843873,119
972,two_parent,5,False,2,210,-193.76086956521738,154
973,two_parent,5,False,2,1089,1066.3568435170312,43
974,two_parent,5,False,2,96,-86.3913043478261,197
975,two_parent,5,False,2,231,158.4347826086957,97
976,two_parent,5,False,3,1092,1190.0643570791428,40,240,157.63157894736835,160
977,two_parent,5,False,2,249,171.4782608695652,78
978,two_parent,5,False,2,210,24.76086956521739,150
979,two_parent,5,False,2,243,92.02173913043475,83
980,two_parent,5,False,2,144,11.608695652173907,186
981,two_parent,5,False,3,1119,1256.197655604902,26,366,256.33360102133275,152
982,two_parent,5,False,2,96,-86.3913043478261,196
983,two_parent,5,False,2,681,614.1513853367434,58
984,two_parent,5,False,3,1119,1268.4068886652149,25,225,113.69883040935676,167
985,two_parent,5,False,2,210,-100.84782608695652,152
986,two_parent,5,False,2,207,64.43478260869566,164
987,two_parent,5,False,2,705,681.2794117647055,55
988,two_parent,5,False,2,537,430.2415601023015,65
989,two_parent,5,False,2,216,130.30434782608697,117
990,two_parent,5,False,2,249,182.89130434782606,74
991,two_parent,5,False,2,1101,1106.0634547957093,34
992,two_parent,5,False,2,249,182.89130434782606,75
993,two_parent,5,False,2,216,117.39130434782604,129
994,two_parent,5,False,2,180,27.456521739130437,181
995,two_parent,5,False,2,207,44.54347826086958,165
996,two_parent,5,False,2,216,92.80434782608702,134
997,two_parent,5,False,2,96,-86.3913043478261,198
998,two_parent,5,False,2,645,570.2173486786021,63
999,two_parent,5,False,2,231,158.4347826086957,93
1000,two_parent,6,False,2,6405,8354.474925922997,42
1001,two_parent,6,False,2,3150,3998.7577869856136,80
1002,two_parent,6,False,3,6414,8763.193651185826,17,558,631.0764002156689,106
1003,two_parent,6,False,2,5148,7518.477115204114,52
1004,two_parent,6,False,2,96,-12.368421052631568,190
1005,two_parent,6,False,2,96,-12.368421052631568,198
1006,two_parent,6,False,2,378,396.30343464294555,147
1007,two_parent,6,False,2,3012,3737.9913629961984,104
1008,two_parent,6,False,2,3006,3969.7546983525376,106
1009,two_parent,6,False,2,6396,8331.850486561403,51
1010,two_parent,6,False,2,3297,4211.317936164206,70
1011,two_parent,6,False,2,360,341.34842681821954,153
1012,two_parent,6,False,3,6408,8603.807910013762,23,567,630.5495705705742,99
1013,two_parent,6,False,2,3300,4231.390216407989,61
1014,two_parent,6,False,2,3111,3814.22060132188,87
1015,two_parent,6,False,3,6453,8693.598484460399,3,558,551.1176290103982,108
1016,two_parent,6,False,3,6411,8683.673233131192,20,786,968.1869362276075,75
1017,two_parent,6,False,2,207,-10.467836257309948,177
1018,two_parent,6,False,3,6408,8603.807910013762,26,567,630.5495705705742,94
1019,two_parent,6,False,3,6408,8603.807910013762,27,567,630.5495705705742,103
1020,two_parent,6,False,3,6423,8864.529588742611,11,786,972.1539941607567,66
1021,two_parent,6,False,3,6558,9294.491829102904,1,786,987.1317967524226,54
1022,two_parent,6,False,3,6411,8719.639759895632,19,567,639.074625852099,88
1023,two_parent,6,False,2,96,-12.368421052631568,193
1024,two_parent,6,False,2,378,435.78792933036834,146
1025,two_parent,6,False,2,4542,6385.373512796131,55
1026,two_parent,6,False,2,3300,4231.390216407989,57
1027,two_parent,6,False,2,144,4.356725146198826,182
1028,two_parent,6,False,2,6405,8354.474925922997,41
1029,two_parent,6,False,2,3108,4132.228279549679,88
1030,two_parent,6,False,3,6426,8654.243068759268,8,798,954.8766592599882,19
1031,two_parent,6,False,3,6447,8602.735324796653,4,555,538.1140993635395,113
1032,two_parent,6,False,2,3300,4231.390216407989,56
1033,two_parent,6,False,2,4548,6680.243451120504,54
1034,two_parent,6,False,2,96,-12.368421052631568,186
1035,two_parent,6,False,2,528,635.1620638487356,131
1036,two_parent,6,False,3,6408,8450.452616006562,34,531,560.6864592783712,121
1037,two_parent,6,False,2,501,618.9716260372912,134
1038,two_parent,6,False,2,3300,4231.390216407989,64
1039,two_parent,6,False,2,2994,3702.361718370212,108
1040,two_parent,6,False,2,501,610.3514691952889,136
1041,two_parent,6,False,2,387,429.62822255168464,144
1042,two_parent,6,False,2,426,393.73136479696905,140
1043,two_parent,6,False,3,6423,8587.851612901393,12,504,515.9004200123833,145
1044,two_parent,6,False,2,3108,3591.18489863041,91
1045,two_parent,6,False,2,3300,4138.453885319171,67
1046,two_parent,6,False,2,207,62.865497076023416,175
1047,two_parent,6,False,2,3009,3812.1034899031297,105
1048,two_parent,6,False,2,3300,4231.390216407989,59
1049,two_parent,6,False,2,3294,4120.014541376896,72
1050,two_parent,6,False,3,6408,8603.807910013762,24,567,630.5495705705742,89
1051,two_parent,6,False,3,6408,8603.807910013762,28,567,630.5495705705742,92
1052,two_parent,6,False,2,3084,3792.4142062958895,97
1053,two_parent,6,False,2,279,225.65789473684208,154
1054,two_parent,6,False,2,2961,4207.858223073089,117
1055,two_parent,6,False,2,96,-12.368421052631568,189
1056,two_parent,6,False,2,213,151.31578947368422,171
1057,two_parent,6,False,4,6429,8447.389591150695,6,1236,1485.0864910039743,3,2379,3132.798778179971,141
1058,two_parent,6,False,2,249,173.20175438596493,159
1059,two_parent,6,False,2,3162,4031.9258822790885,74
1060,two_parent,6,False,2,3159,4103.039474346125,76
1061,two_parent,6,False,2,2994,3648.4258634371995,110
1062,two_parent,6,False,3,6420,8770.771637873,14,558,620.0546408988496,107
1063,two_parent,6,False,2,6405,8354.474925922997,46
1064,two_parent,6,False,2,96,-12.368421052631568,194
1065,two_parent,6,False,2,6426,8182.034631400375,9
1066,two_parent,6,False,2,3294,4229.474391231771,71
1067,two_parent,6,False,2,495,583.6603341724326,139
1068,two_parent,6,False,2,531,644.7042449782762,130
1069,two_parent,6,False,2,213,127.80701754385964,172
1070,two_parent,6,False,2,207,-7.222222222222236,176
1071,two_parent,6,False,2,3021,3793.5431555930054,100
1072,two_parent,6,False,2,3018,3582.7764510454394,101
1073,two_parent,6,False,2,6405,8354.474925922997,43
1074,two_parent,6,False,2,6405,8354.474925922997,45
1075,two_parent,6,False,4,6396,8526.012472896042,49,5568,7410.165232548221,1,4680,6208.968660057907,11
1076,two_parent,6,False,2,3156,4181.261986384988,77
1077,two_parent,6,False,3,6405,8392.779913527887,39,783,896.5074859508071,85
1078,two_parent,6,False,3,6408,8603.807910013762,33,567,630.5495705705742,95
1079,two_parent,6,False,2,3087,3910.208545002473,94
1080,two_parent,6,False,3,6462,8943.127792189425,2,555,610.0528549434961,111
1081,two_parent,6,False,3,6408,8603.807910013762,32,567,630.5495705705742,102
1082,two_parent,6,False,3,6396,8491.733110747695,50,498,517.3121300118054,151
1083,two_parent,6,False,2,507,580.8420219323984,132
1084,two_parent,6,False,2,3159,4153.0640069412075,75
1085,two_parent,6,False,2,3156,3979.3027469132194,78
1086,two_parent,6,False,2,3300,4231.390216407989,63
1087,two_parent,6,False,2,3300,4231.390216407989,62
1088,two_parent,6,False,2,3147,4038.847952344735,81
1089,two_parent,6,False,2,96,-12.368421052631568,197
1090,two_parent,6,False,3,6405,8524.543002769315,38,567,641.2859694075388,87
1091,two_parent,6,False,2,144,4.356725146198826,184
1092,two_parent,6,False,2,537,546.3917845523434,128
1093,two_parent,6,False,2,3123,3763.035690466452,83
1094,two_parent,6,False,2,3114,3840.7716596354094,85
1095,two_parent,6,False,2,501,612.6489722325182,135
1096,two_parent,6,False,2,2949,3479.4319491802985,118
1097,two_parent,6,False,2,210,43.01169590643272,174
1098,two_parent,6,False,3,6411,8678.230042112982,21,786,963.1058266370043,76
1099,two_parent,6,False,2,3150,4023.0705956029683,79
1100,two_parent,6,False,2,144,4.356725146198826,185
1101,two_parent,6,False,2,144,4.356725146198826,181
1102,two_parent,6,False,2,3300,4231.390216407989,58
1103,two_parent,6,False,3,6423,8574.727873448115,13,504,515.9004200123833,144
1104,two_parent,6,False,2,2994,3612.0931657493948,111
1105,two_parent,6,False,2,369,346.2020220739644,148
1106,two_parent,6,False,4,6408,8818.88321040286,22,828,1011.950045470752,6,4533,6199.671516369244,104
1107,two_parent,6,False,2,222,98.37719298245614,168
1108,two_parent,6,False,2,498,593.8234259816948,138
1109,two_parent,6,False,2,6408,8162.876765920511,36
1110,two_parent,6,False,3,6408,8603.807910013762,31,567,630.5495705705742,97
1111,two_parent,6,False,2,3120,3877.763510184397,84
1112,two_parent,6,False,3,6417,8457.17430334766,16,783,896.5074859508071,84
1113,two_parent,6,False,3,6414,8721.201038828589,18,801,957.5985968941444,18
1114,two_parent,6,False,2,3300,4138.453885319171,68
1115,two_parent,6,False,2,3300,4138.453885319171,69
1116,two_parent,6,False,2,2985,3822.1526544369904,114
1117,two_parent,6,False,2,252,154.795321637427,158
1118,two_parent,6,False,2,3084,3827.146626611302,96
1119,two_parent,6,False,2,96,-12.368421052631568,188
1120,two_parent,6,False,2,3084,3787.4333501746733,98
1121,two_parent,6,False,2,3300,4231.390216407989,65
1122,two_parent,6,False,2,231,112.63157894736847,164
1123,two_parent,6,False,2,4554,6498.511751176134,53
1124,two_parent,6,False,3,6405,8757.65567883334,37,786,968.1869362276075,74
1125,two_parent,6,False,2,498,600.3841306703524,137
1126,two_parent,6,False,2,6402,8241.751087584118,48
1127,two_parent,6,False,3,6420,8709.20616316642,15,567,630.5495705705742,90
1128,two_parent,6,False,2,96,-12.368421052631568,192
1129,two_parent,6,False,2,6405,8372.59905391265,40
1130,two_parent,6,False,2,144,4.356725146198826,183
1131,two_parent,6,False,2,6405,8310.199059122378,47
1132,two_parent,6,False,2,147,3.3187134502923925,179
1133,two_parent,6,False,2,204,78.0701754385965,178
1134,two_parent,6,False,2,279,221.66666666666669,155
1135,two_parent,6,False,2,387,417.69520632567355,145
1136,two_parent,6,False,2,3093,3742.58964401985,93
1137,two_parent,6,False,3,6408,8450.452616006562,35,531,560.6864592783712,122
1138,two_parent,6,False,2,531,644.8510921155589,129
1139,two_parent,6,False,4,6561,9321.45666599568,0,786,995.1457415986074,41,4530,6411.3086155785095,114
1140,two_parent,6,False,3,6408,8603.807910013762,29,567,630.5495705705742,100
1141,two_parent,6,False,6,6423,9149.534560558848,10,810,1034.5014634176237,11,4554,6501.753391823483,25,4857,6784.259020067263,5,516,622.7095179315323,114
1142,two_parent,6,False,2,3144,4072.405885396631,82
1143,two_parent,6,False,2,96,-12.368421052631568,199
1144,two_parent,6,False,2,96,-12.368421052631568,196
1145,two_parent,6,False,2,96,-12.368421052631568,195
1146,two_parent,6,False,3,6429,8956.042561136657,5,786,972.1539941607567,71
1147,two_parent,6,False,3,6408,8603.807910013762,30,567,630.5495705705742,91
1148,two_parent,6,False,2,96,-12.368421052631568,187
1149,two_parent,6,False,2,3108,3742.8760163159773,90
1150,two_parent,6,False,2,3015,3792.6226294624325,102
1151,two_parent,6,False,2,3084,3755.2008621394457,99
1152,two_parent,6,False,2,501,623.7304590977889,133
1153,two_parent,6,False,2,3108,3955.590410094536,89
1154,two_parent,6,False,2,3165,4089.808756473647,73
1155,two_parent,6,False,3,6426,8843.532871019455,7,786,972.1539941607567,67
1156,two_parent,6,False,2,144,4.356725146198826,180
1157,two_parent,6,False,2,2961,4452.798964505604,116
1158,two_parent,6,False,2,96,-12.368421052631568,191
1159,two_parent,6,False,2,216,99.92690058479536,170
1160,two_parent,7,False,3,786,997.5093503764563,38,4539,6460.987832827692,70
1161,two_parent,7,False,2,510,513.7528697358426,135
1162,two_parent,7,False,2,516,531.7169391043591,128
1163,two_parent,7,False,2,507,457.788367675788,140
1164,two_parent,7,False,2,786,987.1317967524226,50
1165,two_parent,7,False,2,783,795.7688180913245,86
1166,two_parent,7,False,2,492,437.0841729682886,155
1167,two_parent,7,False,2,498,443.9235551610929,152
1168,two_parent,7,False,2,96,-35.664556962025316,195
1169,two_parent,7,False,4,786,1008.2126200332493,29,4530,6556.724425301525,111,225,159.53431372549028,120
1170,two_parent,7,False,2,786,987.1317967524226,51
1171,two_parent,7,False,2,96,-35.664556962025316,193
1172,two_parent,7,False,2,507,518.7818979217266,138
1173,two_parent,7,False,4,810,1037.7454616909247,9,4554,6521.128197936393,23,243,203.99509803921572,79
1174,two_parent,7,False,3,828,1034.0631091581067,5,4545,6228.487390707266,41
1175,two_parent,7,False,2,228,197.57911392405072,172
1176,two_parent,7,False,2,96,-35.664556962025316,188
1177,two_parent,7,False,2,531,536.828912657858,123
1178,two_parent,7,False,4,810,1037.2042736276298,10,4566,6550.226394719358,14,258,221.7892156862746,65
1179,two_parent,7,False,2,786,987.1317967524226,56
1180,two_parent,7,False,2,786,972.1539941607567,70
1181,two_parent,7,False,2,549,527.7731542289905,115
1182,two_parent,7,False,2,786,972.1539941607567,68
1183,two_parent,7,False,2,234,171.69303797468356,170
1184,two_parent,7,False,2,555,556.946111233526,112
1185,two_parent,7,False,2,513,629.1570598476608,130
1186,two_parent,7,False,2,234,184.55696202531647,169
1187,two_parent,7,False,2,786,962.7550703500677,77
1188,two_parent,7,False,2,501,456.07664333538133,149
1189,two_parent,7,False,2,495,453.9146807786888,154
1190,two_parent,7,False,3,786,996.332450459367,40,4530,6459.877354789281,113
1191,two_parent,7,False,2,510,513.7528697358426,134
1192,two_parent,7,False,2,231,183.35443037974682,171
1193,two_parent,7,False,4,786,999.0523819471593,36,4530,6564.176025842283,109,225,159.53431372549028,115
1194,two_parent,7,False,2,786,995.1457415986074,45
1195,two_parent,7,False,3,825,1025.9528126291875,7,4539,6169.31960379442,77
1196,two_parent,7,False,3,816,1023.8889572315331,8,3555,5200.08236923319,122
1197,two_parent,7,False,2,525,522.236048929227,124
1198,two_parent,7,False,2,96,-35.664556962025316,196
1199,two_parent,7,False,2,786,968.1869362276075,73
1200,two_parent,7,False,2,204,87.08860759493675,179
1201,two_parent,7,False,3,786,1007.8835461847764,30,3531,5336.058983595074,127
1202,two_parent,7,False,2,786,990.796713059744,47
1203,two_parent,7,False,3,786,997.5093503764563,39,4539,6475.611681827666,69
1204,two_parent,7,False,2,207,89.71518987341781,177
1205,two_parent,7,False,2,555,687.494688295909,110
1206,two_parent,7,False,3,789,1010.1455612332031,20,3525,5227.710815094587,131
1207,two_parent,7,False,3,783,1010.3130929368956,82,3534,5294.563896395732,124
1208,two_parent,7,False,2,786,986.4197714359668,58
1209,two_parent,7,False,2,540,632.510612124144,118
1210,two_parent,7,False,4,807,1020.191348992739,15,4551,6629.52331599154,31,243,201.29901960784323,84
1211,two_parent,7,False,2,558,550.7378821749551,109
1212,two_parent,7,False,2,246,129.36708860759495,162
1213,two_parent,7,False,3,786,997.5155201587829,37,3522,5294.7722679617345,133
1214,two_parent,7,False,2,786,980.2512657789714,61
1215,two_parent,7,False,4,783,1014.1010052919735,81,4536,6784.412963913763,97,225,159.53431372549028,122
1216,two_parent,7,False,2,96,-35.664556962025316,192
1217,two_parent,7,False,2,240,146.51898734177215,164
1218,two_parent,7,False,2,801,958.8331231413523,17
1219,two_parent,7,False,2,144,26.772151898734194,183
1220,two_parent,7,False,4,786,999.1835205969428,34,4539,6614.785878282059,68,225,154.8529411764705,123
1221,two_parent,7,False,3,786,995.1457415986074,42,4530,6411.3086155785095,115
1222,two_parent,7,False,2,507,450.246985007823,142
1223,two_parent,7,False,2,507,581.1433386635024,137
1224,two_parent,7,False,2,513,596.4441510936693,131
1225,two_parent,7,False,2,786,987.1317967524226,55
1226,two_parent,7,False,2,786,995.1457415986074,46
1227,two_parent,7,False,2,501,487.1363749763549,148
1228,two_parent,7,False,4,786,1012.7528410084151,25,4533,6729.250669115329,101,225,146.17647058823522,126
1229,two_parent,7,False,3,786,999.3450315359132,32,1416,1955.5593878226607,149
1230,two_parent,7,False,2,786,987.714191199649,48
1231,two_parent,7,False,2,786,983.6413168198467,59
1232,two_parent,7,False,2,507,485.27821358097526,139
1233,two_parent,7,False,2,96,-35.664556962025316,190
1234,two_parent,7,False,2,786,980.2512657789714,62
1235,two_parent,7,False,2,801,986.5841789998631,16
1236,two_parent,7,False,3,789,1010.1455612332031,21,3525,5227.710815094587,132
1237,two_parent,7,False,2,96,-35.664556962025316,197
1238,two_parent,7,False,2,210,21.708860759493675,176
1239,two_parent,7,False,4,786,1008.2126200332493,28,4530,6556.724425301525,110,225,159.53431372549028,117
1240,two_parent,7,False,2,144,26.772151898734194,180
1241,two_parent,7,False,2,144,26.772151898734194,184
1242,two_parent,7,False,2,567,627.6649551859587,105
1243,two_parent,7,False,2,786,980.2512657789714,60
1244,two_parent,7,False,2,96,-35.664556962025316,194
1245,two_parent,7,False,2,549,487.31709960440253,116
1246,two_parent,7,False,2,96,-35.664556962025316,189
1247,two_parent,7,False,3,786,999.3450315359132,33,3558,5097.084555038039,121
1248,two_parent,7,False,2,510,465.5953832489904,136
1249,two_parent,7,False,2,786,933.7288118049986,79
1250,two_parent,7,False,2,786,995.1457415986074,44
1251,two_parent,7,False,2,786,995.1457415986074,43
1252,two_parent,7,False,2,219,106.43987341772154,175
1253,two_parent,7,False,2,96,-35.664556962025316,199
1254,two_parent,7,False,3,6687,8966.19401871034,0,4539,6162.641956241105,91
1255,two_parent,7,False,2,567,630.5495705705742,93
1256,two_parent,7,False,4,807,1053.1864452306086,14,4560,6766.703206369603,19,243,201.29901960784323,83
1257,two_parent,7,False,2,567,627.6649551859587,104
1258,two_parent,7,False,2,504,457.3638791196484,146
1259,two_parent,7,False,2,786,986.4197714359668,57
1260,two_parent,7,False,2,516,484.54491682843866,129
1261,two_parent,7,False,4,786,999.0523819471593,35,4530,6564.176025842283,108,225,159.53431372549028,121
1262,two_parent,7,False,2,492,414.3887924274673,159
1263,two_parent,7,False,2,252,194.05063291139243,161
1264,two_parent,7,False,2,786,962.2128306010253,78
1265,two_parent,7,False,2,96,-35.664556962025316,191
1266,two_parent,7,False,2,96,-35.664556962025316,186
1267,two_parent,7,False,4,786,1008.2190679643838,26,4542,6630.735925178629,47,222,163.6764705882352,139
1268,two_parent,7,False,2,786,987.1317967524226,49
1269,two_parent,7,False,2,786,987.1317967524226,53
1270,two_parent,7,False,4,810,1024.2294757164527,13,4554,6583.2775808426495,21,243,200.0980392156863,91
1271,two_parent,7,False,3,786,1007.8835461847764,31,3531,5332.4449596389695,128
1272,two_parent,7,False,2,492,435.31185488646014,156
1273,two_parent,7,False,2,507,457.788367675788,141
1274,two_parent,7,False,2,831,923.2771624217139,4
1275,two_parent,7,False,2,513,489.61055915071836,133
1276,two_parent,7,False,2,501,427.50273586612764,150
1277,two_parent,7,False,2,552,623.7509140070193,114
1278,two_parent,7,False,2,501,501.8701968469528,147
1279,two_parent,7,False,2,144,26.772151898734194,182
1280,two_parent,7,False,2,786,908.7531971271437,80
1281,two_parent,7,False,2,144,26.772151898734194,181
1282,two_parent,7,False,3,786,1014.575247152002,24,3531,5341.030855081487,126
1283,two_parent,7,False,2,96,-35.664556962025316,187
1284,two_parent,7,False,2,786,987.1317967524226,52
1285,two_parent,7,False,2,234,190.2531645569621,168
1286,two_parent,7,False,2,783,906.9225487955983,83
1287,two_parent,7,False,2,513,586.8811680086462,132
1288,two_parent,7,False,2,522,519.219579569081,126
1289,two_parent,7,False,2,492,423.44710822951004,157
1290,two_parent,7,False,5,810,1034.5014634176237,12,4554,6501.753391823483,24,4857,6784.259020067263,6,516,622.7095179315323,113
1291,two_parent,7,False,2,222,162.9430379746836,174
1292,two_parent,7,False,2,96,-35.664556962025316,185
1293,two_parent,7,False,2,207,52.54746835443039,178
1294,two_parent,7,False,2,504,523.8522364551544,143
1295,two_parent,7,False,2,534,574.3750730897871,120
1296,two_parent,7,False,2,492,415.59069473150373,158
1297,two_parent,7,False,2,567,630.5495705705742,98
1298,two_parent,7,False,2,567,630.5495705705742,96
1299,two_parent,7,False,2,786,975.2771647754564,65
1300,two_parent,7,False,3,5553,7503.35022475758,2,4542,6172.8283142907085,59
1301,two_parent,7,False,2,225,83.78164556962028,173
1302,two_parent,7,False,2,786,970.6672620626797,72
1303,two_parent,7,False,2,498,414.3168782321075,153
1304,two_parent,7,False,2,237,172.56329113924048,166
1305,two_parent,7,False,4,789,998.6527237998569,22,4530,6677.8420549829925,105,225,145.93137254901958,131
1306,two_parent,7,False,2,237,177.54746835443044,165
1307,two_parent,7,False,2,786,976.8159107113283,63
1308,two_parent,7,False,2,237,105.49050632911391,167
1309,two_parent,7,False,2,786,976.0435930094326,64
1310,two_parent,7,False,2,522,522.3489918841094,125
1311,two_parent,7,False,2,540,656.6762386077392,117
1312,two_parent,7,False,5,786,1008.2190679643838,27,4542,6609.199096782348,48,4836,6984.581250533037,9,495,602.8350584883748,153
1313,two_parent,7,False,2,252,194.05063291139243,160
1314,two_parent,7,False,2,786,972.1539941607567,69
1315,two_parent,7,False,2,96,-35.664556962025316,198
1316,two_parent,7,False,4,786,1017.4997735185959,23,4533,6603.96576936206,102,225,159.53431372549028,114
1317,two_parent,7,False,2,540,629.6757039495359,119
1318,two_parent,7,False,2,519,499.06879303065045,127
1319,two_parent,7,False,2,243,139.74683544303807,163
1320,two_parent,8,False,2,4560,6121.700523351154,20
1321,two_parent,8,False,2,4542,6172.8283142907085,65
1322,two_parent,8,False,2,2439,3174.714608051565,135
1323,two_parent,8,False,2,3531,5366.812992444059,125
1324,two_parent,8,False,2,252,214.1098484848485,178
1325,two_parent,8,False,2,4548,6220.820410048192,40
1326,two_parent,8,False,5,4542,6529.776015122821,49,4839,6968.088477444808,8,2538,3549.6782654335666,17,807,1005.5079538154196,106
1327,two_parent,8,False,2,4527,6451.113087823203,118
1328,two_parent,8,False,2,4545,6087.060074624527,45
1329,two_parent,8,False,2,4539,6169.31960379442,75
1330,two_parent,8,False,2,4689,6258.157060061117,5
1331,two_parent,8,False,4,5979,7966.240041074782,1,4395,5892.384190138495,43,2526,3350.4207324803224,26
1332,two_parent,8,False,2,3528,5405.291473442943,130
1333,two_parent,8,False,2,144,48.4848484848485,188
1334,two_parent,8,False,2,4542,6333.895230000194,50
1335,two_parent,8,False,2,1368,1813.939194703434,151
1336,two_parent,8,False,3,5964,7854.306240674042,3,4395,5740.00551790865,47
1337,two_parent,8,False,2,3531,5311.302046747743,129
1338,two_parent,8,False,2,1233,1307.1621844325716,162
1339,two_parent,8,False,2,1362,1857.1933924141726,152
1340,two_parent,8,False,2,4536,5907.207511409247,100
1341,two_parent,8,False,2,1263,1368.9132929397786,153
1342,two_parent,8,False,2,210,87.40530303030303,182
1343,two_parent,8,False,5,4563,6612.62863927834,15,4830,6983.272437737806,11,2535,3597.966183366007,20,807,1034.7380524290343,100
1344,two_parent,8,False,2,1221,1787.5944613369224,167
1345,two_parent,8,False,2,96,-13.693181818181827,195
1346,two_parent,8,False,2,1215,1252.1511953591223,170
1347,two_parent,8,False,2,4539,6119.993764912347,95
1348,two_parent,8,False,2,4539,6162.641956241105,89
1349,two_parent,8,False,2,4539,6162.641956241105,80
1350,two_parent,8,False,2,2364,2933.9246759646867,146
1351,two_parent,8,False,2,390,349.88184079602,174
1352,two_parent,8,False,2,4542,6172.8283142907085,62
1353,two_parent,8,False,2,1245,1312.2845502450957,158
1354,two_parent,8,False,3,4551,6773.942908831521,30,243,201.29901960784323,88
1355,two_parent,8,False,3,4530,6626.123679939434,106,243,203.99509803921572,77
1356,two_parent,8,False,2,204,99.98106060606065,184
1357,two_parent,8,False,4,4530,6502.423464739695,112,4815,6761.407515445054,15,495,600.0410178745229,154
1358,two_parent,8,False,2,4554,6458.558013535889,26
1359,two_parent,8,False,2,4554,6173.068122732637,29
1360,two_parent,8,False,2,1218,1715.7665723968908,169
1361,two_parent,8,False,2,1227,1768.6107068677481,164
1362,two_parent,8,False,2,96,-13.693181818181827,198
1363,two_parent,8,False,2,1245,1297.8119755538619,159
1364,two_parent,8,False,2,645,823.1893321650788,173
1365,two_parent,8,False,2,3258,4305.081417999754,134
1366,two_parent,8,False,2,351,357.8112279511534,176
1367,two_parent,8,False,2,4548,6220.820410048192,39
1368,two_parent,8,False,2,96,-13.693181818181827,191
1369,two_parent,8,False,2,1254,1363.7852153780013,155
1370,two_parent,8,False,2,2394,3047.0646662688982,138
1371,two_parent,8,False,2,1257,1860.9695799151348,154
1372,two_parent,8,False,2,1230,1711.1047200694977,163
1373,two_parent,8,False,2,1224,1789.6437063640371,166
1374,two_parent,8,False,3,4527,6638.167620284685,116,225,146.17647058823522,128
1375,two_parent,8,False,2,1248,1745.5460505127862,157
1376,two_parent,8,False,2,261,212.1401515151515,177
1377,two_parent,8,False,2,4542,6333.390658131334,52
1378,two_parent,8,False,2,231,184.78219696969697,179
1379,two_parent,8,False,2,216,137.5757575757576,180
1380,two_parent,8,False,2,4689,6258.157060061117,4
1381,two_parent,8,False,2,2379,3132.798778179971,140
1382,two_parent,8,False,2,2394,3015.9038391381255,139
1383,two_parent,8,False,2,4539,6162.641956241105,87
1384,two_parent,8,False,2,4542,6172.8283142907085,61
1385,two_parent,8,False,2,4539,6162.641956241105,79
1386,two_parent,8,False,2,4545,6192.76193442236,43
1387,two_parent,8,False,2,144,48.4848484848485,187
1388,two_parent,8,False,2,2421,3199.328024408338,136
1389,two_parent,8,False,3,4542,6674.002469913358,46,216,161.00490196078434,152
1390,two_parent,8,False,2,96,-13.693181818181827,199
1391,two_parent,8,False,2,2364,2908.176002061847,147
1392,two_parent,8,False,3,4560,6766.703206369603,18,243,201.29901960784323,86
1393,two_parent,8,False,2,3957,5172.269291939715,119
1394,two_parent,8,False,2,4539,6119.993764912347,94
1395,two_parent,8,False,2,4539,6162.641956241105,92
1396,two_parent,8,False,2,4539,6162.641956241105,82
1397,two_parent,8,False,2,660,761.6176960421362,172
1398,two_parent,8,False,2,4542,6172.8283142907085,60
1399,two_parent,8,False,4,6000,8094.39111019869,0,4395,5962.114366188833,35,2517,3373.4568585022253,75
1400,two_parent,8,False,2,4551,6488.968460480701,32
1401,two_parent,8,False,2,4542,6172.8283142907085,64
1402,two_parent,8,False,3,4560,6766.703206369603,16,243,201.29901960784323,81
1403,two_parent,8,False,2,4539,6169.31960379442,78
1404,two_parent,8,False,2,2364,2599.5440772274615,148
1405,two_parent,8,False,2,4539,6162.641956241105,84
1406,two_parent,8,False,2,1236,1740.1185299926115,160
1407,two_parent,8,False,2,4539,6162.641956241105,90
1408,two_parent,8,False,2,4539,6173.073963456791,71
1409,two_parent,8,False,2,96,-13.693181818181827,193
1410,two_parent,8,False,2,216,113.7689393939394,181
1411,two_parent,8,False,2,4554,6281.43375951493,28
1412,two_parent,8,False,2,4542,6238.088777615112,54
1413,two_parent,8,False,2,1236,1385.03567213532,161
1414,two_parent,8,False,2,96,-13.693181818181827,192
1415,two_parent,8,False,3,4533,6564.78871604394,103,243,203.99509803921572,78
1416,two_parent,8,False,2,693,921.9230295303058,171
1417,two_parent,8,False,2,144,48.4848484848485,186
1418,two_parent,8,False,2,96,-13.693181818181827,196
1419,two_parent,8,False,2,96,-13.693181818181827,189
1420,two_parent,8,False,2,96,-13.693181818181827,190
1421,two_parent,8,False,3,4530,6622.312084639449,107,213,162.81862745098047,159
1422,two_parent,8,False,2,4539,6162.641956241105,85
1423,two_parent,8,False,2,2379,2822.2394414569144,143
1424,two_parent,8,False,3,4560,6766.703206369603,17,243,201.29901960784323,87
1425,two_parent,8,False,2,4551,6476.006652789281,33
1426,two_parent,8,False,2,4539,6173.073963456791,74
1427,two_parent,8,False,2,4542,6172.8283142907085,57
1428,two_parent,8,False,2,4542,6333.390658131334,51
1429,two_parent,8,False,2,4536,6216.016398050287,99
1430,two_parent,8,False,2,96,-13.693181818181827,197
1431,two_parent,8,False,2,1218,1741.3703015082087,168
1432,two_parent,8,False,3,4548,6768.937925291497,36,240,201.02941176470574,97
1433,two_parent,8,False,2,4545,6189.214814003513,44
1434,two_parent,8,False,2,210,87.40530303030303,183
1435,two_parent,8,False,2,4542,6172.8283142907085,56
1436,two_parent,8,False,10,4680,6683.2032120090125,7,11316,16449.912069343838,0,2520,3534.758932272511,38,2670,3672.05625296654,76,9720,13852.147111048367,10,3378,4848.340398208501,38,14406,20712.891615464487,8,13740,19829.928565761005,49,3855,5482.359969137773,64
1437,two_parent,8,False,2,3567,4956.130768994019,120
1438,two_parent,8,False,2,4539,6169.31960379442,76
1439,two_parent,8,False,2,1380,1866.548514000417,150
1440,two_parent,8,False,2,4542,6172.8283142907085,66
1441,two_parent,8,False,2,2418,3092.7842115373073,137
1442,two_parent,8,False,2,4539,6162.641956241105,81
1443,two_parent,8,False,3,4548,6564.936425738048,38,240,196.91176470588235,100
1444,two_parent,8,False,2,4542,6172.8283142907085,58
1445,two_parent,8,False,2,4542,6172.8283142907085,67
1446,two_parent,8,False,2,4554,6458.558013535889,27
1447,two_parent,8,False,3,4548,6715.391479357142,37,225,148.16176470588226,124
1448,two_parent,8,False,3,4536,6562.219648574733,98,225,159.53431372549028,119
1449,two_parent,8,False,2,4542,6333.390658131334,53
1450,two_parent,8,False,2,2379,3095.4909566600318,142
1451,two_parent,8,False,2,4539,6173.073963456791,72
1452,two_parent,8,False,2,4539,6162.641956241105,83
1453,two_parent,8,False,2,4680,6208.968660057907,9
1454,two_parent,8,False,2,4680,6208.968660057907,10
1455,two_parent,8,False,3,4554,6552.292777359644,22,240,201.02941176470574,98
1456,two_parent,8,False,2,4680,6208.968660057907,12
1457,two_parent,8,False,2,2376,2899.9003098786684,145
1458,two_parent,8,False,2,4539,6119.993764912347,96
1459,two_parent,8,False,2,4551,6262.7820375084,34
1460,two_parent,8,False,2,4680,6208.968660057907,8
1461,two_parent,8,False,2,4689,6258.157060061117,6
1462,two_parent,8,False,2,4539,6173.073963456791,73
1463,two_parent,8,False,2,1251,1690.643451381812,156
1464,two_parent,8,False,2,4542,6194.6198102792605,55
1465,two_parent,8,False,2,384,324.2914687924016,175
1466,two_parent,8,False,2,3540,5264.269567467348,123
1467,two_parent,8,False,2,4542,6172.8283142907085,63
1468,two_parent,8,False,2,4551,6082.21017868215,35
1469,two_parent,8,False,2,204,97.59469696969697,185
1470,two_parent,8,False,2,4539,6162.641956241105,86
1471,two_parent,8,False,2,2376,3103.338656373115,144
1472,two_parent,8,False,7,5967,7988.122834714701,2,4416,5954.7535881661015,25,11184,15442.919629953998,1,2706,3565.168647120343,11,7851,10538.852341713491,25,3420,4672.158131896827,19
1473,two_parent,8,False,2,96,-13.693181818181827,194
1474,two_parent,8,False,2,4545,6192.76193442236,42
1475,two_parent,8,False,2,4539,6162.641956241105,93
1476,two_parent,8,False,2,1227,1721.6709278239462,165
1477,two_parent,8,False,2,4680,6208.968660057907,13
1478,two_parent,8,False,2,4539,6162.641956241105,88
1479,two_parent,8,False,2,4527,6451.113087823203,117
1480,two_parent,9,False,2,645,631.263328515167,64
1481,two_parent,9,False,2,207,27.1813725490196,181
1482,two_parent,9,False,2,228,118.84803921568619,107
1483,two_parent,9,False,2,96,-63.67647058823529,194
1484,two_parent,9,False,2,207,83.13725490196074,176
1485,two_parent,9,False,3,4410,6009.990522222137,29,2526,3399.666423889893,23
1486,two_parent,9,False,2,222,134.92647058823533,145
1487,two_parent,9,False,2,216,127.13235294117646,157
1488,two_parent,9,False,4,4824,6925.360070972354,13,2520,3521.958952931971,42,783,986.33265290799,127
1489,two_parent,9,False,2,204,89.58333333333337,184
1490,two_parent,9,False,3,5691,7873.631542984919,3,2520,3432.3601319224467,45
1491,two_parent,9,False,2,4401,5785.169835759024,31
1492,two_parent,9,False,2,225,137.23039215686273,133
1493,two_parent,9,False,2,4419,5797.719360858702,23
1494,two_parent,9,False,2,246,194.9019607843137,74
1495,two_parent,9,False,3,4428,6006.238553307945,16,2517,3373.4568585022253,76
1496,two_parent,9,False,2,96,-63.67647058823529,197
1497,two_parent,9,False,2,213,130.98039215686273,161
1498,two_parent,9,False,2,225,159.53431372549028,112
1499,two_parent,9,False,2,4413,5807.192965379187,28
1500,two_parent,9,False,3,4395,5865.1313830124645,44,2517,3362.0410988657736,79
1501,two_parent,9,False,2,4383,5759.053475793477,52
1502,two_parent,9,False,2,225,146.17647058823522,127
1503,two_parent,9,False,2,228,117.62254901960779,108
1504,two_parent,9,False,2,246,194.9019607843137,70
1505,two_parent,9,False,2,225,143.5539215686275,132
1506,two_parent,9,False,2,4422,5748.300305832515,22
1507,two_parent,9,False,3,4392,5939.795349130575,48,2517,3350.4323137234423,81
1508,two_parent,9,False,2,222,167.328431372549,136
1509,two_parent,9,False,2,699,810.8957600134066,56
1510,two_parent,9,False,2,225,159.53431372549028,113
1511,two_parent,9,False,2,96,-63.67647058823529,198
1512,two_parent,9,False,2,210,-38.16176470588236,171
1513,two_parent,9,False,2,225,159.53431372549028,118
1514,two_parent,9,False,2,225,146.17647058823522,125
1515,two_parent,9,False,2,222,107.4264705882353,147
1516,two_parent,9,False,2,216,135.36764705882348,153
1517,two_parent,9,False,2,237,150.5637254901961,103
1518,two_parent,9,False,2,96,-63.67647058823529,189
1519,two_parent,9,False,2,222,107.4264705882353,148
1520,two_parent,9,False,2,249,176.34803921568624,67
1521,two_parent,9,False,2,243,163.4803921568627,94
1522,two_parent,9,False,2,666,720.4047521786491,59
1523,two_parent,9,False,2,207,30.85784313725493,180
1524,two_parent,9,False,2,210,-14.093137254901961,169
1525,two_parent,9,False,2,210,-23.21078431372549,170
1526,two_parent,9,False,2,666,748.639653510977,58
1527,two_parent,9,False,2,228,57.083333333333314,110
1528,two_parent,9,False,3,4395,5962.114366188833,38,2517,3373.4568585022253,69
1529,two_parent,9,False,2,96,-63.67647058823529,192
1530,two_parent,9,False,2,210,49.82843137254905,167
1531,two_parent,9,False,2,222,163.6764705882352,137
1532,two_parent,9,False,2,249,176.34803921568624,66
1533,two_parent,9,False,2,228,101.76470588235296,109
1534,two_parent,9,False,3,4395,5892.384190138495,41,2526,3350.4207324803224,25
1535,two_parent,9,False,2,204,46.42156862745095,186
1536,two_parent,9,False,2,243,197.4019607843138,92
1537,two_parent,9,False,2,216,127.13235294117646,154
1538,two_parent,9,False,2,219,140.19607843137257,150
1539,two_parent,9,False,2,246,185.93137254901967,76
1540,two_parent,9,False,3,4395,5962.114366188833,33,2517,3373.4568585022253,73
1541,two_parent,9,False,2,657,688.9533318669351,61
1542,two_parent,9,False,2,210,8.676470588235297,168
1543,two_parent,9,False,2,219,121.47058823529409,151
1544,two_parent,9,False,2,243,201.29901960784323,85
1545,two_parent,9,False,2,96,-63.67647058823529,190
1546,two_parent,9,False,2,207,132.10784313725495,172
1547,two_parent,9,False,2,246,196.20098039215682,69
1548,two_parent,9,False,2,96,-63.67647058823529,196
1549,two_parent,9,False,2,231,169.87745098039218,105
1550,two_parent,9,False,2,699,810.8957600134066,55
1551,two_parent,9,False,2,246,194.9019607843137,73
1552,two_parent,9,False,2,159,-12.916666666666671,187
1553,two_parent,9,False,4,4824,6781.569592309272,14,2520,3457.133677382991,44,786,964.4169590385936,119
1554,two_parent,9,False,3,4422,6022.246314203623,19,2514,3375.5817109333484,85
1555,two_parent,9,False,2,225,31.15196078431373,135
1556,two_parent,9,False,3,4395,5962.114366188833,39,2517,3373.4568585022253,74
1557,two_parent,9,False,2,1383,1571.9120940845332,54
1558,two_parent,9,False,2,240,200.02450980392152,99
1559,two_parent,9,False,2,222,144.1176470588236,144
1560,two_parent,9,False,2,243,165.83333333333334,93
1561,two_parent,9,False,2,222,144.1176470588236,143
1562,two_parent,9,False,2,243,150.95588235294113,96
1563,two_parent,9,False,4,4833,6941.241950432493,10,2511,3542.545148016669,87,807,1025.6659217717042,104
1564,two_parent,9,False,2,645,640.8686578263785,63
1565,two_parent,9,False,2,243,201.29901960784323,80
1566,two_parent,9,False,4,4848,6966.4904829625275,7,2541,3580.0331695684276,13,813,1047.3090534132243,97
1567,two_parent,9,False,2,213,80.88235294117646,163
1568,two_parent,9,False,2,225,159.53431372549028,116
1569,two_parent,9,False,2,225,145.93137254901958,130
1570,two_parent,9,False,2,4389,5376.0581800068485,50
1571,two_parent,9,False,3,4395,5892.384190138495,42,2526,3350.4207324803224,24
1572,two_parent,9,False,2,4395,5793.090465585619,45
1573,two_parent,9,False,2,222,163.6764705882352,140
1574,two_parent,9,False,3,5853,8127.359882501769,2,2517,3426.2322795843984,51
1575,two_parent,9,False,2,96,-63.67647058823529,193
1576,two_parent,9,False,2,4422,5850.096438291079,21
1577,two_parent,9,False,2,222,151.83823529411768,142
1578,two_parent,9,False,3,4395,5962.114366188833,37,2517,3373.4568585022253,78
1579,two_parent,9,False,3,4383,5850.106128741792,51,2550,3391.274286959894,8
1580,two_parent,9,False,2,249,176.34803921568624,68
1581,two_parent,9,False,2,213,58.33333333333334,165
1582,two_parent,9,False,2,657,764.6752189123514,60
1583,two_parent,9,False,2,237,150.5637254901961,102
1584,two_parent,9,False,2,225,126.29901960784306,134
1585,two_parent,9,False,2,96,-63.67647058823529,191
1586,two_parent,9,False,2,216,127.13235294117646,156
1587,two_parent,9,False,2,246,194.9019607843137,72
1588,two_parent,9,False,3,4395,5962.114366188833,40,2517,3373.4568585022253,71
1589,two_parent,9,False,2,207,75.19607843137253,177
1590,two_parent,9,False,2,210,66.69117647058818,166
1591,two_parent,9,False,2,96,-63.67647058823529,195
1592,two_parent,9,False,2,222,107.4264705882353,149
1593,two_parent,9,False,2,213,140.90686274509798,160
1594,two_parent,9,False,2,207,98.79901960784315,174
1595,two_parent,9,False,2,228,130.44117647058823,106
1596,two_parent,9,False,2,207,98.43137254901961,175
1597,two_parent,9,False,2,237,76.91176470588238,104
1598,two_parent,9,False,3,4425,6130.592818193521,18,2514,3432.0375751644297,83
1599,two_parent,9,False,2,243,200.0980392156863,90
1600,two_parent,9,False,2,96,-63.67647058823529,199
1601,two_parent,9,False,3,4428,5965.709850848675,17,2526,3349.7977688461174,27
1602,two_parent,9,False,2,216,127.13235294117646,155
1603,two_parent,9,False,2,246,194.9019607843137,75
1604,two_parent,9,False,3,4395,5962.114366188833,32,2517,3373.4568585022253,70
1605,two_parent,9,False,2,222,163.6764705882352,138
1606,two_parent,9,False,3,4410,5941.423794412817,30,2538,3411.1373557551274,18
1607,two_parent,9,False,2,240,143.25980392156865,101
1608,two_parent,9,False,2,243,201.29901960784323,89
1609,two_parent,9,False,2,207,-11.053921568627459,182
1610,two_parent,9,False,2,4389,5725.145165323098,49
1611,two_parent,9,False,2,222,163.1127450980392,141
1612,two_parent,9,False,3,4422,6022.246314203623,20,2514,3375.5817109333484,84
1613,two_parent,9,False,2,225,162.45098039215696,111
1614,two_parent,9,False,2,216,109.01960784313721,158
1615,two_parent,9,False,2,207,49.01960784313722,179
1616,two_parent,9,False,2,645,707.6674836601305,62
1617,two_parent,9,False,2,243,201.29901960784323,82
1618,two_parent,9,False,3,4395,5962.114366188833,34,2517,3373.4568585022253,77
1619,two_parent,9,False,2,666,748.639653510977,57
1620,two_parent,9,False,4,4824,6933.843312718848,12,2520,3526.8824154988156,41,783,986.33265290799,126
1621,two_parent,9,False,2,207,-55.83333333333333,183
1622,two_parent,9,False,2,204,49.04411764705884,185
1623,two_parent,9,False,2,243,150.95588235294113,95
1624,two_parent,9,False,2,4416,5848.111891059408,26
1625,two_parent,9,False,2,144,-5.539215686274503,188
1626,two_parent,9,False,2,207,56.225490196078454,178
1627,two_parent,9,False,2,222,115.14705882352945,146
1628,two_parent,9,False,2,1437,1789.5773274605058,53
1629,two_parent,9,False,2,225,146.17647058823522,129
1630,two_parent,9,False,3,5853,8127.359882501769,1,2517,3426.2322795843984,53
1631,two_parent,9,False,4,4416,5954.7535881661015,24,11184,15442.919629953998,0,2706,3565.168647120343,26
1632,two_parent,9,False,2,4413,5812.487562418254,27
1633,two_parent,9,False,2,207,113.43137254901961,173
1634,two_parent,9,False,2,4395,5783.848864995091,46
1635,two_parent,9,False,5,4857,6958.415524482438,4,2514,3525.464492983426,82,3984,5674.511014528314,4,1071,1416.7343724192845,129
1636,two_parent,9,False,3,4395,5962.114366188833,36,2517,3373.4568585022253,72
1637,two_parent,9,False,2,246,194.9019607843137,71
1638,two_parent,9,False,2,213,78.92156862745097,164
1639,two_parent,9,False,2,213,104.77941176470591,162
1640,two_parent,10,False,2,498,616.5013682264114,142
1641,two_parent,10,False,2,2517,3426.2322795843984,66
1642,two_parent,10,False,2,378,366.6869669824494,167
1643,two_parent,10,False,2,546,686.1724805961371,94
1644,two_parent,10,False,2,504,491.17466234303777,129
1645,two_parent,10,False,2,495,568.9281451856773,155
1646,two_parent,10,False,2,507,488.490782132252,126
1647,two_parent,10,False,2,519,524.4504182137706,112
1648,two_parent,10,False,2,96,-15.950570342205324,186
1649,two_parent,10,False,4,2541,3516.2707434024214,16,2670,3641.231819404833,78,1089,1405.929624050344,113
1650,two_parent,10,False,2,2517,3426.2322795843984,54
1651,two_parent,10,False,2,549,544.4522756678778,93
1652,two_parent,10,False,3,4275,5481.872167906749,5,396,378.2034721079479,136
1653,two_parent,10,False,2,498,491.05290279230564,148
1654,two_parent,10,False,2,540,601.3448618388765,96
1655,two_parent,10,False,2,375,370.02577817877204,168
1656,two_parent,10,False,2,498,615.4918576689251,143
1657,two_parent,10,False,4,2541,3638.893517273451,12,3978,5702.289281609837,6,1110,1496.3443081894839,61
1658,two_parent,10,False,2,384,302.09152327554744,164
1659,two_parent,10,False,2,534,637.0337000114023,97
1660,two_parent,10,False,3,2520,3502.840713886392,43,828,1034.1559672185526,92
1661,two_parent,10,False,2,498,620.9400225641689,139
1662,two_parent,10,False,3,2535,3747.8890545025088,19,804,1034.9849169269592,115
1663,two_parent,10,False,2,498,589.7394720513315,147
1664,two_parent,10,False,2,495,538.0752778590228,157
1665,two_parent,10,False,2,531,678.1295860578063,99
1666,two_parent,10,False,2,360,347.93914201628303,171
1667,two_parent,10,False,2,348,274.3148911946038,180
1668,two_parent,10,False,2,495,608.9495350839363,150
1669,two_parent,10,False,2,528,654.9564383893265,101
1670,two_parent,10,False,2,534,527.2755780260856,98
1671,two_parent,10,False,2,2517,3409.714039229437,68
1672,two_parent,10,False,2,510,484.3019086386646,124
1673,two_parent,10,False,2,501,574.6160218403968,135
1674,two_parent,10,False,2,2517,3426.2322795843984,57
1675,two_parent,10,False,2,531,648.4317014589457,100
1676,two_parent,10,False,2,96,-15.950570342205324,197
1677,two_parent,10,False,2,501,616.767376620018,132
1678,two_parent,10,False,2,504,612.3911047519432,127
1679,two_parent,10,False,2,96,-15.950570342205324,196
1680,two_parent,10,False,2,528,654.0932391355719,104
1681,two_parent,10,False,2,498,616.7094294223213,141
1682,two_parent,10,False,2,507,495.9330451052033,125
1683,two_parent,10,False,2,501,587.1176856483297,134
1684,two_parent,10,False,2,351,350.4781315116754,177
1685,two_parent,10,False,2,528,616.6210405295767,105
1686,two_parent,10,False,2,2520,3185.274844932434,47
1687,two_parent,10,False,6,4290,5842.686880093799,4,2685,3576.3112543824404,48,3675,4937.372227097224,42,5118,6991.2614933956875,6,12894,18219.980624321455,57
1688,two_parent,10,False,2,492,485.4564121567248,159
1689,two_parent,10,False,2,381,439.96122532276434,165
1690,two_parent,10,False,7,2520,3534.758932272511,36,2670,3672.05625296654,72,9720,13852.147111048367,17,3378,4848.340398208501,33,14406,20712.891615464487,3,13740,19829.928565761005,69
1691,two_parent,10,False,4,2544,3460.70985061039,11,2685,3642.5870779007055,45,1092,1417.296578069275,88
1692,two_parent,10,False,3,2520,3671.3366682013384,29,807,1029.9601153061842,103
1693,two_parent,10,False,2,399,328.5580331249598,161
1694,two_parent,10,False,2,2535,3133.7856348338532,21
1695,two_parent,10,False,2,513,510.5072429866002,118
1696,two_parent,10,False,3,2541,3528.4867418560075,15,807,988.8644726333631,109
1697,two_parent,10,False,2,519,548.7135232573705,110
1698,two_parent,10,False,2,558,582.8826680786833,88
1699,two_parent,10,False,2,495,517.3430128535618,158
1700,two_parent,10,False,2,357,302.72824429120766,173
1701,two_parent,10,False,2,501,606.8202265340082,133
1702,two_parent,10,False,2,351,297.668148911946,178
1703,two_parent,10,False,2,498,623.4909515081058,137
1704,two_parent,10,False,2,504,479.28063234616127,130
1705,two_parent,10,False,2,528,654.0932391355719,103
1706,two_parent,10,False,2,498,633.4772449736683,136
1707,two_parent,10,False,2,96,-15.950570342205324,187
1708,two_parent,10,False,6,2547,3467.542985968421,10,2673,3656.138114049049,65,3699,5012.206851216886,33,6300,8674.33119416559,2,1869,2504.430815403893,96
1709,two_parent,10,False,2,558,563.634280144358,90
1710,two_parent,10,False,2,516,603.7542989450781,115
1711,two_parent,10,False,2,2517,3426.2322795843984,55
1712,two_parent,10,False,2,2517,3426.2322795843984,62
1713,two_parent,10,False,4,2520,3645.4688397840273,30,3990,5745.501114781809,3,1089,1492.02849467221,98
1714,two_parent,10,False,2,501,617.0908442229616,131
1715,two_parent,10,False,2,2517,3426.2322795843984,65
1716,two_parent,10,False,2,387,411.9981847865782,162
1717,two_parent,10,False,2,495,613.0942587988693,149
1718,two_parent,10,False,2,495,607.3930159105892,151
1719,two_parent,10,False,2,495,564.2501617332853,156
1720,two_parent,10,False,4,2523,3483.391525404777,28,6123,8766.416044687614,2,1092,1425.5002672676712,83
1721,two_parent,10,False,2,2517,3426.2322795843984,52
1722,two_parent,10,False,2,558,582.8826680786833,89
1723,two_parent,10,False,2,348,241.37343988313904,181
1724,two_parent,10,False,2,96,-15.950570342205324,195
1725,two_parent,10,False,7,2520,3534.758932272511,32,2670,3672.05625296654,77,9720,13852.147111048367,11,3378,4848.340398208501,36,14406,20712.891615464487,5,13740,19829.928565761005,64
1726,two_parent,10,False,2,552,597.4597061039755,92
1727,two_parent,10,False,2,96,-15.950570342205324,190
1728,two_parent,10,False,2,492,470.2559398253037,160
1729,two_parent,10,False,4,2517,3485.4655014232103,50,6552,9417.281083060114,1,1089,1418.5740086751414,108
1730,two_parent,10,False,2,96,-15.950570342205324,188
1731,two_parent,10,False,2,354,258.19923309918164,174
1732,two_parent,10,False,2,498,609.1422522733544,145
1733,two_parent,10,False,2,198,93.22243346007608,184
1734,two_parent,10,False,2,510,635.3939449991159,120
1735,two_parent,10,False,2,552,613.8680560030934,91
1736,two_parent,10,False,7,2520,3534.758932272511,34,2670,3672.05625296654,70,9720,13852.147111048367,13,3378,4848.340398208501,39,14406,20712.891615464487,7,13740,19829.928565761005,75
1737,two_parent,10,False,2,513,507.5129464086534,119
1738,two_parent,10,False,2,498,597.6776912790436,146
1739,two_parent,10,False,2,2517,3426.2322795843984,60
1740,two_parent,10,False,2,96,-15.950570342205324,198
1741,two_parent,10,False,3,11157,14988.481733812454,2,2685,3448.382791962163,55
1742,two_parent,10,False,7,2520,3534.758932272511,33,2670,3672.05625296654,73,9720,13852.147111048367,14,3378,4848.340398208501,34,14406,20712.891615464487,2,13740,19829.928565761005,65
1743,two_parent,10,False,2,510,629.2533137766188,121
1744,two_parent,10,False,2,528,654.0932391355719,102
1745,two_parent,10,False,3,2520,3587.611811104156,31,831,1056.5877253183603,91
1746,two_parent,10,False,2,144,50.64638783269963,185
1747,two_parent,10,False,2,2529,3314.1433467058755,22
1748,two_parent,10,False,2,525,518.2977897070707,108
1749,two_parent,10,False,3,2520,3526.8824154988156,40,783,986.33265290799,128
1750,two_parent,10,False,2,513,627.9200366264959,117
1751,two_parent,10,False,2,2517,3426.2322795843984,59
1752,two_parent,10,False,2,351,380.29741573757804,175
1753,two_parent,10,False,2,96,-15.950570342205324,199
1754,two_parent,10,False,2,96,-15.950570342205324,193
1755,two_parent,10,False,2,351,370.69783678116465,176
1756,two_parent,10,False,2,504,508.24770970796317,128
1757,two_parent,10,False,2,546,666.3986990901627,95
1758,two_parent,10,False,2,360,302.6300723937189,172
1759,two_parent,10,False,2,516,534.9233889257935,116
1760,two_parent,10,False,2,510,609.7823189785231,122
1761,two_parent,10,False,2,2520,3185.274844932434,48
1762,two_parent,10,False,2,351,282.13239242980814,179
1763,two_parent,10,False,5,2517,3514.951885599345,49,14406,20319.710834307305,0,14406,20130.323924405206,0,3378,4829.2209473020575,107
1764,two_parent,10,False,3,2541,3551.8040241751482,14,807,992.8932080089494,108
1765,two_parent,10,False,2,2517,3426.2322795843984,58
1766,two_parent,10,False,2,498,619.113024094335,140
1767,two_parent,10,False,2,96,-15.950570342205324,191
1768,two_parent,10,False,7,2520,3534.758932272511,39,2670,3672.05625296654,71,9720,13852.147111048367,15,3378,4848.340398208501,32,14406,20712.891615464487,1,13740,19829.928565761005,66
1769,two_parent,10,False,2,282,278.4220532319392,182
1770,two_parent,10,False,2,384,368.4574982277502,163
1771,two_parent,10,False,2,363,316.20512985757546,169
1772,two_parent,10,False,2,525,650.9792738691887,107
1773,two_parent,10,False,2,519,527.4447147917174,111
1774,two_parent,10,False,3,4263,5265.6330783860385,6,396,366.3466759914429,138
1775,two_parent,10,False,2,522,544.8673694112166,109
1776,two_parent,10,False,2,498,614.6914849800802,144
1777,two_parent,10,False,2,2517,3426.2322795843984,61
1778,two_parent,10,False,8,2520,3534.758932272511,37,2670,3672.05625296654,74,9720,13852.147111048367,12,3378,4848.340398208501,37,14406,20712.891615464487,6,13740,19829.928565761005,59,3855,5482.359969137773,45
1779,two_parent,10,False,2,495,604.8380828801496,152
1780,two_parent,10,False,2,96,-15.950570342205324,194
1781,two_parent,10,False,2,363,299.2411548624088,170
1782,two_parent,10,False,2,2517,3351.20177554574,80
1783,two_parent,10,False,2,510,606.5390982470838,123
1784,two_parent,10,False,2,2520,3332.12333437777,46
1785,two_parent,10,False,2,528,499.69852853693976,106
1786,two_parent,10,False,2,2517,3426.2322795843984,67
1787,two_parent,10,False,2,2517,3426.2322795843984,64
1788,two_parent,10,False,3,3726,4796.022234839625,7,393,372.5475152213265,140
1789,two_parent,10,False,2,381,346.85522330347357,166
1790,two_parent,10,False,2,96,-15.950570342205324,192
1791,two_parent,10,False,3,4299,5431.131299600866,3,2676,3279.176631089423,63
1792,two_parent,10,False,3,2511,3703.4908810728175,86,822,1065.9931330027275,94
1793,two_parent,10,False,2,2517,3426.2322795843984,56
1794,two_parent,10,False,8,2520,3534.758932272511,35,2670,3672.05625296654,75,9720,13852.147111048367,16,3378,4848.340398208501,35,14406,20712.891615464487,4,13740,19829.928565761005,37,3855,5482.359969137773,54
1795,two_parent,10,False,2,2517,3426.2322795843984,63
1796,two_parent,10,False,2,498,623.078076691734,138
1797,two_parent,10,False,2,219,182.7756653992395,183
1798,two_parent,10,False,2,2550,3311.5045064701435,9
1799,two_parent,10,False,2,96,-15.950570342205324,189
1800,two_parent,11,False,3,2685,3640.019547459151,46,1107,1426.520404291387,70
1801,two_parent,11,False,2,363,291.03402172124385,157
1802,two_parent,11,False,2,96,-30.558252427184467,192
1803,two_parent,11,False,2,2670,3374.6944102649773,80
1804,two_parent,11,False,2,408,361.5669738357742,130
1805,two_parent,11,False,2,804,1023.5234034007194,116
1806,two_parent,11,False,2,2706,3565.168647120343,36
1807,two_parent,11,False,2,357,255.69812407437888,162
1808,two_parent,11,False,2,96,-30.558252427184467,197
1809,two_parent,11,False,2,222,165.10922330097085,185
1810,two_parent,11,False,2,2655,3165.1948968605593,90
1811,two_parent,11,False,2,354,261.0167434589435,167
1812,two_parent,11,False,2,390,417.66784597663326,141
1813,two_parent,11,False,2,2706,3565.168647120343,24
1814,two_parent,11,False,2,495,461.8289767616951,129
1815,two_parent,11,False,2,369,397.17726674345903,149
1816,two_parent,11,False,2,144,45.21844660194172,189
1817,two_parent,11,False,2,2682,3402.784267662377,61
1818,two_parent,11,False,2,2706,3565.168647120343,20
1819,two_parent,11,False,2,348,298.79895507651787,174
1820,two_parent,11,False,2,804,1043.7672369861525,111
1821,two_parent,11,False,2,2685,3448.382791962163,53
1822,two_parent,11,False,2,144,45.21844660194172,188
1823,two_parent,11,False,2,2655,3183.4127274579814,89
1824,two_parent,11,False,2,2667,3357.1873894536766,84
1825,two_parent,11,False,2,237,160.23058252427177,184
1826,two_parent,11,False,2,2670,3547.3654126021474,79
1827,two_parent,11,False,2,375,405.16105808787233,145
1828,two_parent,11,False,2,375,322.18816850419614,147
1829,two_parent,11,False,2,786,1000.0327653134884,118
1830,two_parent,11,False,2,807,1025.5706640248623,105
1831,two_parent,11,False,2,348,268.07614777028124,178
1832,two_parent,11,False,2,804,1035.839688162938,114
1833,two_parent,11,False,5,2685,3576.3112543824404,47,3675,4937.372227097224,40,5118,6991.2614933956875,8,12894,18219.980624321455,59
1834,two_parent,11,False,2,360,302.35313477044593,159
1835,two_parent,11,False,2,2706,3565.168647120343,37
1836,two_parent,11,False,2,144,45.21844660194172,191
1837,two_parent,11,False,2,96,-30.558252427184467,196
1838,two_parent,11,False,2,2706,3565.168647120343,21
1839,two_parent,11,False,2,786,946.7827600920623,124
1840,two_parent,11,False,2,2706,3565.168647120343,41
1841,two_parent,11,False,2,786,836.1956167335416,125
1842,two_parent,11,False,2,786,964.4169590385936,120
1843,two_parent,11,False,4,2706,3565.168647120343,12,7851,10538.852341713491,20,3420,4672.158131896827,17
1844,two_parent,11,False,2,828,1015.2964772258065,93
1845,two_parent,11,False,2,378,333.91743458943546,144
1846,two_parent,11,False,4,2706,3565.168647120343,14,7851,10538.852341713491,27,3420,4672.158131896827,15
1847,two_parent,11,False,2,396,366.3466759914429,139
1848,two_parent,11,False,2,354,299.0577176238275,164
1849,two_parent,11,False,2,786,960.5214869436592,121
1850,two_parent,11,False,2,2706,3565.168647120343,33
1851,two_parent,11,False,2,240,151.77184466019418,182
1852,two_parent,11,False,3,2673,3618.9270064605485,68,2820,3841.254060446486,53
1853,two_parent,11,False,2,2685,3448.382791962163,58
1854,two_parent,11,False,2,2691,3546.0159039789028,44
1855,two_parent,11,False,2,2706,3565.168647120343,25
1856,two_parent,11,False,2,2676,3279.176631089423,64
1857,two_parent,11,False,2,396,376.79899621523765,137
1858,two_parent,11,False,2,2706,3565.168647120343,42
1859,two_parent,11,False,2,366,402.82499588612814,154
1860,two_parent,11,False,2,2664,3339.038069313242,86
1861,two_parent,11,False,2,2655,3550.456260104657,88
1862,two_parent,11,False,2,207,63.907766990291265,187
1863,two_parent,11,False,4,2706,3565.168647120343,9,7851,10538.852341713491,24,3420,4672.158131896827,18
1864,two_parent,11,False,3,3981,5717.875137086501,5,1107,1478.410923023477,67
1865,two_parent,11,False,2,396,378.2034721079479,135
1866,two_parent,11,False,2,351,226.838900773408,171
1867,two_parent,11,False,2,2706,3565.168647120343,31
1868,two_parent,11,False,2,348,278.9649498107619,175
1869,two_parent,11,False,2,2685,3448.382791962163,59
1870,two_parent,11,False,4,2706,3565.168647120343,13,7851,10538.852341713491,21,3420,4672.158131896827,16
1871,two_parent,11,False,2,348,258.469433931216,179
1872,two_parent,11,False,2,240,117.25728155339803,183
1873,two_parent,11,False,2,2706,3565.168647120343,34
1874,two_parent,11,False,4,2706,3565.168647120343,15,7851,10538.852341713491,29,3420,4672.158131896827,22
1875,two_parent,11,False,2,144,45.21844660194172,190
1876,two_parent,11,False,2,2706,3565.168647120343,30
1877,two_parent,11,False,2,363,307.81635675497756,155
1878,two_parent,11,False,4,2706,3565.168647120343,8,7851,10538.852341713491,26,3420,4672.158131896827,14
1879,two_parent,11,False,2,2673,3540.5688446577824,69
1880,two_parent,11,False,2,96,-30.558252427184467,193
1881,two_parent,11,False,2,351,289.6420931380616,169
1882,two_parent,11,False,2,96,-30.558252427184467,199
1883,two_parent,11,False,2,2676,3279.176631089423,62
1884,two_parent,11,False,2,2667,3243.157693533157,85
1885,two_parent,11,False,2,348,278.9649498107619,176
1886,two_parent,11,False,2,807,1001.2085149063223,107
1887,two_parent,11,False,2,369,373.3663814382095,152
1888,two_parent,11,False,2,351,222.61868520651643,172
1889,two_parent,11,False,2,2706,3565.168647120343,19
1890,two_parent,11,False,2,96,-30.558252427184467,198
1891,two_parent,11,False,2,402,357.71947506993604,131
1892,two_parent,11,False,2,2706,3565.168647120343,23
1893,two_parent,11,False,2,2706,3565.168647120343,32
1894,two_parent,11,False,2,819,1072.9968492937608,96
1895,two_parent,11,False,2,390,411.957791673523,142
1896,two_parent,11,False,2,210,37.35436893203884,186
1897,two_parent,11,False,2,96,-30.558252427184467,195
1898,two_parent,11,False,2,2685,3448.382791962163,56
1899,two_parent,11,False,3,2655,3568.443598897721,87,1092,1397.8896646255237,91
1900,two_parent,11,False,2,804,1043.4623108866983,113
1901,two_parent,11,False,2,2685,3448.382791962163,60
1902,two_parent,11,False,5,2667,3642.356608460679,82,3726,5156.342718500885,31,5109,7184.541765074479,11,1833,2489.4806324838,102
1903,two_parent,11,False,2,2685,3448.382791962163,52
1904,two_parent,11,False,2,2706,3565.168647120343,40
1905,two_parent,11,False,2,2685,3526.804872282672,51
1906,two_parent,11,False,2,807,1067.5468681537038,98
1907,two_parent,11,False,2,396,407.2881355932203,134
1908,two_parent,11,False,3,2724,3797.746154656459,7,1092,1441.9997248624368,78
1909,two_parent,11,False,2,360,285.33260654928404,160
1910,two_parent,11,False,2,348,250.31553398058253,180
1911,two_parent,11,False,2,2706,3565.168647120343,38
1912,two_parent,11,False,2,357,297.27764521968083,161
1913,two_parent,11,False,2,252,193.30097087378638,181
1914,two_parent,11,False,2,2685,3448.382791962163,54
1915,two_parent,11,False,2,2667,3408.797040027207,83
1916,two_parent,11,False,2,804,1043.4831043080867,112
1917,two_parent,11,False,2,351,221.20659865065,173
1918,two_parent,11,False,2,2706,3565.168647120343,29
1919,two_parent,11,False,2,2685,3448.382791962163,57
1920,two_parent,11,False,2,807,1031.8072061770113,102
1921,two_parent,11,False,2,2706,3565.168647120343,39
1922,two_parent,11,False,2,402,350.4593138061543,133
1923,two_parent,11,False,2,402,357.71947506993604,132
1924,two_parent,11,False,2,360,389.877612308705,158
1925,two_parent,11,False,4,2706,3565.168647120343,17,7851,10538.852341713491,22,3420,4672.158131896827,20
1926,two_parent,11,False,2,354,203.25263287806484,168
1927,two_parent,11,False,2,384,350.8846881685041,143
1928,two_parent,11,False,5,2685,3576.3112543824404,50,3675,4937.372227097224,41,5118,6991.2614933956875,7,12894,18219.980624321455,58
1929,two_parent,11,False,2,2706,3565.168647120343,43
1930,two_parent,11,False,3,2673,3639.653781607806,66,1089,1409.6537123083724,112
1931,two_parent,11,False,2,807,1033.6725966819731,101
1932,two_parent,11,False,2,354,279.7941007075858,166
1933,two_parent,11,False,3,2673,3628.815388815664,67,1131,1469.8460149158225,59
1934,two_parent,11,False,2,2706,3565.168647120343,35
1935,two_parent,11,False,2,2670,3198.289914134403,81
1936,two_parent,11,False,2,2706,3565.168647120343,22
1937,two_parent,11,False,2,786,960.4092201175804,122
1938,two_parent,11,False,4,2706,3565.168647120343,18,7851,10538.852341713491,30,3420,4672.158131896827,21
1939,two_parent,11,False,2,369,397.17726674345903,148
1940,two_parent,11,False,2,96,-30.558252427184467,194
1941,two_parent,11,False,2,819,1101.4098755599982,95
1942,two_parent,11,False,2,789,947.5488303975708,117
1943,two_parent,11,False,2,348,274.6330426197138,177
1944,two_parent,11,False,2,375,363.0627776863584,146
1945,two_parent,11,False,2,2706,3565.168647120343,27
1946,two_parent,11,False,2,354,292.2015385881189,165
1947,two_parent,11,False,2,369,387.5927678130656,150
1948,two_parent,11,False,2,363,307.81635675497756,156
1949,two_parent,11,False,4,2706,3565.168647120343,16,7851,10538.852341713491,23,3420,4672.158131896827,23
1950,two_parent,11,False,2,2706,3565.168647120343,28
1951,two_parent,11,False,3,2685,3576.3112543824404,49,3675,4937.372227097224,43
1952,two_parent,11,False,2,786,955.7411324044382,123
1953,two_parent,11,False,2,369,377.18919697219013,151
1954,two_parent,11,False,4,2706,3565.168647120343,10,7851,10538.852341713491,28,3420,4672.158131896827,13
1955,two_parent,11,False,2,354,302.8805331578082,163
1956,two_parent,11,False,2,804,1051.401007941677,110
1957,two_parent,11,False,2,351,272.21614283363516,170
1958,two_parent,11,False,2,807,1037.5266738329997,99
1959,two_parent,11,False,2,369,319.31648017113713,153
1960,two_parent,12,False,2,357,377.49666221628814,156
1961,two_parent,12,False,2,360,349.33999718923457,151
1962,two_parent,12,False,2,354,386.94232661091957,166
1963,two_parent,12,False,2,1080,1507.6048487638777,126
1964,two_parent,12,False,2,2826,3504.420020314964,51
1965,two_parent,12,False,3,14406,20130.323924405206,5,3378,4829.2209473020575,72
1966,two_parent,12,False,2,2838,3578.072418212596,47
1967,two_parent,12,False,2,660,627.8406832892206,138
1968,two_parent,12,False,2,1107,1474.4298883592912,68
1969,two_parent,12,False,2,357,316.6204939919893,162
1970,two_parent,12,False,2,1110,1496.3443081894839,62
1971,two_parent,12,False,2,1089,1418.5740086751414,106
1972,two_parent,12,False,2,1086,1459.1296776893555,119
1973,two_parent,12,False,2,1092,1453.3286369839568,77
1974,two_parent,12,False,2,1092,1425.5002672676712,84
1975,two_parent,12,False,2,363,301.96797484365135,146
1976,two_parent,12,False,2,360,385.26658351486185,147
1977,two_parent,12,False,2,96,-26.23831775700934,197
1978,two_parent,12,False,2,3669,4891.393695123785,46
1979,two_parent,12,False,2,360,356.85738879910053,149
1980,two_parent,12,False,2,360,306.65018269973984,153
1981,two_parent,12,False,2,1089,1418.5740086751414,107
1982,two_parent,12,False,2,1815,2057.695287022116,56
1983,two_parent,12,False,2,207,74.57943925233639,174
1984,two_parent,12,False,2,1089,1496.387441084161,94
1985,two_parent,12,False,2,1089,1418.5740086751414,104
1986,two_parent,12,False,2,1107,1489.4095973439478,66
1987,two_parent,12,False,2,357,398.4106000983767,155
1988,two_parent,12,False,2,1089,1499.0048672956677,93
1989,two_parent,12,False,2,1086,1495.3266974968712,116
1990,two_parent,12,False,3,14406,20130.323924405206,3,3378,4829.2209473020575,109
1991,two_parent,12,False,2,1131,1490.1702451537406,58
1992,two_parent,12,False,2,96,-26.23831775700934,187
1993,two_parent,12,False,2,2811,3499.691583842994,54
1994,two_parent,12,False,2,1089,1441.9811208174642,101
1995,two_parent,12,False,2,1089,1418.5740086751414,105
1996,two_parent,12,False,2,207,34.731308411214954,176
1997,two_parent,12,False,2,1092,1425.5002672676712,81
1998,two_parent,12,False,2,363,378.1587731009764,145
1999,two_parent,12,False,2,1089,1472.6014993835665,100
2000,two_parent,12,False,3,7896,10569.706553501215,19,3414,4597.727201149127,25
2001,two_parent,12,False,2,96,-26.23831775700934,192
2002,two_parent,12,False,2,678,679.7979677093813,135
2003,two_parent,12,False,2,96,-26.23831775700934,194
2004,two_parent,12,False,2,360,352.00354859110394,150
2005,two_parent,12,False,2,1089,1492.02849467221,97
2006,two_parent,12,False,2,354,327.7220504532359,170
2007,two_parent,12,False,2,357,375.4663235190779,159
2008,two_parent,12,True,4,14406,18665.949107427605,8,5151,6785.208491612819,4,14406,19071.334505360224,54
2009,two_parent,12,False,2,2832,3365.9928424647987,50
2010,two_parent,12,False,2,1098,1410.1925737532738,71
2011,two_parent,12,False,2,96,-26.23831775700934,193
2012,two_parent,12,False,2,96,-26.23831775700934,199
2013,two_parent,12,False,2,1083,1490.867521445979,124
2014,two_parent,12,True,4,10884,14605.491263198543,9,14406,19117.74328505248,0,14406,19401.05928757135,41
2015,two_parent,12,False,2,2832,3522.320547993487,49
2016,two_parent,12,False,2,144,45.21028037383178,179
2017,two_parent,12,False,2,96,-26.23831775700934,195
2018,two_parent,12,False,2,207,107.59345794392527,173
2019,two_parent,12,False,2,144,45.21028037383178,184
2020,two_parent,12,False,2,1092,1399.6078297344156,90
2021,two_parent,12,False,2,663,641.3982995846309,137
2022,two_parent,12,False,2,1086,1510.6242836644212,115
2023,two_parent,12,False,2,96,-26.23831775700934,196
2024,two_parent,12,False,3,7902,10937.776195589544,18,3387,4765.349135292866,26
2025,two_parent,12,False,2,1089,1418.5740086751414,109
2026,two_parent,12,False,2,705,772.6390169836585,131
2027,two_parent,12,False,2,360,341.7533026491463,152
2028,two_parent,12,False,5,3675,4971.182061567347,38,5121,7103.112905971251,5,14406,19918.508832870262,31,2661,3563.5467010373823,88
2029,two_parent,12,False,2,354,392.79354929379485,165
2030,two_parent,12,False,2,1092,1425.5002672676712,85
2031,two_parent,12,False,2,1074,1447.6504709092862,127
2032,two_parent,12,False,2,1086,1385.694145830019,122
2033,two_parent,12,False,2,357,298.7748577050101,164
2034,two_parent,12,False,2,96,-26.23831775700934,189
2035,two_parent,12,False,3,14406,20130.323924405206,4,3378,4829.2209473020575,67
2036,two_parent,12,False,2,357,375.4663235190779,158
2037,two_parent,12,False,2,354,386.94232661091957,167
2038,two_parent,12,False,2,1092,1425.5002672676712,86
2039,two_parent,12,False,2,372,413.5617665659473,144
2040,two_parent,12,False,2,1089,1492.02849467221,99
2041,two_parent,12,False,2,1089,1430.746423223291,102
2042,two_parent,12,False,2,1092,1425.5002672676712,82
2043,two_parent,12,False,2,1089,1388.6852261152744,114
2044,two_parent,12,False,2,1083,1449.0400721848396,125
2045,two_parent,12,False,2,1098,1348.140379588414,72
2046,two_parent,12,False,2,1107,1513.024133492804,63
2047,two_parent,12,False,2,1071,1452.8781088202497,128
2048,two_parent,12,False,2,1815,2056.016082943904,57
2049,two_parent,12,False,2,1092,1404.3489302796431,89
2050,two_parent,12,False,2,1086,1471.365573886492,118
2051,two_parent,12,False,2,1095,1399.61043422747,75
2052,two_parent,12,False,2,96,-26.23831775700934,191
2053,two_parent,12,False,2,354,384.45216428922754,169
2054,two_parent,12,False,2,357,371.91500948633256,160
2055,two_parent,12,False,2,1086,1450.5123868057917,121
2056,two_parent,12,False,2,144,45.21028037383178,183
2057,two_parent,12,False,2,1089,1492.02849467221,96
2058,two_parent,12,False,2,645,657.9787511516328,140
2059,two_parent,12,False,2,96,-26.23831775700934,186
2060,two_parent,12,False,2,348,244.96890590963392,171
2061,two_parent,12,False,2,3702,4805.007328688993,32
2062,two_parent,12,False,2,708,789.4337186423979,130
2063,two_parent,12,False,2,3678,4902.540601549929,37
2064,two_parent,12,False,2,1113,1408.13460972102,60
2065,two_parent,12,False,3,14406,20130.323924405206,2,3378,4829.2209473020575,99
2066,two_parent,12,False,2,1092,1432.1520662399475,79
2067,two_parent,12,False,2,144,45.21028037383178,185
2068,two_parent,12,False,2,687,743.9001962005218,133
2069,two_parent,12,False,3,3678,5061.522235571862,36,3381,4744.15755995687,28
2070,two_parent,12,False,3,3684,5168.524298075465,34,3381,4815.125893181421,27
2071,two_parent,12,False,2,3672,4885.035199033945,44
2072,two_parent,12,False,2,1083,1497.5346812144085,123
2073,two_parent,12,False,2,96,-26.23831775700934,188
2074,two_parent,12,False,2,399,411.9688532077857,141
2075,two_parent,12,False,2,354,386.5270360480639,168
2076,two_parent,12,False,2,1107,1502.092353642332,65
2077,two_parent,12,False,2,1092,1427.1874125510733,80
2078,two_parent,12,False,2,1089,1495.4969841017198,95
2079,two_parent,12,False,2,1089,1411.4363226184748,111
2080,two_parent,12,False,2,1095,1389.3011633262797,76
2081,two_parent,12,False,2,1095,1467.0195213202064,73
2082,two_parent,12,False,2,144,45.21028037383178,182
2083,two_parent,12,False,2,3684,4691.342553469864,35
2084,two_parent,12,False,2,699,764.6918544088676,132
2085,two_parent,12,False,2,375,312.12731009767424,142
2086,two_parent,12,False,3,14406,19539.138381008757,7,3381,4721.224909540665,29
2087,two_parent,12,False,2,171,64.17056074766353,177
2088,two_parent,12,False,2,207,62.418224299065415,175
2089,two_parent,12,False,2,96,-26.23831775700934,190
2090,two_parent,12,False,2,1095,1401.1189020718803,74
2091,two_parent,12,False,5,3675,4951.987192074496,39,5109,7030.982308408601,12,14406,19847.649164025173,35,2661,3529.9714149921915,90
2092,two_parent,12,False,2,2823,3636.37311060255,52
2093,two_parent,12,False,2,1860,2112.8611833997707,55
2094,two_parent,12,False,2,1107,1508.2896127959214,64
2095,two_parent,12,False,2,153,50.99299065420561,178
2096,two_parent,12,False,2,357,377.49666221628814,157
2097,two_parent,12,False,2,1107,1444.8023995936596,69
2098,two_parent,12,False,2,681,682.9900417906128,134
2099,two_parent,12,False,2,1089,1413.0456618536832,110
2100,two_parent,12,False,2,372,414.42317827278447,143
2101,two_parent,12,False,2,357,305.98025437425326,163
2102,two_parent,12,False,3,14406,20130.323924405206,1,3378,4829.2209473020575,64
2103,two_parent,12,False,2,144,45.21028037383178,181
2104,two_parent,12,False,2,2832,3631.6769649909343,48
2105,two_parent,12,False,2,1086,1451.1953080759522,120
2106,two_parent,12,False,2,648,640.8847481339639,139
2107,two_parent,12,False,2,96,-26.23831775700934,198
2108,two_parent,12,False,2,360,358.6626906050171,148
2109,two_parent,12,False,2,1089,1418.5740086751414,103
2110,two_parent,12,False,2,1092,1339.4900292917594,92
2111,two_parent,12,False,2,1092,1425.5002672676712,87
2112,two_parent,12,False,2,663,644.5346646405723,136
2113,two_parent,12,False,2,276,262.9672897196259,172
2114,two_parent,12,False,5,14406,20130.323924405206,6,3378,4829.2209473020575,52,14406,20612.89650394039,11,13749,19628.702515297944,27
2115,two_parent,12,False,2,1086,1491.8279084729634,117
2116,two_parent,12,False,2,357,357.875237158316,161
2117,two_parent,12,False,2,144,45.21028037383178,180
2118,two_parent,12,False,2,3672,4873.693088035704,45
2119,two_parent,12,False,2,360,297.0824256903941,154
2120,two_parent,13,False,2,1518,2169.5792266440435,155
2121,two_parent,13,False,2,3378,4829.2209473020575,122
2122,two_parent,13,False,4,3378,4829.2209473020575,48,14406,20612.89650394039,24,13749,19628.702515297944,13
2123,two_parent,13,False,2,3378,4829.2209473020575,140
2124,two_parent,13,False,2,96,-15.552325581395358,180
2125,two_parent,13,False,2,3378,4829.2209473020575,134
2126,two_parent,13,False,2,3378,4829.2209473020575,130
2127,two_parent,13,False,2,3378,4829.2209473020575,121
2128,two_parent,13,False,4,3378,4829.2209473020575,51,14406,20612.89650394039,23,13749,19628.702515297944,16
2129,two_parent,13,False,2,3378,4829.2209473020575,136
2130,two_parent,13,False,2,96,-15.552325581395358,185
2131,two_parent,13,False,2,3378,4829.2209473020575,104
2132,two_parent,13,False,2,96,-15.552325581395358,191
2133,two_parent,13,False,2,3378,4829.2209473020575,69
2134,two_parent,13,False,2,552,581.0193724480741,163
2135,two_parent,13,False,2,510,577.4782531510739,164
2136,two_parent,13,False,4,3378,4829.2209473020575,47,14406,20612.89650394039,10,13749,19628.702515297944,17
2137,two_parent,13,False,2,96,-15.552325581395358,181
2138,two_parent,13,False,2,96,-15.552325581395358,187
2139,two_parent,13,False,2,1527,2110.257503570617,152
2140,two_parent,13,False,2,3378,4829.2209473020575,75
2141,two_parent,13,False,2,3378,4829.2209473020575,98
2142,two_parent,13,False,2,1509,2153.1141701216584,158
2143,two_parent,13,False,2,3378,4829.2209473020575,81
2144,two_parent,13,False,2,3378,4829.2209473020575,131
2145,two_parent,13,False,2,204,70.81395348837212,175
2146,two_parent,13,False,3,3414,5053.251594027829,24,2682,3897.2083444436003,66
2147,two_parent,13,False,2,504,565.381279957394,165
2148,two_parent,13,False,2,96,-15.552325581395358,183
2149,two_parent,13,False,2,96,-15.552325581395358,197
2150,two_parent,13,False,2,3378,4829.2209473020575,66
2151,two_parent,13,False,2,3378,4829.2209473020575,62
2152,two_parent,13,False,4,3378,4829.2209473020575,54,14406,20612.89650394039,22,13749,19628.702515297944,25
2153,two_parent,13,False,4,3378,4829.2209473020575,45,14406,20612.89650394039,14,13749,19628.702515297944,18
2154,two_parent,13,False,2,3378,4829.2209473020575,135
2155,two_parent,13,False,2,3378,4829.2209473020575,77
2156,two_parent,13,False,2,3378,4829.2209473020575,82
2157,two_parent,13,False,2,3378,4829.2209473020575,114
2158,two_parent,13,False,2,96,-15.552325581395358,192
2159,two_parent,13,False,2,3378,4829.2209473020575,116
2160,two_parent,13,False,2,1518,2188.1448557326466,154
2161,two_parent,13,False,2,96,-15.552325581395358,182
2162,two_parent,13,False,2,3378,4829.2209473020575,61
2163,two_parent,13,False,2,3378,4829.2209473020575,97
2164,two_parent,13,False,2,555,709.4547088585122,162
2165,two_parent,13,False,2,3378,4829.2209473020575,56
2166,two_parent,13,False,2,3378,4829.2209473020575,143
2167,two_parent,13,False,2,3378,4829.2209473020575,108
2168,two_parent,13,False,2,204,73.64825581395353,174
2169,two_parent,13,False,2,96,-15.552325581395358,195
2170,two_parent,13,False,2,3378,4829.2209473020575,126
2171,two_parent,13,False,2,3378,4829.2209473020575,78
2172,two_parent,13,False,2,3378,4829.2209473020575,65
2173,two_parent,13,False,2,3378,4829.2209473020575,74
2174,two_parent,13,False,2,3378,4829.2209473020575,76
2175,two_parent,13,False,2,3378,4829.2209473020575,117
2176,two_parent,13,False,2,1509,2116.9732504944973,160
2177,two_parent,13,False,2,3378,4829.2209473020575,102
2178,two_parent,13,False,4,3378,4829.2209473020575,44,14406,20612.89650394039,17,13749,19628.702515297944,21
2179,two_parent,13,False,2,3378,4829.2209473020575,71
2180,two_parent,13,False,4,3378,4829.2209473020575,40,14406,20612.89650394039,16,13749,19628.702515297944,14
2181,two_parent,13,False,4,3378,4829.2209473020575,43,14406,20612.89650394039,18,13749,19628.702515297944,24
2182,two_parent,13,False,2,504,525.675039943192,166
2183,two_parent,13,False,3,5172,6943.60477708374,3,1872,2431.096644609043,92
2184,two_parent,13,False,2,96,-15.552325581395358,189
2185,two_parent,13,False,2,1224,1710.2483378838074,161
2186,two_parent,13,False,2,3378,4829.2209473020575,124
2187,two_parent,13,False,2,3378,4829.2209473020575,112
2188,two_parent,13,False,2,96,-15.552325581395358,190
2189,two_parent,13,False,2,96,-15.552325581395358,184
2190,two_parent,13,False,2,3378,4829.2209473020575,91
2191,two_parent,13,False,2,492,415.4145881413102,167
2192,two_parent,13,False,2,3378,4829.2209473020575,115
2193,two_parent,13,False,2,3378,4829.2209473020575,105
2194,two_parent,13,False,2,3378,4829.2209473020575,68
2195,two_parent,13,False,2,3378,4829.2209473020575,95
2196,two_parent,13,False,2,3378,4829.2209473020575,57
2197,two_parent,13,False,2,3378,4829.2209473020575,88
2198,two_parent,13,False,2,96,-15.552325581395358,198
2199,two_parent,13,False,2,3378,4829.2209473020575,120
2200,two_parent,13,True,3,11454,15258.666354715759,1,14406,19090.31907858886,50
2201,two_parent,13,False,2,3378,4829.2209473020575,111
2202,two_parent,13,False,2,2364,2925.9208059513617,151
2203,two_parent,13,False,2,3378,4829.2209473020575,58
2204,two_parent,13,False,2,3378,4829.2209473020575,145
2205,two_parent,13,False,2,3378,4829.2209473020575,83
2206,two_parent,13,False,2,3378,4829.2209473020575,100
2207,two_parent,13,False,2,204,88.86627906976742,173
2208,two_parent,13,False,2,3378,4829.2209473020575,63
2209,two_parent,13,False,2,3378,4829.2209473020575,142
2210,two_parent,13,False,2,3378,4829.2209473020575,129
2211,two_parent,13,False,2,3378,4829.2209473020575,133
2212,two_parent,13,False,2,3378,4829.2209473020575,101
2213,two_parent,13,False,2,3378,4829.2209473020575,103
2214,two_parent,13,False,3,5115,6293.689873388503,10,1788,2180.302472767004,117
2215,two_parent,13,False,2,144,10.784883720930232,178
2216,two_parent,13,False,2,3378,4829.2209473020575,55
2217,two_parent,13,False,2,3378,4829.2209473020575,90
2218,two_parent,13,False,2,210,83.66279069767447,170
2219,two_parent,13,False,2,3378,4829.2209473020575,132
2220,two_parent,13,False,2,144,10.784883720930232,177
2221,two_parent,13,False,2,3378,4829.2209473020575,89
2222,two_parent,13,False,2,3378,4829.2209473020575,106
2223,two_parent,13,False,2,96,-15.552325581395358,196
2224,two_parent,13,False,2,3378,4829.2209473020575,94
2225,two_parent,13,False,2,3378,4829.2209473020575,70
2226,two_parent,13,False,2,3378,4829.2209473020575,87
2227,two_parent,13,False,2,3378,4829.2209473020575,80
2228,two_parent,13,False,2,1512,2153.298482786689,157
2229,two_parent,13,False,2,3378,4829.2209473020575,73
2230,two_parent,13,False,2,3378,4829.2209473020575,79
2231,two_parent,13,False,2,2412,3547.1668223090714,149
2232,two_parent,13,False,2,3378,4829.2209473020575,59
2233,two_parent,13,False,2,3378,4829.2209473020575,113
2234,two_parent,13,False,2,3378,4829.2209473020575,141
2235,two_parent,13,False,2,3378,4829.2209473020575,139
2236,two_parent,13,False,2,3378,4829.2209473020575,86
2237,two_parent,13,False,2,3378,4829.2209473020575,123
2238,two_parent,13,False,4,3378,4829.2209473020575,42,14406,20612.89650394039,13,13749,19628.702515297944,19
2239,two_parent,13,False,2,3378,4829.2209473020575,127
2240,two_parent,13,False,2,3378,4829.2209473020575,125
2241,two_parent,13,False,2,96,-15.552325581395358,199
2242,two_parent,13,False,2,144,10.784883720930232,176
2243,two_parent,13,False,3,3378,4992.621900276517,30,2661,3887.6073352620697,77
2244,two_parent,13,False,4,5115,7120.125188647751,9,14406,19988.851617415407,28,2670,3535.341262304191,87
2245,two_parent,13,False,4,3378,4829.2209473020575,49,14406,20612.89650394039,12,13749,19628.702515297944,23
2246,two_parent,13,False,2,96,-15.552325581395358,193
2247,two_parent,13,False,2,1521,2045.3829741922282,153
2248,two_parent,13,False,2,3378,4829.2209473020575,144
2249,two_parent,13,False,2,207,17.93604651162788,172
2250,two_parent,13,False,2,213,165.5813953488372,168
2251,two_parent,13,False,2,3378,4829.2209473020575,84
2252,two_parent,13,False,2,3378,4829.2209473020575,119
2253,two_parent,13,False,4,3378,4829.2209473020575,46,14406,20612.89650394039,21,13749,19628.702515297944,20
2254,two_parent,13,False,2,207,78.24127906976742,171
2255,two_parent,13,False,2,1509,2124.248142392597,159
2256,two_parent,13,False,2,3378,4829.2209473020575,138
2257,two_parent,13,False,2,3378,4829.2209473020575,128
2258,two_parent,13,False,2,3378,4829.2209473020575,110
2259,two_parent,13,False,2,2373,3008.4693687247914,150
2260,two_parent,13,False,2,3378,4829.2209473020575,60
2261,two_parent,13,False,4,3378,4829.2209473020575,41,14406,20612.89650394039,20,13749,19628.702515297944,26
2262,two_parent,13,False,3,3378,4981.2137938863725,31,2664,3852.9175444769826,73
2263,two_parent,13,False,2,3378,4829.2209473020575,92
2264,two_parent,13,False,3,3375,5013.415439801264,148,2658,3879.3525859360025,81
2265,two_parent,13,False,2,3378,4829.2209473020575,118
2266,two_parent,13,False,2,3378,4829.2209473020575,85
2267,two_parent,13,False,4,3378,4829.2209473020575,50,14406,20612.89650394039,15,13749,19628.702515297944,15
2268,two_parent,13,False,2,96,-15.552325581395358,179
2269,two_parent,13,False,2,3378,4829.2209473020575,146
2270,two_parent,13,False,2,3378,4829.2209473020575,96
2271,two_parent,13,False,4,3378,4829.2209473020575,53,14406,20612.89650394039,19,13749,19628.702515297944,22
2272,two_parent,13,False,2,3378,4829.2209473020575,137
2273,two_parent,13,False,2,3378,4829.2209473020575,93
2274,two_parent,13,False,2,3378,4767.067101618401,147
2275,two_parent,13,False,2,96,-15.552325581395358,194
2276,two_parent,13,False,2,1518,2129.294951630319,156
2277,two_parent,13,False,2,96,-15.552325581395358,186
2278,two_parent,13,False,2,96,-15.552325581395358,188
2279,two_parent,13,False,2,210,99.75290697674416,169
2280,two_parent,14,True,2,14406,19401.05928757135,42
2281,two_parent,14,False,2,144,42.56613756613757,177
2282,two_parent,14,False,2,1368,1921.187876080147,125
2283,two_parent,14,False,2,1869,2504.430815403893,97
2284,two_parent,14,False,2,147,44.37830687830687,174
2285,two_parent,14,False,2,1794,2164.694342501924,116
2286,two_parent,14,False,2,2091,2981.8703096503914,91
2287,two_parent,14,False,2,2664,3835.495289877414,75
2288,two_parent,14,False,3,14406,19401.05928757135,39,3156,4063.771677702928,81
2289,two_parent,14,False,2,1824,2294.4991458150876,106
2290,two_parent,14,False,2,1845,2387.5141043180165,99
2291,two_parent,14,False,2,1800,2151.1525656876693,112
2292,two_parent,14,False,2,2670,3764.9295631801497,70
2293,two_parent,14,False,2,96,-37.539682539682545,187
2294,two_parent,14,False,2,144,42.56613756613757,178
2295,two_parent,14,False,2,8493,11003.276105636432,63
2296,two_parent,14,False,2,651,601.2450029295437,155
2297,two_parent,14,False,3,14406,19847.649164025173,34,2661,3529.9714149921915,89
2298,two_parent,14,False,2,231,167.8968253968254,162
2299,two_parent,14,False,2,1080,1168.1155554428926,145
2300,two_parent,14,True,2,14406,19371.172588497255,46
2301,two_parent,14,False,2,1839,2528.353574200006,100
2302,two_parent,14,False,2,96,-37.539682539682545,185
2303,two_parent,14,False,3,14406,20078.354522206366,27,3141,4132.4288118712675,82
2304,two_parent,14,False,2,2526,3751.278669891169,88
2305,two_parent,14,True,2,14406,19090.31907858886,49
2306,two_parent,14,False,3,14406,19401.05928757135,38,3156,4063.771677702928,80
2307,two_parent,14,False,2,1797,2384.947467790067,114
2308,two_parent,14,False,2,1089,1213.0629719402716,138
2309,two_parent,14,False,3,14406,19766.31209077472,37,13785,19057.09825920764,9
2310,two_parent,14,False,2,1869,2504.430815403893,93
2311,two_parent,14,False,2,8463,10991.387772870097,64
2312,two_parent,14,False,2,2661,3784.2667011727976,78
2313,two_parent,14,False,2,1374,1963.0692474059408,124
2314,two_parent,14,False,2,1368,1908.0297191970005,126
2315,two_parent,14,False,2,1836,2175.781444102044,101
2316,two_parent,14,False,2,96,-37.539682539682545,196
2317,two_parent,14,False,2,96,-37.539682539682545,193
2318,two_parent,14,False,2,165,62.83068783068785,171
2319,two_parent,14,False,2,207,68.74338624338623,168
2320,two_parent,14,False,2,96,-37.539682539682545,197
2321,two_parent,14,False,2,669,604.3385752938962,152
2322,two_parent,14,False,2,1089,1208.8002065688336,139
2323,two_parent,14,False,2,96,-37.539682539682545,180
2324,two_parent,14,False,2,96,-37.539682539682545,190
2325,two_parent,14,True,2,14406,19090.31907858886,52
2326,two_parent,14,False,2,1086,1267.2091486569882,141
2327,two_parent,14,False,2,1824,2381.9608909820795,105
2328,two_parent,14,False,2,2670,3966.0679747871723,68
2329,two_parent,14,True,3,14406,19847.956926054794,33,14406,19649.178528769447,7
2330,two_parent,14,False,2,234,110.48941798941789,161
2331,two_parent,14,False,2,96,-37.539682539682545,181
2332,two_parent,14,False,2,96,-37.539682539682545,195
2333,two_parent,14,False,2,1131,1190.467667404482,128
2334,two_parent,14,True,2,14406,18429.28619037777,55
2335,two_parent,14,False,2,2670,3907.4403421903967,69
2336,two_parent,14,False,2,1365,1758.5231761226564,127
2337,two_parent,14,False,2,207,74.17989417989413,167
2338,two_parent,14,False,2,207,40.01322751322749,169
2339,two_parent,14,False,2,1095,1141.1084215913932,137
2340,two_parent,14,False,2,2535,3654.294177597466,86
2341,two_parent,14,False,2,228,151.2169312169312,163
2342,two_parent,14,False,2,1812,2092.955056606119,109
2343,two_parent,14,False,3,14406,20553.46957111063,25,3165,4209.07021759353,79
2344,two_parent,14,False,2,96,-37.539682539682545,184
2345,two_parent,14,False,2,2661,3773.185731770311,79
2346,two_parent,14,False,2,219,134.3386243386244,164
2347,two_parent,14,False,2,96,-37.539682539682545,183
2348,two_parent,14,True,5,14406,19941.97720686885,29,14406,19849.36286001727,5,14406,19711.018351085484,19,14406,19945.954962409454,104
2349,two_parent,14,False,2,669,596.6483852966206,153
2350,two_parent,14,False,2,213,76.42857142857144,165
2351,two_parent,14,False,3,14406,20547.754408844346,26,1650,2259.2311475160463,95
2352,two_parent,14,False,3,14406,19919.864138729044,30,13794,19171.517985019844,8
2353,two_parent,14,False,2,1095,1153.6893593411717,136
2354,two_parent,14,False,2,1071,1450.1875024924725,148
2355,two_parent,14,False,2,2538,3774.636098307476,85
2356,two_parent,14,False,2,162,56.01851851851852,172
2357,two_parent,14,False,2,1077,1174.9321384721743,146
2358,two_parent,14,False,2,1869,2504.430815403893,95
2359,two_parent,14,False,2,2667,3785.3690538631163,72
2360,two_parent,14,False,2,144,42.56613756613757,175
2361,two_parent,14,False,2,210,29.550264550264515,166
2362,two_parent,14,False,2,1869,2504.430815403893,94
2363,two_parent,14,False,2,2655,3707.688393243319,83
2364,two_parent,14,False,2,96,-37.539682539682545,188
2365,two_parent,14,False,2,1380,1896.2061020427009,123
2366,two_parent,14,False,2,1095,1510.0026192708185,131
2367,two_parent,14,False,2,2691,3890.623626179197,65
2368,two_parent,14,False,2,1797,2181.8255608949453,115
2369,two_parent,14,False,2,1098,1534.347563017692,130
2370,two_parent,14,False,2,2655,3826.0233788318833,82
2371,two_parent,14,False,2,234,124.89417989417984,160
2372,two_parent,14,False,2,96,-37.539682539682545,182
2373,two_parent,14,False,2,96,-37.539682539682545,186
2374,two_parent,14,False,2,2664,3624.1212865657576,76
2375,two_parent,14,True,2,14406,19090.31907858886,51
2376,two_parent,14,True,2,14406,19090.31907858886,53
2377,two_parent,14,False,2,204,91.54761904761907,170
2378,two_parent,14,False,2,1827,2312.797105672904,104
2379,two_parent,14,False,2,246,199.29894179894188,157
2380,two_parent,14,False,2,1797,2591.6949287572384,113
2381,two_parent,14,False,2,1095,1284.559735687791,132
2382,two_parent,14,False,2,264,213.30687830687827,156
2383,two_parent,14,True,2,14406,19401.05928757135,40
2384,two_parent,14,False,2,12894,18647.250107480424,56
2385,two_parent,14,False,2,1812,2296.2421887817954,108
2386,two_parent,14,False,2,1833,2292.916455614058,103
2387,two_parent,14,False,2,1086,1297.3623654597836,140
2388,two_parent,14,False,2,1068,1068.6510900229628,149
2389,two_parent,14,False,2,1083,1196.1910790945426,144
2390,two_parent,14,False,2,2664,3839.346144105207,74
2391,two_parent,14,False,2,1095,1193.665897517016,134
2392,two_parent,14,False,2,2667,3987.1864774742717,71
2393,two_parent,14,False,3,14406,20621.7828440319,9,666,854.6945721352888,129
2394,two_parent,14,False,2,1398,1978.2371350302317,119
2395,two_parent,14,False,2,153,48.75661375661376,173
2396,two_parent,14,False,2,1095,1189.3738788390906,135
2397,two_parent,14,False,2,96,-37.539682539682545,198
2398,two_parent,14,False,2,1392,1877.8620850582588,121
2399,two_parent,14,False,2,651,623.2740101018651,154
2400,two_parent,14,False,2,678,628.5521496159564,150
2401,two_parent,14,False,2,9714,14033.407118885236,60
2402,two_parent,14,False,2,234,202.49999999999994,159
2403,two_parent,14,False,2,96,-37.539682539682545,199
2404,two_parent,14,True,2,14406,19401.05928757135,43
2405,two_parent,14,False,2,144,42.56613756613757,179
2406,two_parent,14,False,3,14406,19806.73841999437,36,13773,19076.95620537854,12
2407,two_parent,14,False,2,2661,3661.8769800829145,80
2408,two_parent,14,False,2,96,-37.539682539682545,189
2409,two_parent,14,False,2,1392,1920.577908483622,120
2410,two_parent,14,False,2,1809,2298.677467689486,110
2411,two_parent,14,False,2,9051,12698.494686685228,62
2412,two_parent,14,False,2,96,-37.539682539682545,194
2413,two_parent,14,True,2,14406,19090.31907858886,47
2414,two_parent,14,False,2,1437,1923.900748181778,118
2415,two_parent,14,True,2,14406,19090.31907858886,48
2416,two_parent,14,False,2,144,42.56613756613757,176
2417,two_parent,14,False,2,1800,2650.3863708651343,111
2418,two_parent,14,False,2,1107,1163.470321943734,129
2419,two_parent,14,False,2,1086,1242.274728435984,142
2420,two_parent,14,False,2,1095,1236.1660088576764,133
2421,two_parent,14,False,2,1083,1244.226219279737,143
2422,two_parent,14,False,2,672,609.4610264358887,151
2423,two_parent,14,False,2,9060,12160.546713465817,61
2424,two_parent,14,False,2,240,109.28571428571428,158
2425,two_parent,14,False,2,96,-37.539682539682545,191
2426,two_parent,14,False,2,1386,1982.3971028708893,122
2427,two_parent,14,False,2,1074,1137.8216769144556,147
2428,two_parent,14,False,2,2673,3741.871633152346,67
2429,two_parent,14,False,2,1821,2319.0305650050805,107
2430,two_parent,14,True,2,14406,19401.05928757135,44
2431,two_parent,14,False,2,2100,3064.7603311986636,89
2432,two_parent,14,False,2,2544,3806.934062302097,84
2433,two_parent,14,False,2,96,-37.539682539682545,192
2434,two_parent,14,False,2,2097,3006.7324479117474,90
2435,two_parent,14,False,3,14406,21050.667767912255,0,1248,1695.9544290141405,104
2436,two_parent,14,False,2,1866,2244.6370542258373,98
2437,two_parent,14,True,3,14406,19847.956926054794,32,14406,19649.178528769447,6
2438,two_parent,14,False,2,2529,3435.9436983317155,87
2439,two_parent,14,True,2,14406,19401.05928757135,45
2440,two_parent,15,False,2,663,832.8320212171759,140
2441,two_parent,15,False,2,13740,19829.928565761005,68
2442,two_parent,15,False,2,663,793.9052160902953,143
2443,two_parent,15,False,2,213,101.46449704142006,163
2444,two_parent,15,False,2,210,42.58875739644972,168
2445,two_parent,15,False,2,1248,1728.782083265692,99
2446,two_parent,15,False,2,678,715.8141240030867,120
2447,two_parent,15,False,2,204,98.89053254437869,175
2448,two_parent,15,False,3,13740,19829.928565761005,34,3855,5482.359969137773,42
2449,two_parent,15,False,2,13779,19646.70010359035,10
2450,two_parent,15,False,2,660,826.3724959244976,147
2451,two_parent,15,False,2,1257,1432.0300013697752,97
2452,two_parent,15,False,2,666,846.3625506666289,130
2453,two_parent,15,False,2,207,88.04733727810651,170
2454,two_parent,15,False,2,1248,1695.9544290141405,100
2455,two_parent,15,False,2,8631,12148.995845799376,76
2456,two_parent,15,False,2,657,853.2752139853773,149
2457,two_parent,15,False,2,96,-14.053254437869825,188
2458,two_parent,15,False,2,696,878.8146387063744,117
2459,two_parent,15,False,2,96,-14.053254437869825,193
2460,two_parent,15,False,2,96,-14.053254437869825,192
2461,two_parent,15,False,2,96,-14.053254437869825,191
2462,two_parent,15,False,2,144,5.946745562130182,183
2463,two_parent,15,False,2,8577,11813.480563784904,77
2464,two_parent,15,False,2,639,780.4449012645692,154
2465,two_parent,15,False,2,711,764.6017837486711,115
2466,two_parent,15,False,3,13740,19829.928565761005,53,3855,5482.359969137773,51
2467,two_parent,15,False,3,13740,19829.928565761005,55,3855,5482.359969137773,63
2468,two_parent,15,False,3,13740,19829.928565761005,35,3855,5482.359969137773,32
2469,two_parent,15,False,2,639,736.3697862715552,157
2470,two_parent,15,False,2,639,767.5979803512433,155
2471,two_parent,15,False,2,96,-14.053254437869825,194
2472,two_parent,15,False,2,669,869.8235742991384,121
2473,two_parent,15,False,3,13740,19829.928565761005,48,3855,5482.359969137773,50
2474,two_parent,15,False,2,663,827.5405790730528,141
2475,two_parent,15,False,3,13740,19829.928565761005,51,3855,5482.359969137773,31
2476,two_parent,15,False,3,13740,19829.928565761005,32,3855,5482.359969137773,46
2477,two_parent,15,False,2,207,84.14201183431953,171
2478,two_parent,15,False,2,645,737.2740099652934,152
2479,two_parent,15,False,3,13740,19829.928565761005,33,3855,5482.359969137773,57
2480,two_parent,15,False,2,1248,1695.9544290141405,105
2481,two_parent,15,False,2,207,63.10650887573965,174
2482,two_parent,15,False,2,1650,2322.6918081565404,94
2483,two_parent,15,False,2,666,865.2250438273197,127
2484,two_parent,15,False,2,210,119.63017751479288,164
2485,two_parent,15,False,2,666,859.2286833831225,128
2486,two_parent,15,False,2,207,80.68047337278102,172
2487,two_parent,15,False,5,14406,21415.550491928036,0,3828,5666.006334914325,71,14406,21587.434482267738,6,2109,2952.1180383891747,23
2488,two_parent,15,False,2,1248,1695.9544290141405,110
2489,two_parent,15,False,3,13740,19829.928565761005,56,3855,5482.359969137773,62
2490,two_parent,15,False,2,2706,3442.5528504269705,85
2491,two_parent,15,False,2,96,-14.053254437869825,197
2492,two_parent,15,False,2,13740,19829.928565761005,67
2493,two_parent,15,False,2,213,143.3136094674556,160
2494,two_parent,15,False,2,639,818.7182527617314,153
2495,two_parent,15,False,2,144,5.946745562130182,178
2496,two_parent,15,False,2,144,5.946745562130182,182
2497,two_parent,15,False,2,96,-14.053254437869825,186
2498,two_parent,15,True,4,14406,20731.532388154992,1,14406,20622.85313086177,9,14406,20870.495184948075,47
2499,two_parent,15,False,2,13740,19829.928565761005,71
2500,two_parent,15,False,2,2652,3410.8090596812926,91
2501,two_parent,15,False,2,639,740.7436384895118,156
2502,two_parent,15,False,2,13740,19829.928565761005,72
2503,two_parent,15,False,2,666,872.946937318444,123
2504,two_parent,15,False,2,144,5.946745562130182,181
2505,two_parent,15,False,2,663,872.1768629890868,134
2506,two_parent,15,False,4,14406,20257.808013861846,4,5586,7855.787054724538,27,1077,1388.3642221013868,123
2507,two_parent,15,False,3,13740,19829.928565761005,41,3855,5482.359969137773,48
2508,two_parent,15,False,2,213,130.17751479289947,162
2509,two_parent,15,False,2,96,-14.053254437869825,187
2510,two_parent,15,False,2,144,5.946745562130182,177
2511,two_parent,15,False,3,13740,19829.928565761005,44,3855,5482.359969137773,39
2512,two_parent,15,False,2,660,871.8844762303063,144
2513,two_parent,15,False,2,666,870.4663042451368,124
2514,two_parent,15,False,3,13740,19829.928565761005,36,3855,5482.359969137773,44
2515,two_parent,15,False,3,13740,19829.928565761005,42,3855,5482.359969137773,49
2516,two_parent,15,False,3,13740,19829.928565761005,30,3855,5482.359969137773,60
2517,two_parent,15,False,3,13740,19829.928565761005,61,3855,5482.359969137773,55
2518,two_parent,15,False,3,13740,19829.928565761005,38,3855,5482.359969137773,38
2519,two_parent,15,False,2,1248,1695.9544290141405,107
2520,two_parent,15,False,2,96,-14.053254437869825,189
2521,two_parent,15,False,2,663,853.6697332168798,136
2522,two_parent,15,False,2,699,835.3547182489892,116
2523,two_parent,15,False,2,207,107.84023668639054,169
2524,two_parent,15,False,2,210,111.55325443786981,166
2525,two_parent,15,False,2,663,875.019909796153,133
2526,two_parent,15,False,2,645,765.3551233473013,151
2527,two_parent,15,False,2,213,133.99408284023673,161
2528,two_parent,15,False,2,96,-14.053254437869825,198
2529,two_parent,15,False,3,13740,19829.928565761005,54,3855,5482.359969137773,59
2530,two_parent,15,False,2,636,752.195035661645,158
2531,two_parent,15,False,2,663,871.8069836266512,135
2532,two_parent,15,False,3,13740,19829.928565761005,52,3855,5482.359969137773,34
2533,two_parent,15,False,2,144,5.946745562130182,179
2534,two_parent,15,False,3,13740,19829.928565761005,58,3855,5482.359969137773,47
2535,two_parent,15,False,2,210,107.51479289940829,167
2536,two_parent,15,False,2,13740,19829.928565761005,73
2537,two_parent,15,False,2,681,686.9138853199162,119
2538,two_parent,15,False,2,2967,3777.8471208904734,84
2539,two_parent,15,False,2,3987,5281.846058336262,78
2540,two_parent,15,False,2,96,-14.053254437869825,199
2541,two_parent,15,False,3,13740,19829.928565761005,45,3855,5482.359969137773,37
2542,two_parent,15,False,3,13740,19829.928565761005,57,3855,5482.359969137773,40
2543,two_parent,15,False,2,1227,1393.4655307543917,114
2544,two_parent,15,False,2,2670,3662.760318295174,86
2545,two_parent,15,False,3,13740,19829.928565761005,29,3855,5482.359969137773,41
2546,two_parent,15,False,2,1248,1695.9544290141405,102
2547,two_parent,15,False,2,660,858.0389616137812,145
2548,two_parent,15,False,2,96,-14.053254437869825,184
2549,two_parent,15,False,3,13740,19829.928565761005,31,3855,5482.359969137773,52
2550,two_parent,15,False,2,13740,19829.928565761005,62
2551,two_parent,15,False,2,13776,19740.17660517095,11
2552,two_parent,15,False,2,1278,1717.0747046461147,96
2553,two_parent,15,False,3,13740,19829.928565761005,40,3855,5482.359969137773,61
2554,two_parent,15,False,5,14406,20708.952166737326,2,14406,20602.394803400828,14,14406,21013.761176808835,16,2088,2802.353608430069,135
2555,two_parent,15,False,2,1248,1695.9544290141405,109
2556,two_parent,15,False,2,96,-14.053254437869825,185
2557,two_parent,15,False,3,13740,19829.928565761005,47,3855,5482.359969137773,35
2558,two_parent,15,False,3,13740,19829.928565761005,60,3855,5482.359969137773,58
2559,two_parent,15,False,2,1248,1695.9544290141405,106
2560,two_parent,15,False,2,1248,1695.9544290141405,101
2561,two_parent,15,False,2,237,153.97928994082832,159
2562,two_parent,15,False,2,663,875.6114700621664,132
2563,two_parent,15,False,2,144,5.946745562130182,180
2564,two_parent,15,False,3,14406,20689.648020494467,3,3813,5528.217819835844,82
2565,two_parent,15,False,2,666,878.1686862064464,122
2566,two_parent,15,False,2,663,850.9583322121357,137
2567,two_parent,15,False,3,13740,19829.928565761005,39,3855,5482.359969137773,65
2568,two_parent,15,False,2,660,777.0262471851638,148
2569,two_parent,15,False,3,13740,19829.928565761005,28,3855,5482.359969137773,43
2570,two_parent,15,False,2,663,818.5123609682896,142
2571,two_parent,15,False,2,204,83.75739644970415,176
2572,two_parent,15,False,2,663,879.2989038748027,131
2573,two_parent,15,False,2,210,111.55325443786981,165
2574,two_parent,15,False,2,13740,19829.928565761005,70
2575,two_parent,15,False,3,13740,19829.928565761005,46,3855,5482.359969137773,33
2576,two_parent,15,False,2,1245,1718.1082141633585,112
2577,two_parent,15,False,2,1251,1432.1972645789451,98
2578,two_parent,15,False,2,13740,19829.928565761005,74
2579,two_parent,15,False,2,1248,1695.9544290141405,108
2580,two_parent,15,False,2,660,853.1181247816809,146
2581,two_parent,15,False,2,666,866.9356551313609,126
2582,two_parent,15,False,2,96,-14.053254437869825,190
2583,two_parent,15,False,2,1695,2379.7078475093017,92
2584,two_parent,15,False,2,1248,1436.6019838245384,111
2585,two_parent,15,False,3,13740,19829.928565761005,50,3855,5482.359969137773,56
2586,two_parent,15,False,2,13740,19829.928565761005,63
2587,two_parent,15,False,2,96,-14.053254437869825,195
2588,two_parent,15,False,2,96,-14.053254437869825,196
2589,two_parent,15,False,2,663,849.7037657084054,138
2590,two_parent,15,False,2,663,847.5370475294948,139
2591,two_parent,15,False,2,681,875.2153080553661,118
2592,two_parent,15,False,2,1650,2322.6918081565404,93
2593,two_parent,15,False,2,657,835.9142259964893,150
2594,two_parent,15,False,2,207,69.58579881656802,173
2595,two_parent,15,False,2,1248,1695.9544290141405,103
2596,two_parent,15,False,2,666,868.0858700283668,125
2597,two_parent,15,False,3,13740,19829.928565761005,43,3855,5482.359969137773,53
2598,two_parent,15,False,2,3018,3802.1446778130585,83
2599,two_parent,15,False,2,1236,1742.5667531040726,113
2600,two_parent,16,False,2,96,-13.611111111111114,197
2601,two_parent,16,False,2,945,1338.2491748016387,144
2602,two_parent,16,False,2,948,1348.5128122728086,126
2603,two_parent,16,False,2,948,1326.9894327453835,129
2604,two_parent,16,False,2,933,1035.3042845572427,160
2605,two_parent,16,False,2,2436,3222.3915916644014,91
2606,two_parent,16,False,2,951,1325.5053554285844,114
2607,two_parent,16,False,2,948,1320.7984006534275,131
2608,two_parent,16,False,2,2541,3418.389593030893,87
2609,two_parent,16,False,2,948,1306.0003535716276,132
2610,two_parent,16,False,2,96,-13.611111111111114,198
2611,two_parent,16,False,2,942,1123.873026225802,153
2612,two_parent,16,False,3,5589,7778.0173117729455,26,1083,1399.2411060819802,121
2613,two_parent,16,False,2,936,1273.965569017379,158
2614,two_parent,16,False,2,942,1157.3589756393455,152
2615,two_parent,16,False,4,3828,5666.006334914325,72,14406,21587.434482267738,4,2109,2952.1180383891747,32
2616,two_parent,16,True,3,14406,20622.85313086177,6,14406,20870.495184948075,55
2617,two_parent,16,False,2,2391,3135.38248564508,96
2618,two_parent,16,False,3,9870,13828.281467772074,25,10443,14778.78836408391,105
2619,two_parent,16,False,2,957,1194.8371638571064,108
2620,two_parent,16,False,2,96,-13.611111111111114,177
2621,two_parent,16,False,2,513,565.7983465796946,167
2622,two_parent,16,False,2,963,1164.8228537402335,106
2623,two_parent,16,False,2,3828,5541.351894694081,76
2624,two_parent,16,False,2,966,1178.5990817818729,105
2625,two_parent,16,False,2,2382,3062.344513392873,98
2626,two_parent,16,False,2,942,1307.1344870859896,149
2627,two_parent,16,False,2,948,1253.989703237651,134
2628,two_parent,16,False,2,2382,3159.1109950907044,97
2629,two_parent,16,False,2,2583,3409.908719533084,86
2630,two_parent,16,False,2,942,1356.1044608466002,147
2631,two_parent,16,False,4,3822,5675.69486390747,80,14406,21721.069806241077,1,2088,3002.550086269307,84
2632,two_parent,16,True,3,14406,20622.85313086177,4,14406,20870.495184948075,66
2633,two_parent,16,False,2,96,-13.611111111111114,188
2634,two_parent,16,True,3,14406,20140.503468476716,18,14406,20352.79546545908,98
2635,two_parent,16,False,2,3828,5595.352976683426,74
2636,two_parent,16,True,3,14406,20622.85313086177,2,14406,20870.495184948075,71
2637,two_parent,16,False,2,2445,3356.3865449228183,90
2638,two_parent,16,False,2,3855,5482.359969137773,36
2639,two_parent,16,False,2,96,-13.611111111111114,194
2640,two_parent,16,False,2,939,1075.9863148264042,156
2641,two_parent,16,False,2,96,-13.611111111111114,193
2642,two_parent,16,False,2,144,49.92592592592588,175
2643,two_parent,16,False,2,96,-13.611111111111114,181
2644,two_parent,16,False,2,2391,3153.785832247285,95
2645,two_parent,16,True,3,14406,20622.85313086177,3,14406,20870.495184948075,58
2646,two_parent,16,False,2,957,1098.9938878147152,113
2647,two_parent,16,False,2,96,-13.611111111111114,179
2648,two_parent,16,False,2,951,1161.9938754874818,120
2649,two_parent,16,False,2,3852,5388.818833008208,66
2650,two_parent,16,False,6,3825,5698.520065642248,77,14406,21660.64712222467,2,2088,3030.1427064801774,47,1677,2452.3905863506475,49,1650,2364.916920175685,116
2651,two_parent,16,False,2,945,1353.2547419160846,141
2652,two_parent,16,False,2,942,1305.5583875942907,150
2653,two_parent,16,False,2,948,1325.192188825357,130
2654,two_parent,16,False,2,957,1122.9701921775795,111
2655,two_parent,16,False,2,948,1351.803214166863,124
2656,two_parent,16,False,5,3825,5675.46263724682,78,14406,21204.03725409405,14,14406,20960.728315135468,4,1671,2412.959595745068,68
2657,two_parent,16,False,2,2427,3285.461772958533,92
2658,two_parent,16,False,2,96,-13.611111111111114,178
2659,two_parent,16,False,2,936,1341.973768839718,157
2660,two_parent,16,False,2,939,1311.0458129371714,155
2661,two_parent,16,False,2,945,1356.7533198552549,138
2662,two_parent,16,False,2,957,1120.6774556765893,112
2663,two_parent,16,False,2,945,1301.9854997550879,146
2664,two_parent,16,True,3,14406,20622.85313086177,1,14406,20870.495184948075,50
2665,two_parent,16,False,2,96,-13.611111111111114,195
2666,two_parent,16,False,2,981,1186.2885030332668,104
2667,two_parent,16,False,3,10332,14832.621430781444,21,6117,8828.826129383944,106
2668,two_parent,16,False,2,2364,2826.7944083669695,101
2669,two_parent,16,False,2,360,302.4134527089074,174
2670,two_parent,16,False,4,14406,20602.394803400828,13,14406,21013.761176808835,15,2088,2802.353608430069,136
2671,two_parent,16,False,4,3822,5675.69486390747,79,14406,21721.069806241077,0,2088,3002.550086269307,83
2672,two_parent,16,False,2,96,-13.611111111111114,189
2673,two_parent,16,True,3,14406,20622.85313086177,5,14406,20870.495184948075,60
2674,two_parent,16,False,2,2403,3321.983559511056,94
2675,two_parent,16,False,2,987,1226.862277388298,103
2676,two_parent,16,False,2,501,486.73177701782754,172
2677,two_parent,16,False,2,948,1352.1179887253181,123
2678,two_parent,16,False,2,3828,5637.7290996848815,73
2679,two_parent,16,False,2,513,540.5943473396452,168
2680,two_parent,16,False,2,945,1354.9448575377342,140
2681,two_parent,16,False,2,951,1060.3025519886157,121
2682,two_parent,16,False,2,96,-13.611111111111114,186
2683,two_parent,16,False,2,951,1268.82625134155,118
2684,two_parent,16,False,2,2529,3319.581336003331,88
2685,two_parent,16,False,2,96,-13.611111111111114,185
2686,two_parent,16,False,2,942,1158.7198267600893,151
2687,two_parent,16,False,2,2379,3133.272802846116,99
2688,two_parent,16,False,2,510,526.6055961918029,170
2689,two_parent,16,False,3,10335,14531.445070182475,20,1116,1428.3779348292069,109
2690,two_parent,16,False,2,3813,5528.217819835844,81
2691,two_parent,16,False,2,957,1126.3645887293044,110
2692,two_parent,16,False,2,1227,1421.7803312748213,102
2693,two_parent,16,True,3,14406,20622.85313086177,7,14406,20870.495184948075,67
2694,two_parent,16,False,2,96,-13.611111111111114,180
2695,two_parent,16,False,2,948,1350.273447724776,125
2696,two_parent,16,False,2,945,1307.583069378811,145
2697,two_parent,16,False,3,3834,5654.239112749875,67,4815,7223.357167970624,108
2698,two_parent,16,False,2,504,541.430443410067,171
2699,two_parent,16,False,2,951,1305.4790679350424,117
2700,two_parent,16,False,2,96,-13.611111111111114,192
2701,two_parent,16,False,2,2583,3438.46918492434,85
2702,two_parent,16,False,4,14406,20602.394803400828,15,14406,21013.761176808835,19,2088,2802.353608430069,134
2703,two_parent,16,False,2,510,555.5888139493155,169
2704,two_parent,16,False,4,3828,5666.006334914325,69,14406,21587.434482267738,3,2109,2952.1180383891747,21
2705,two_parent,16,False,2,531,498.3925224027106,164
2706,two_parent,16,False,2,948,1342.974764669248,127
2707,two_parent,16,False,4,3828,5666.006334914325,70,14406,21587.434482267738,5,2109,2952.1180383891747,36
2708,two_parent,16,False,2,945,1356.809646476386,137
2709,two_parent,16,False,2,96,-13.611111111111114,187
2710,two_parent,16,False,2,948,1022.5062080718064,136
2711,two_parent,16,False,2,948,1355.7675204705642,122
2712,two_parent,16,False,2,96,-13.611111111111114,196
2713,two_parent,16,False,3,5559,7644.823348908426,30,1092,1389.0918898365355,113
2714,two_parent,16,False,2,927,1000.5274256424507,161
2715,two_parent,16,False,2,2424,3196.8374427558974,93
2716,two_parent,16,False,2,3831,5435.421629187863,68
2717,two_parent,16,False,3,5559,7644.823348908426,29,1092,1389.0918898365355,112
2718,two_parent,16,False,3,10287,14410.256049560934,24,1092,1354.5294463918772,114
2719,two_parent,16,False,2,96,-13.611111111111114,190
2720,two_parent,16,False,2,408,449.1049127640038,173
2721,two_parent,16,False,2,96,-13.611111111111114,199
2722,two_parent,16,False,4,14406,20638.705787998857,0,14406,20938.885802904493,29,2088,2822.391228104976,123
2723,two_parent,16,False,2,3810,5266.5295448552115,83
2724,two_parent,16,False,4,14406,20602.394803400828,11,14406,21013.761176808835,20,2088,2802.353608430069,132
2725,two_parent,16,False,2,951,1309.6216412896595,116
2726,two_parent,16,False,2,945,1356.0145663222577,139
2727,two_parent,16,False,2,96,-13.611111111111114,184
2728,two_parent,16,False,3,14406,20516.998720531625,16,1083,1420.331354015753,119
2729,two_parent,16,False,4,14406,20602.394803400828,10,14406,21013.761176808835,17,2088,2802.353608430069,131
2730,two_parent,16,False,4,10296,14925.740035385828,23,14406,20872.3397871246,34,2088,2830.0024074365483,118
2731,two_parent,16,False,2,933,1106.232343207091,159
2732,two_parent,16,True,3,14406,20622.85313086177,8,14406,20870.495184948075,86
2733,two_parent,16,False,2,951,1195.4327567709256,119
2734,two_parent,16,False,2,96,-13.611111111111114,182
2735,two_parent,16,False,2,540,487.95396757544086,162
2736,two_parent,16,False,2,942,1117.3224817997616,154
2737,two_parent,16,True,3,14406,20215.149387618163,17,14406,20384.53303143694,97
2738,two_parent,16,False,2,513,603.7622568421942,165
2739,two_parent,16,False,2,144,49.92592592592588,176
2740,two_parent,16,False,4,14406,20602.394803400828,12,14406,21013.761176808835,18,2088,2802.353608430069,133
2741,two_parent,16,False,2,3828,5548.698119785027,75
2742,two_parent,16,False,2,951,1316.5253244392732,115
2743,two_parent,16,False,2,948,1210.125173496823,135
2744,two_parent,16,False,2,945,1339.7966904418229,142
2745,two_parent,16,False,2,513,577.2678139809799,166
2746,two_parent,16,False,2,945,1339.1927745201729,143
2747,two_parent,16,False,2,534,497.30430480352084,163
2748,two_parent,16,False,2,957,1347.119531565363,107
2749,two_parent,16,False,2,3807,5400.516368733263,84
2750,two_parent,16,False,2,948,1292.8200609079881,133
2751,two_parent,16,False,2,2376,3138.8236406852047,100
2752,two_parent,16,False,2,96,-13.611111111111114,183
2753,two_parent,16,False,2,2523,3231.2841061725053,89
2754,two_parent,16,False,3,10329,14701.471036224351,22,1083,1407.8035341732973,120
2755,two_parent,16,False,2,948,1330.5401771654176,128
2756,two_parent,16,False,3,5562,7243.419163160512,28,1098,1346.5925747494534,110
2757,two_parent,16,False,2,96,-13.611111111111114,191
2758,two_parent,16,False,2,957,1193.2279684548078,109
2759,two_parent,16,False,2,942,1351.3172684954611,148
2760,two_parent,17,False,3,14406,20938.885802904493,22,2088,2822.391228104976,121
2761,two_parent,17,False,2,1068,1215.5051979916989,130
2762,two_parent,17,False,2,1092,1406.2734037050843,111
2763,two_parent,17,False,2,498,510.21130890978236,166
2764,two_parent,17,True,2,14406,20870.495184948075,63
2765,two_parent,17,False,2,849,989.0256067818092,133
2766,two_parent,17,True,2,14406,20870.495184948075,44
2767,two_parent,17,True,2,14406,20870.495184948075,87
2768,two_parent,17,False,2,510,456.8933360841757,164
2769,two_parent,17,False,2,96,-33.7027027027027,191
2770,two_parent,17,True,2,14406,20870.495184948075,84
2771,two_parent,17,True,2,14406,20870.495184948075,77
2772,two_parent,17,False,3,14406,20938.885802904493,24,2088,2822.391228104976,130
2773,two_parent,17,False,2,96,-33.7027027027027,193
2774,two_parent,17,False,2,96,-33.7027027027027,199
2775,two_parent,17,False,2,537,659.7660261133547,151
2776,two_parent,17,True,2,14406,20870.495184948075,85
2777,two_parent,17,False,3,14406,20938.885802904493,28,2088,2822.391228104976,122
2778,two_parent,17,True,2,14406,20870.495184948075,51
2779,two_parent,17,False,3,14406,20870.495184948075,37,2088,2848.8155912684088,114
2780,two_parent,17,True,2,14406,20870.495184948075,57
2781,two_parent,17,False,2,534,629.88132570957,160
2782,two_parent,17,False,2,843,926.2185234853158,134
2783,two_parent,17,False,2,96,-33.7027027027027,192
2784,two_parent,17,False,2,495,572.3742521147102,170
2785,two_parent,17,False,2,1089,1500.7737338479824,116
2786,two_parent,17,False,2,1083,1302.092361296702,122
2787,two_parent,17,True,2,14406,20870.495184948075,90
2788,two_parent,17,False,2,96,-33.7027027027027,196
2789,two_parent,17,False,2,495,581.0576055881401,169
2790,two_parent,17,True,2,14406,20870.495184948075,83
2791,two_parent,17,False,2,495,581.0576055881401,168
2792,two_parent,17,False,3,14406,20870.495184948075,35,2088,2848.8155912684088,117
2793,two_parent,17,False,2,207,95.64864864864867,178
2794,two_parent,17,False,2,1068,1150.4149484548416,131
2795,two_parent,17,False,2,552,656.0177576704297,150
2796,two_parent,17,False,4,14406,21409.05893570728,7,14406,21051.992481571997,2,1668,2421.5680732854275,89
2797,two_parent,17,False,2,498,601.4107990214861,165
2798,two_parent,17,True,2,14406,20848.853956263367,93
2799,two_parent,17,False,3,14406,21374.94372005601,12,2112,2967.8819682014464,18
2800,two_parent,17,False,3,14406,20938.885802904493,30,2088,2822.391228104976,125
2801,two_parent,17,True,2,14406,20870.495184948075,45
2802,two_parent,17,True,2,14406,20870.495184948075,73
2803,two_parent,17,True,2,14406,20870.495184948075,64
2804,two_parent,17,False,2,1074,1420.776942958746,124
2805,two_parent,17,False,2,246,225.2837837837838,175
2806,two_parent,17,True,2,14406,20870.495184948075,61
2807,two_parent,17,True,2,14406,20870.495184948075,56
2808,two_parent,17,False,3,14406,20938.885802904493,32,2088,2822.391228104976,124
2809,two_parent,17,False,2,534,673.7722744554806,153
2810,two_parent,17,True,2,14406,20870.495184948075,43
2811,two_parent,17,False,2,534,655.8938666037905,158
2812,two_parent,17,True,2,14406,20293.08552931003,99
2813,two_parent,17,True,2,14406,20870.495184948075,81
2814,two_parent,17,False,2,819,893.6182978916751,143
2815,two_parent,17,True,2,14406,20144.110784304325,102
2816,two_parent,17,False,3,14406,21242.191139851133,13,2115,2919.460810207597,16
2817,two_parent,17,False,2,834,898.8028543674518,137
2818,two_parent,17,True,2,14406,20870.495184948075,70
2819,two_parent,17,False,2,495,566.8858203896374,172
2820,two_parent,17,False,2,495,566.8858203896374,171
2821,two_parent,17,False,2,234,169.918918918919,176
2822,two_parent,17,False,2,492,425.9250051578296,174
2823,two_parent,17,False,2,819,876.0421834320681,145
2824,two_parent,17,False,2,819,893.6182978916751,144
2825,two_parent,17,False,2,144,39.378378378378386,181
2826,two_parent,17,False,2,495,523.0368269032391,173
2827,two_parent,17,False,3,14406,20870.495184948075,39,2088,2848.8155912684088,115
2828,two_parent,17,True,2,14406,20870.495184948075,74
2829,two_parent,17,False,2,819,893.6182978916751,142
2830,two_parent,17,False,2,96,-33.7027027027027,195
2831,two_parent,17,False,2,798,1081.233808590488,149
2832,two_parent,17,True,2,14406,20870.495184948075,69
2833,two_parent,17,False,2,144,39.378378378378386,182
2834,two_parent,17,True,2,14406,20870.495184948075,41
2835,two_parent,17,False,3,14406,20870.495184948075,38,2088,2848.8155912684088,116
2836,two_parent,17,True,2,14406,20870.495184948075,88
2837,two_parent,17,False,3,14406,20938.885802904493,31,2088,2822.391228104976,119
2838,two_parent,17,False,2,1086,1357.7230129071747,118
2839,two_parent,17,False,2,534,655.8938666037905,155
2840,two_parent,17,True,2,14406,20870.495184948075,75
2841,two_parent,17,False,2,1092,1274.9431242862256,115
2842,two_parent,17,True,2,14406,20870.495184948075,82
2843,two_parent,17,False,2,807,1100.3015889799294,146
2844,two_parent,17,False,2,96,-33.7027027027027,185
2845,two_parent,17,False,2,1074,1242.5539454249342,126
2846,two_parent,17,True,2,14406,20268.31980098185,101
2847,two_parent,17,False,2,834,898.8028543674518,136
2848,two_parent,17,False,2,831,861.2957864216438,139
2849,two_parent,17,False,2,834,898.8028543674518,138
2850,two_parent,17,True,2,14406,20870.495184948075,48
2851,two_parent,17,True,2,14406,20870.495184948075,78
2852,two_parent,17,False,2,534,629.88132570957,161
2853,two_parent,17,True,2,14406,20870.495184948075,40
2854,two_parent,17,True,2,14406,20870.495184948075,62
2855,two_parent,17,False,3,14406,20938.885802904493,27,2088,2822.391228104976,120
2856,two_parent,17,False,2,525,602.665787379528,163
2857,two_parent,17,False,2,228,56.64864864864863,177
2858,two_parent,17,False,3,14406,21396.83468861253,11,2088,2987.980001444563,110
2859,two_parent,17,False,2,534,651.070956998438,159
2860,two_parent,17,False,4,14406,21409.05893570728,9,14406,21051.992481571997,3,1668,2421.5680732854275,101
2861,two_parent,17,False,2,1071,1110.0768041339663,129
2862,two_parent,17,False,2,96,-33.7027027027027,190
2863,two_parent,17,False,3,14406,20938.885802904493,26,2088,2822.391228104976,128
2864,two_parent,17,False,2,96,-33.7027027027027,187
2865,two_parent,17,False,2,531,676.4846738778048,162
2866,two_parent,17,False,2,534,673.7722744554806,152
2867,two_parent,17,False,2,498,507.5394942379679,167
2868,two_parent,17,True,2,14406,20870.495184948075,89
2869,two_parent,17,False,4,14406,21409.05893570728,8,14406,21051.992481571997,1,1668,2421.5680732854275,102
2870,two_parent,17,True,2,14406,20268.31980098185,100
2871,two_parent,17,False,2,1071,1110.0768041339663,128
2872,two_parent,17,False,2,534,655.8938666037905,157
2873,two_parent,17,True,2,14406,20870.495184948075,53
2874,two_parent,17,False,2,831,861.2957864216438,141
2875,two_parent,17,False,2,96,-33.7027027027027,198
2876,two_parent,17,False,2,204,100.75675675675677,179
2877,two_parent,17,True,2,14406,20870.495184948075,91
2878,two_parent,17,True,2,14406,20144.110784304325,103
2879,two_parent,17,False,2,144,39.378378378378386,180
2880,two_parent,17,True,2,14406,20870.495184948075,54
2881,two_parent,17,False,2,804,1095.6244691119684,148
2882,two_parent,17,True,2,14406,20870.495184948075,49
2883,two_parent,17,False,3,14406,20870.495184948075,36,2088,2848.8155912684088,113
2884,two_parent,17,False,3,14406,20914.971072988323,33,2091,2948.958155844814,43
2885,two_parent,17,False,2,534,655.8938666037905,156
2886,two_parent,17,False,2,144,39.378378378378386,184
2887,two_parent,17,False,2,807,851.1539761953869,147
2888,two_parent,17,False,2,1071,1110.0768041339663,127
2889,two_parent,17,False,2,843,926.2185234853158,135
2890,two_parent,17,True,2,14406,20870.495184948075,72
2891,two_parent,17,True,2,14406,20870.495184948075,65
2892,two_parent,17,False,2,96,-33.7027027027027,189
2893,two_parent,17,True,2,14406,20870.495184948075,79
2894,two_parent,17,True,2,14406,20870.495184948075,76
2895,two_parent,17,False,3,14406,21396.83468861253,10,2088,2987.980001444563,109
2896,two_parent,17,False,2,1068,1150.4149484548416,132
2897,two_parent,17,True,2,14406,20870.495184948075,42
2898,two_parent,17,False,3,14406,20938.885802904493,25,2088,2822.391228104976,126
2899,two_parent,17,False,2,4824,7258.1172804897205,107
2900,two_parent,17,False,2,1074,1292.7821300070489,125
2901,two_parent,17,False,2,534,665.2548704647943,154
2902,two_parent,17,True,2,14406,20870.495184948075,52
2903,two_parent,17,True,2,14406,20870.495184948075,68
2904,two_parent,17,True,2,14406,20614.196416347986,95
2905,two_parent,17,False,2,1089,1487.5587321824173,117
2906,two_parent,17,True,2,14406,20735.91023948815,94
2907,two_parent,17,True,2,14406,20519.59624189477,96
2908,two_parent,17,False,2,96,-33.7027027027027,194
2909,two_parent,17,True,2,14406,20870.495184948075,46
2910,two_parent,17,False,2,96,-33.7027027027027,197
2911,two_parent,17,True,2,14406,20870.495184948075,80
2912,two_parent,17,False,3,14406,20938.885802904493,21,2088,2822.391228104976,127
2913,two_parent,17,False,2,144,39.378378378378386,183
2914,two_parent,17,False,3,14406,20938.885802904493,23,2088,2822.391228104976,129
2915,two_parent,17,False,2,831,861.2957864216438,140
2916,two_parent,17,False,2,96,-33.7027027027027,188
2917,two_parent,17,True,2,14406,20848.853956263367,92
2918,two_parent,17,False,2,96,-33.7027027027027,186
2919,two_parent,17,True,2,14406,20870.495184948075,59
2920,two_parent,18,False,2,501,568.5680997163754,156
2921,two_parent,18,False,2,498,542.2955789421305,159
2922,two_parent,18,False,2,2088,3002.550086269307,87
2923,two_parent,18,False,2,2088,2989.897056731652,100
2924,two_parent,18,False,2,2088,3002.550086269307,71
2925,two_parent,18,False,2,2088,3002.550086269307,90
2926,two_parent,18,False,2,96,-43.4,187
2927,two_parent,18,False,2,2088,3002.550086269307,72
2928,two_parent,18,False,4,2088,3030.1427064801774,50,1677,2452.3905863506475,44,1650,2364.916920175685,120
2929,two_parent,18,False,2,144,39.22857142857144,178
2930,two_parent,18,False,2,2088,3002.550086269307,67
2931,two_parent,18,False,2,804,833.7577348582588,154
2932,two_parent,18,False,2,144,39.22857142857144,180
2933,two_parent,18,False,2,1980,2863.071675080854,143
2934,two_parent,18,False,2,2088,3002.550086269307,88
2935,two_parent,18,False,2,2088,3002.550086269307,68
2936,two_parent,18,False,4,2085,3038.3054458339657,140,1677,2452.458570823534,38,8562,13008.28833209853,89
2937,two_parent,18,False,2,231,110.37142857142862,164
2938,two_parent,18,False,2,2088,2989.897056731652,103
2939,two_parent,18,False,4,2088,3030.1427064801774,54,1677,2452.3905863506475,48,1650,2364.916920175685,124
2940,two_parent,18,False,2,96,-43.4,190
2941,two_parent,18,False,3,2088,3002.550086269307,63,1668,2432.723466687039,83
2942,two_parent,18,False,2,2088,3002.550086269307,73
2943,two_parent,18,False,3,14406,20941.232891460524,7,1662,2399.512650908,131
2944,two_parent,18,False,2,96,-43.4,189
2945,two_parent,18,False,2,1371,1628.7746320602625,153
2946,two_parent,18,False,4,5979,8306.645555521245,11,4827,6984.076065334846,9,12606,18131.491926554296,72
2947,two_parent,18,False,2,210,87.54285714285714,170
2948,two_parent,18,False,2,207,67.21428571428571,174
2949,two_parent,18,False,2,2088,2980.737832856698,111
2950,two_parent,18,False,2,2088,2989.897056731652,108
2951,two_parent,18,False,4,2088,3030.1427064801774,52,1677,2452.3905863506475,46,1650,2364.916920175685,121
2952,two_parent,18,False,3,2085,3044.6573920363103,138,1671,2428.7319018661938,64
2953,two_parent,18,False,3,2088,3002.550086269307,66,1668,2432.723466687039,85
2954,two_parent,18,False,2,1944,2678.5765804184894,146
2955,two_parent,18,False,2,207,0.6142857142857068,175
2956,two_parent,18,False,2,2109,2952.1180383891747,20
2957,two_parent,18,False,4,2085,3038.3054458339657,141,1677,2452.458570823534,39,8562,13008.28833209853,91
2958,two_parent,18,False,2,540,656.5105115191332,155
2959,two_parent,18,False,2,96,-43.4,186
2960,two_parent,18,False,3,14406,20941.232891460524,6,1662,2399.512650908,126
2961,two_parent,18,False,2,225,132.14285714285717,166
2962,two_parent,18,False,2,2088,2989.897056731652,99
2963,two_parent,18,False,2,144,39.22857142857144,179
2964,two_parent,18,False,2,2088,3002.550086269307,80
2965,two_parent,18,False,3,2088,3002.550086269307,59,1668,2432.723466687039,82
2966,two_parent,18,False,2,2109,2952.1180383891747,24
2967,two_parent,18,False,2,231,100.9,165
2968,two_parent,18,False,2,1581,2071.32624246526,149
2969,two_parent,18,False,2,222,114.04285714285714,169
2970,two_parent,18,False,2,96,-43.4,199
2971,two_parent,18,False,3,2088,3051.717916590762,44,1665,2435.829803334579,115
2972,two_parent,18,False,2,210,45.6142857142857,171
2973,two_parent,18,False,2,144,39.22857142857144,184
2974,two_parent,18,False,2,2088,3002.550086269307,70
2975,two_parent,18,False,2,2109,2952.1180383891747,38
2976,two_parent,18,False,2,246,199.54285714285714,162
2977,two_parent,18,False,3,14406,20941.232891460524,5,1662,2399.512650908,120
2978,two_parent,18,False,2,2109,2952.1180383891747,27
2979,two_parent,18,False,2,2109,2952.1180383891747,19
2980,two_parent,18,False,2,231,119.79999999999998,163
2981,two_parent,18,False,3,14406,20941.232891460524,10,1662,2399.512650908,122
2982,two_parent,18,False,2,1977,2870.5755004084967,144
2983,two_parent,18,False,2,225,119.54285714285714,167
2984,two_parent,18,False,2,2088,3002.550086269307,74
2985,two_parent,18,False,2,144,39.22857142857144,181
2986,two_parent,18,False,3,2088,3002.550086269307,65,1668,2432.723466687039,78
2987,two_parent,18,False,3,2088,3002.550086269307,64,1668,2432.723466687039,86
2988,two_parent,18,False,2,2091,2981.7160553103668,39
2989,two_parent,18,False,2,96,-43.4,193
2990,two_parent,18,False,2,2088,2989.897056731652,97
2991,two_parent,18,False,3,2088,3002.550086269307,60,1668,2432.723466687039,80
2992,two_parent,18,False,2,2088,3002.550086269307,94
2993,two_parent,18,False,2,210,4.057142857142857,172
2994,two_parent,18,False,2,2109,2952.1180383891747,34
2995,two_parent,18,False,3,2088,3002.550086269307,62,1668,2432.723466687039,79
2996,two_parent,18,False,4,2088,3030.1427064801774,46,1677,2452.3905863506475,51,1650,2364.916920175685,123
2997,two_parent,18,False,2,2109,2952.1180383891747,22
2998,two_parent,18,False,2,2115,2998.3974155758197,12
2999,two_parent,18,False,2,96,-43.4,195
3000,two_parent,18,False,2,2088,3002.550086269307,92
3001,two_parent,18,False,2,498,568.7527616062093,158
3002,two_parent,18,False,2,2088,3002.550086269307,75
3003,two_parent,18,False,2,2088,3002.550086269307,89
3004,two_parent,18,False,2,2091,2966.5431413119027,42
3005,two_parent,18,False,2,1563,1902.6119931981327,150
3006,two_parent,18,False,2,1938,2766.9161288231808,148
3007,two_parent,18,False,2,2091,2981.7160553103668,41
3008,two_parent,18,False,2,492,447.4907262277954,161
3009,two_parent,18,False,3,14406,20941.232891460524,8,1662,2399.512650908,132
3010,two_parent,18,False,2,207,87.52857142857144,173
3011,two_parent,18,False,2,2115,2968.4512632504125,13
3012,two_parent,18,False,3,2088,3002.550086269307,58,1668,2432.723466687039,76
3013,two_parent,18,False,2,96,-43.4,194
3014,two_parent,18,False,3,2088,3002.550086269307,57,1668,2432.723466687039,77
3015,two_parent,18,False,2,144,39.22857142857144,183
3016,two_parent,18,False,2,2088,2989.897056731652,96
3017,two_parent,18,False,2,1416,1883.8863155208148,151
3018,two_parent,18,False,2,2088,3002.550086269307,81
3019,two_parent,18,False,2,2109,2952.1180383891747,25
3020,two_parent,18,False,2,2088,2989.897056731652,105
3021,two_parent,18,False,2,207,-4.699999999999996,176
3022,two_parent,18,False,2,2109,2952.1180383891747,35
3023,two_parent,18,False,2,168,51.51428571428572,177
3024,two_parent,18,False,2,2088,3002.550086269307,93
3025,two_parent,18,False,2,96,-43.4,198
3026,two_parent,18,False,2,1383,1670.324008524409,152
3027,two_parent,18,False,2,2109,2952.1180383891747,26
3028,two_parent,18,False,2,2088,3002.550086269307,76
3029,two_parent,18,False,3,2088,3002.550086269307,56,1668,2432.723466687039,81
3030,two_parent,18,False,2,2109,2952.1180383891747,28
3031,two_parent,18,False,2,1941,2642.9405842402307,147
3032,two_parent,18,False,2,501,560.8049111807729,157
3033,two_parent,18,False,4,2088,3030.1427064801774,51,1677,2452.3905863506475,42,1650,2364.916920175685,125
3034,two_parent,18,False,2,2082,2986.9849568686773,142
3035,two_parent,18,False,2,2091,2981.7160553103668,40
3036,two_parent,18,False,2,2109,2952.1180383891747,33
3037,two_parent,18,False,2,2088,3002.550086269307,69
3038,two_parent,18,False,2,96,-43.4,197
3039,two_parent,18,False,2,144,39.22857142857144,182
3040,two_parent,18,False,2,2088,3002.550086269307,86
3041,two_parent,18,False,4,2088,3030.1427064801774,53,1677,2452.3905863506475,47,1650,2364.916920175685,118
3042,two_parent,18,False,2,2115,2968.4512632504125,15
3043,two_parent,18,False,3,14406,21081.333699203442,0,1680,2438.7169118357997,36
3044,two_parent,18,False,2,2088,3002.550086269307,82
3045,two_parent,18,False,4,2088,3030.1427064801774,45,1677,2452.3905863506475,45,1650,2364.916920175685,117
3046,two_parent,18,False,2,2088,2989.897056731652,101
3047,two_parent,18,False,2,222,119.6285714285714,168
3048,two_parent,18,False,2,2088,3002.550086269307,77
3049,two_parent,18,False,2,96,-43.4,191
3050,two_parent,18,False,2,96,-43.4,185
3051,two_parent,18,False,2,96,-43.4,188
3052,two_parent,18,False,2,2088,2989.897056731652,107
3053,two_parent,18,False,2,2088,2989.897056731652,102
3054,two_parent,18,False,2,2088,3002.550086269307,95
3055,two_parent,18,False,2,2088,3002.550086269307,85
3056,two_parent,18,False,2,2112,2969.8159411369993,17
3057,two_parent,18,False,2,2088,2989.897056731652,104
3058,two_parent,18,False,3,2085,3064.425613938435,137,1671,2437.744095351685,61
3059,two_parent,18,False,4,2088,3030.1427064801774,48,1677,2452.3905863506475,41,1650,2364.916920175685,119
3060,two_parent,18,False,3,2088,3002.550086269307,61,1668,2432.723466687039,84
3061,two_parent,18,False,2,2088,3002.550086269307,78
3062,two_parent,18,False,2,2088,2989.897056731652,106
3063,two_parent,18,False,2,498,531.2130243319895,160
3064,two_parent,18,False,2,2109,2952.1180383891747,29
3065,two_parent,18,False,2,96,-43.4,196
3066,two_parent,18,False,2,2109,2952.1180383891747,37
3067,two_parent,18,False,3,14406,20941.232891460524,9,1662,2399.512650908,121
3068,two_parent,18,False,2,2088,2989.897056731652,98
3069,two_parent,18,False,2,2088,3002.550086269307,79
3070,two_parent,18,False,2,2088,2980.737832856698,112
3071,two_parent,18,False,4,2088,3030.1427064801774,55,1677,2452.3905863506475,50,1650,2364.916920175685,126
3072,two_parent,18,False,2,2115,2968.4512632504125,14
3073,two_parent,18,False,4,2085,3038.3054458339657,139,1677,2452.458570823534,40,8562,13008.28833209853,90
3074,two_parent,18,False,2,1959,2814.039291349385,145
3075,two_parent,18,False,4,2088,3030.1427064801774,49,1677,2452.3905863506475,43,1650,2364.916920175685,122
3076,two_parent,18,False,2,2088,3002.550086269307,91
3077,two_parent,18,False,2,2109,2952.1180383891747,31
3078,two_parent,18,False,2,96,-43.4,192
3079,two_parent,18,False,2,2109,2952.1180383891747,30
3080,two_parent,19,False,2,1662,2399.512650908,135
3081,two_parent,19,False,2,789,1037.8302161256095,155
3082,two_parent,19,False,2,816,1063.7679628880462,147
3083,two_parent,19,False,2,144,50.27272727272728,186
3084,two_parent,19,False,2,1665,2376.042402299415,117
3085,two_parent,19,False,2,501,534.4890237240515,157
3086,two_parent,19,False,2,1671,2406.573112354062,72
3087,two_parent,19,False,3,5466,7450.753125414822,8,12630,17206.450184421945,66
3088,two_parent,19,False,2,1662,2399.512650908,134
3089,two_parent,19,False,2,1800,2267.3920331147806,17
3090,two_parent,19,False,2,1662,2399.512650908,133
3091,two_parent,19,False,2,816,1097.9994216921857,146
3092,two_parent,19,False,2,1647,2341.0908035115285,143
3093,two_parent,19,False,2,1671,2412.959595745068,70
3094,two_parent,19,False,2,1710,2301.399307717738,18
3095,two_parent,19,False,2,390,384.6026845637585,161
3096,two_parent,19,False,2,1674,2406.6390083905926,57
3097,two_parent,19,False,2,351,338.3355704697986,169
3098,two_parent,19,False,2,501,570.7837273152941,156
3099,two_parent,19,False,2,144,50.27272727272728,184
3100,two_parent,19,False,2,96,-12.854545454545452,197
3101,two_parent,19,False,2,1704,2175.9291879690604,19
3102,two_parent,19,False,2,1680,2438.7169118357997,30
3103,two_parent,19,False,3,2733,3790.8057125944924,11,2241,2932.816791008184,104
3104,two_parent,19,False,2,261,203.1090909090909,175
3105,two_parent,19,False,2,1671,2375.9174751898026,73
3106,two_parent,19,False,2,1668,2421.5680732854275,95
3107,two_parent,19,False,4,3816,5677.720568383204,10,14406,21343.200646042038,0,801,1011.924685902266,96
3108,two_parent,19,False,2,1659,2393.936221140094,137
3109,two_parent,19,False,2,387,367.7584502745578,163
3110,two_parent,19,False,2,1668,2440.207348440503,75
3111,two_parent,19,False,2,1662,2399.512650908,129
3112,two_parent,19,False,2,351,233.99981696156192,173
3113,two_parent,19,False,2,390,382.1208663819403,162
3114,two_parent,19,False,2,429,422.4221476510065,158
3115,two_parent,19,False,2,96,-12.854545454545452,189
3116,two_parent,19,False,2,792,1044.712722773593,153
3117,two_parent,19,False,3,14406,19589.6363401554,4,12597,17429.066928380093,81
3118,two_parent,19,False,2,1668,2421.5680732854275,94
3119,two_parent,19,False,2,96,-12.854545454545452,191
3120,two_parent,19,False,3,12735,17025.57725312975,5,2229,2790.717101744928,111
3121,two_parent,19,False,2,1647,2284.5584547662124,144
3122,two_parent,19,False,2,1653,2408.4818540990755,141
3123,two_parent,19,False,3,1677,2447.4666704941264,52,8568,12972.767789110796,88
3124,two_parent,19,False,2,96,-12.854545454545452,195
3125,two_parent,19,False,3,2733,3761.8416397965752,12,12597,17308.83169185198,83
3126,two_parent,19,False,2,1671,2434.9144391580567,63
3127,two_parent,19,False,2,1668,2421.5680732854275,108
3128,two_parent,19,False,3,2655,3537.908679051236,16,357,263.1452588292211,162
3129,two_parent,19,False,3,2661,3535.001343081585,15,390,378.73034591194977,133
3130,two_parent,19,False,2,1668,2421.5680732854275,90
3131,two_parent,19,False,2,351,303.08053691275165,170
3132,two_parent,19,False,2,1668,2421.5680732854275,97
3133,two_parent,19,False,2,1680,2438.7169118357997,33
3134,two_parent,19,False,2,1671,2412.959595745068,66
3135,two_parent,19,False,2,1662,2399.512650908,130
3136,two_parent,19,False,2,1680,2438.7169118357997,29
3137,two_parent,19,False,2,792,1044.712722773593,152
3138,two_parent,19,False,2,1656,2243.0425078567405,139
3139,two_parent,19,False,3,1671,2448.657176645503,59,1665,2409.287255177037,112
3140,two_parent,19,False,2,1671,2422.666140813749,65
3141,two_parent,19,False,2,1668,2421.5680732854275,92
3142,two_parent,19,False,2,1668,2421.5680732854275,93
3143,two_parent,19,False,2,216,119.19090909090912,176
3144,two_parent,19,False,2,351,228.36400244051254,174
3145,two_parent,19,False,2,1680,2438.7169118357997,35
3146,two_parent,19,False,2,1668,2421.5680732854275,105
3147,two_parent,19,False,2,216,115.67272727272723,177
3148,two_parent,19,False,2,1680,2438.7169118357997,37
3149,two_parent,19,False,2,144,50.27272727272728,185
3150,two_parent,19,False,2,1662,2414.5692560701204,119
3151,two_parent,19,False,2,351,338.3355704697986,168
3152,two_parent,19,False,3,2694,3520.7857412019844,14,2265,2815.576501008951,102
3153,two_parent,19,False,2,1680,2438.7169118357997,34
3154,two_parent,19,True,5,14406,20570.363676653527,0,14406,20843.876506512177,26,14406,20560.87142837793,19,14406,20796.138931996258,74
3155,two_parent,19,False,2,1674,2433.2695670676376,56
3156,two_parent,19,False,2,1671,2437.2622585315517,62
3157,two_parent,19,False,2,1680,2438.7169118357997,25
3158,two_parent,19,False,2,1689,2116.5094116588016,20
3159,two_parent,19,False,2,1659,2342.6587166144545,138
3160,two_parent,19,False,2,351,249.90048810250153,172
3161,two_parent,19,False,2,1671,2412.959595745068,69
3162,two_parent,19,False,3,2727,3776.6936424411906,13,12606,17378.791205172103,73
3163,two_parent,19,False,2,789,1065.733334789857,154
3164,two_parent,19,False,2,1680,2438.7169118357997,22
3165,two_parent,19,False,2,1668,2407.9907202588574,113
3166,two_parent,19,False,2,1668,2421.5680732854275,104
3167,two_parent,19,False,2,1668,2421.5680732854275,103
3168,two_parent,19,False,3,1668,2440.207348440503,74,378,420.25731736816647,144
3169,two_parent,19,False,2,390,392.4495424039048,160
3170,two_parent,19,False,2,96,-12.854545454545452,190
3171,two_parent,19,False,2,210,100.61818181818182,179
3172,two_parent,19,False,2,1680,2438.7169118357997,31
3173,two_parent,19,False,2,1680,2438.7169118357997,24
3174,two_parent,19,False,2,96,-12.854545454545452,198
3175,two_parent,19,False,2,1662,2347.879566845675,136
3176,two_parent,19,False,2,813,1068.3374224839436,149
3177,two_parent,19,False,2,96,-12.854545454545452,194
3178,two_parent,19,False,2,372,320.8811470408785,165
3179,two_parent,19,False,2,1668,2421.5680732854275,109
3180,two_parent,19,False,2,1671,2409.25827371305,71
3181,two_parent,19,False,2,1668,2421.5680732854275,107
3182,two_parent,19,False,2,144,50.27272727272728,182
3183,two_parent,19,False,2,1662,2399.512650908,124
3184,two_parent,19,False,2,96,-12.854545454545452,193
3185,two_parent,19,False,2,1668,2429.7802466220687,87
3186,two_parent,19,False,2,1662,2399.512650908,127
3187,two_parent,19,False,3,1671,2446.183480448224,60,378,429.00731736816647,138
3188,two_parent,19,False,2,1668,2421.5680732854275,91
3189,two_parent,19,False,2,165,74.94545454545454,180
3190,two_parent,19,False,2,1668,2412.5490479518626,112
3191,two_parent,19,False,2,96,-12.854545454545452,196
3192,two_parent,19,False,3,1671,2452.664858938999,58,5247,7997.4573992834285,99
3193,two_parent,19,False,2,1680,2438.7169118357997,28
3194,two_parent,19,False,2,813,1038.2904132833646,150
3195,two_parent,19,False,2,1668,2421.5680732854275,99
3196,two_parent,19,False,2,1647,2352.709889774836,142
3197,two_parent,19,False,2,1662,2399.512650908,128
3198,two_parent,19,False,2,1665,2361.344872069628,118
3199,two_parent,19,False,2,1680,2438.7169118357997,26
3200,two_parent,19,False,2,366,327.7565588773642,166
3201,two_parent,19,False,2,1671,2412.959595745068,67
3202,two_parent,19,False,2,1668,2421.5680732854275,88
3203,two_parent,19,False,2,351,303.08053691275165,171
3204,two_parent,19,False,2,354,300.910067114094,167
3205,two_parent,19,False,2,816,1097.9994216921857,145
3206,two_parent,19,False,2,1668,2413.583758318384,111
3207,two_parent,19,False,2,1668,2421.5680732854275,100
3208,two_parent,19,False,2,96,-12.854545454545452,199
3209,two_parent,19,False,2,1668,2421.5680732854275,98
3210,two_parent,19,False,2,1680,2438.7169118357997,23
3211,two_parent,19,False,3,5466,7580.484308864699,7,2271,2998.382968600817,101
3212,two_parent,19,False,2,1680,2438.7169118357997,27
3213,two_parent,19,False,2,96,-12.854545454545452,188
3214,two_parent,19,False,3,7428,10121.759676111833,6,12600,17092.673860079933,76
3215,two_parent,19,False,2,372,354.9211104331909,164
3216,two_parent,19,False,3,1677,2441.735473530762,53,5304,7989.861310148669,97
3217,two_parent,19,False,2,411,389.7969493593655,159
3218,two_parent,19,False,2,96,-12.854545454545452,187
3219,two_parent,19,True,3,14406,19695.34052082982,2,14406,19859.433809148773,49
3220,two_parent,19,False,2,144,50.27272727272728,183
3221,two_parent,19,False,2,96,-12.854545454545452,192
3222,two_parent,19,False,2,1668,2418.3547817414947,110
3223,two_parent,19,True,3,14406,19638.235135460596,3,14406,19831.24213580149,52
3224,two_parent,19,False,2,1668,2421.5680732854275,96
3225,two_parent,19,False,2,165,66.60909090909091,181
3226,two_parent,19,False,2,813,1031.112755729766,151
3227,two_parent,19,False,2,213,109.76363636363638,178
3228,two_parent,19,False,2,1662,2399.512650908,125
3229,two_parent,19,False,2,1668,2421.5680732854275,106
3230,two_parent,19,False,3,1665,2446.1428498995356,114,657,828.514626097173,127
3231,two_parent,19,False,2,1680,2438.7169118357997,32
3232,two_parent,19,False,3,1680,2466.143327821839,21,3378,5022.392512735107,100
3233,two_parent,19,False,2,1674,2434.8755186169046,55
3234,two_parent,19,False,3,1674,2441.480456346279,54,1650,2394.798036928551,115
3235,two_parent,19,False,2,816,1046.471957131934,148
3236,two_parent,19,False,2,1665,2420.75939146315,116
3237,two_parent,19,False,2,1653,2426.374732959205,140
3238,two_parent,19,False,2,1662,2399.512650908,123
3239,two_parent,19,True,4,14406,20208.742832056145,1,14406,20452.238263338153,34,14406,20202.426455774563,44
3240,two_parent,20,False,2,375,399.7925737784229,152
3241,two_parent,20,False,2,12597,17429.066928380093,80
3242,two_parent,20,True,4,14406,20843.876506512177,15,14406,20560.87142837793,21,14406,20796.138931996258,72
3243,two_parent,20,True,4,14406,20836.002151322205,27,14406,20584.641136431943,15,14406,20815.4114378751,70
3244,two_parent,20,False,2,210,111.13782051282053,176
3245,two_parent,20,False,2,378,331.3313376874696,148
3246,two_parent,20,False,2,96,-20.480769230769226,198
3247,two_parent,20,True,2,14406,19831.24213580149,53
3248,two_parent,20,False,2,96,-20.480769230769226,193
3249,two_parent,20,False,2,96,-20.480769230769226,186
3250,two_parent,20,False,2,375,377.21909772617323,155
3251,two_parent,20,True,2,14406,19831.24213580149,50
3252,two_parent,20,False,3,14406,21303.568515755454,2,801,999.8365296590898,119
3253,two_parent,20,False,2,348,258.13951378809855,165
3254,two_parent,20,False,2,5250,7843.310667248807,98
3255,two_parent,20,False,2,2238,2753.1665099919032,109
3256,two_parent,20,False,3,14406,20590.632339078333,29,840,1035.9350133501366,75
3257,two_parent,20,True,4,14406,20843.876506512177,17,14406,20560.87142837793,27,14406,20796.138931996258,81
3258,two_parent,20,True,2,14406,19831.24213580149,57
3259,two_parent,20,False,2,8439,11927.542265691498,92
3260,two_parent,20,False,2,207,52.13141025641028,178
3261,two_parent,20,False,2,375,425.2446178035798,149
3262,two_parent,20,False,5,14406,21258.633736983178,3,14406,21004.695078048448,1,14406,21183.71496011154,17,2094,2968.848669023274,93
3263,two_parent,20,False,2,12612,17509.657622001097,69
3264,two_parent,20,True,4,14406,20843.876506512177,24,14406,20560.87142837793,20,14406,20796.138931996258,83
3265,two_parent,20,False,2,213,163.66987179487174,173
3266,two_parent,20,False,2,375,385.8003749395259,153
3267,two_parent,20,False,2,96,-20.480769230769226,195
3268,two_parent,20,False,2,8271,12457.368886182008,96
3269,two_parent,20,False,2,12600,17092.673860079933,79
3270,two_parent,20,False,2,207,91.65064102564105,177
3271,two_parent,20,False,2,144,6.506410256410248,180
3272,two_parent,20,False,2,144,6.506410256410248,181
3273,two_parent,20,False,2,12660,18137.225243508736,63
3274,two_parent,20,False,2,375,420.0583575229801,150
3275,two_parent,20,False,2,8628,12632.587131353264,87
3276,two_parent,20,True,4,14406,20843.876506512177,25,14406,20560.87142837793,23,14406,20796.138931996258,76
3277,two_parent,20,False,2,12651,16917.04005215515,64
3278,two_parent,20,False,2,144,6.506410256410248,182
3279,two_parent,20,False,2,210,138.78205128205127,174
3280,two_parent,20,False,2,210,138.78205128205119,175
3281,two_parent,20,False,2,375,377.21909772617323,154
3282,two_parent,20,False,2,375,340.7338534107402,156
3283,two_parent,20,False,2,375,405.2733430091921,151
3284,two_parent,20,False,2,1662,2421.9496145477274,113
3285,two_parent,20,False,2,12642,18217.52290540016,65
3286,two_parent,20,True,2,14406,20452.238263338153,40
3287,two_parent,20,False,2,378,429.1597121432026,137
3288,two_parent,20,False,2,12603,17185.1282862954,75
3289,two_parent,20,True,4,14406,21065.79931152546,8,14406,20676.786566465908,11,14406,21001.805059837206,60
3290,two_parent,20,False,2,96,-20.480769230769226,188
3291,two_parent,20,False,2,351,257.88915094339615,164
3292,two_parent,20,False,4,14406,20554.705881842183,30,14406,20404.13831979487,35,2523,3587.548506782241,130
3293,two_parent,20,False,2,378,354.6032897919689,147
3294,two_parent,20,False,2,2229,2790.717101744928,110
3295,two_parent,20,False,2,144,6.506410256410248,179
3296,two_parent,20,True,2,14406,19859.433809148773,48
3297,two_parent,20,False,2,357,264.8306724721819,161
3298,two_parent,20,True,4,14406,20843.876506512177,23,14406,20560.87142837793,29,14406,20796.138931996258,75
3299,two_parent,20,False,2,2238,2764.8339548507156,106
3300,two_parent,20,False,2,354,263.1271165940977,163
3301,two_parent,20,True,4,14406,20843.876506512177,22,14406,20560.87142837793,16,14406,20796.138931996258,85
3302,two_parent,20,False,2,12591,16912.615469333028,85
3303,two_parent,20,False,2,228,174.39102564102566,169
3304,two_parent,20,False,2,378,418.13044267053687,146
3305,two_parent,20,True,4,14406,20843.876506512177,21,14406,20560.87142837793,22,14406,20796.138931996258,73
3306,two_parent,20,False,2,96,-20.480769230769226,189
3307,two_parent,20,True,3,14406,20452.238263338153,32,14406,20202.426455774563,43
3308,two_parent,20,False,2,12600,17092.673860079933,77
3309,two_parent,20,False,2,228,146.18589743589743,170
3310,two_parent,20,False,3,14406,21170.41552279347,4,804,1005.5693709205393,93
3311,two_parent,20,False,2,369,303.107160135462,158
3312,two_parent,20,True,4,14406,20843.876506512177,14,14406,20560.87142837793,28,14406,20796.138931996258,84
3313,two_parent,20,True,4,14406,20843.876506512177,19,14406,20560.87142837793,24,14406,20796.138931996258,80
3314,two_parent,20,False,2,360,275.4212022254475,160
3315,two_parent,20,False,2,378,420.25731736816647,143
3316,two_parent,20,True,2,14406,20452.238263338153,41
3317,two_parent,20,True,2,14406,19831.24213580149,54
3318,two_parent,20,False,2,378,429.1597121432026,135
3319,two_parent,20,False,2,417,391.7271407837447,130
3320,two_parent,20,True,4,14406,20474.716174159472,31,14406,20243.61324993938,38,14406,20402.18917925906,99
3321,two_parent,20,True,2,14406,19831.24213580149,58
3322,two_parent,20,True,2,14406,20452.238263338153,42
3323,two_parent,20,True,3,14406,20452.238263338153,37,14406,20202.426455774563,45
3324,two_parent,20,True,3,14406,20452.238263338153,33,14406,20202.426455774563,41
3325,two_parent,20,False,2,12597,17429.066928380093,82
3326,two_parent,20,False,2,12591,16912.615469333028,86
3327,two_parent,20,False,2,378,429.00731736816647,141
3328,two_parent,20,False,2,2253,2804.383030284872,103
3329,two_parent,20,False,2,96,-20.480769230769226,194
3330,two_parent,20,False,2,12603,18471.366458163255,74
3331,two_parent,20,True,2,14406,19831.24213580149,60
3332,two_parent,20,False,2,96,-20.480769230769226,196
3333,two_parent,20,False,2,96,-20.480769230769226,191
3334,two_parent,20,True,2,14406,19859.433809148773,47
3335,two_parent,20,False,2,417,388.675314465409,131
3336,two_parent,20,False,2,96,-20.480769230769226,185
3337,two_parent,20,True,3,14406,20452.238263338153,38,14406,20202.426455774563,46
3338,two_parent,20,False,2,96,-20.480769230769226,197
3339,two_parent,20,True,2,14406,20027.898819343543,44
3340,two_parent,20,False,2,378,429.00731736816647,142
3341,two_parent,20,False,2,384,295.7882801161104,134
3342,two_parent,20,True,2,14406,19831.24213580149,56
3343,two_parent,20,False,3,14406,21075.6318460843,5,798,1004.6409883555561,128
3344,two_parent,20,False,2,1662,2400.9177693014935,114
3345,two_parent,20,False,2,96,-20.480769230769226,192
3346,two_parent,20,False,2,96,-20.480769230769226,184
3347,two_parent,20,False,2,417,391.7271407837447,129
3348,two_parent,20,True,2,14406,19880.27031640395,46
3349,two_parent,20,True,4,14406,20843.876506512177,16,14406,20560.87142837793,17,14406,20796.138931996258,79
3350,two_parent,20,False,3,14406,21337.19267468332,1,801,1005.5564146698605,110
3351,two_parent,20,False,2,378,420.25731736816647,145
3352,two_parent,20,True,4,14406,20633.217115156425,28,14406,20483.148244993445,32,14406,20591.790847221317,92
3353,two_parent,20,False,2,378,429.00731736816647,140
3354,two_parent,20,False,3,14406,20892.256143392122,12,807,1001.1958297003162,89
3355,two_parent,20,False,2,417,383.62723754233195,132
3356,two_parent,20,True,2,14406,19831.24213580149,59
3357,two_parent,20,False,2,8433,11215.495780203888,93
3358,two_parent,20,False,2,8424,11216.802651063043,94
3359,two_parent,20,False,2,249,106.9551282051282,166
3360,two_parent,20,False,3,14406,20995.632868229623,10,801,996.1113881101073,122
3361,two_parent,20,False,2,96,-20.480769230769226,183
3362,two_parent,20,False,2,96,-20.480769230769226,187
3363,two_parent,20,False,2,12618,17703.77339940664,67
3364,two_parent,20,False,2,369,320.1708393807452,157
3365,two_parent,20,True,4,14406,20975.36570717996,11,14406,20754.857803782255,7,14406,20961.968724061844,68
3366,two_parent,20,False,2,8412,11737.702325784956,95
3367,two_parent,20,False,2,378,429.00731736816647,139
3368,two_parent,20,False,2,228,146.18589743589743,171
3369,two_parent,20,True,2,14406,20014.189451580532,45
3370,two_parent,20,True,4,14406,20843.876506512177,18,14406,20560.87142837793,18,14406,20796.138931996258,82
3371,two_parent,20,True,3,14406,20452.238263338153,39,14406,20202.426455774563,40
3372,two_parent,20,False,2,366,397.8755442670538,159
3373,two_parent,20,True,4,14406,20843.876506512177,20,14406,20560.87142837793,26,14406,20796.138931996258,78
3374,two_parent,20,False,2,417,397.4101959361395,128
3375,two_parent,20,False,2,222,127.11538461538461,172
3376,two_parent,20,True,3,14406,20452.238263338153,36,14406,20202.426455774563,47
3377,two_parent,20,False,2,243,216.79487179487188,167
3378,two_parent,20,True,2,14406,20205.947088553195,43
3379,two_parent,20,False,2,234,117.80448717948713,168
3380,two_parent,20,True,4,14406,20843.876506512177,13,14406,20560.87142837793,25,14406,20796.138931996258,77
3381,two_parent,20,True,2,14406,19831.24213580149,51
3382,two_parent,20,False,2,12612,17108.05777772031,70
3383,two_parent,20,False,2,378,429.1597121432026,136
3384,two_parent,20,True,2,14406,19086.82649053666,62
3385,two_parent,20,True,2,14406,19831.24213580149,55
3386,two_parent,20,False,2,12594,17473.884187328214,84
3387,two_parent,20,False,2,12609,18360.61966114927,71
3388,two_parent,20,False,2,12612,17969.774096702968,68
3389,two_parent,20,True,4,14406,21065.79931152546,7,14406,20676.786566465908,14,14406,21001.805059837206,63
3390,two_parent,20,True,4,14406,21065.79931152546,6,14406,20676.786566465908,12,14406,21001.805059837206,62
3391,two_parent,20,True,3,14406,20452.238263338153,35,14406,20202.426455774563,42
3392,two_parent,20,False,2,2238,2753.1665099919032,108
3393,two_parent,20,False,2,2238,2753.1665099919032,107
3394,two_parent,20,True,2,14406,19691.91802986969,61
3395,two_parent,20,False,2,96,-20.480769230769226,199
3396,two_parent,20,True,4,14406,21062.65718321268,9,14406,20878.31478483525,4,14406,21006.78512130168,58
3397,two_parent,20,False,2,2241,2761.394613842657,105
3398,two_parent,20,False,2,12600,17092.673860079933,78
3399,two_parent,20,False,2,96,-20.480769230769226,190
3400,two_parent,21,False,2,207,59.94094488188975,171
3401,two_parent,21,False,2,357,278.0484845216266,136
3402,two_parent,21,False,2,228,136.39763779527559,153
3403,two_parent,21,False,2,228,153.16929133858267,144
3404,two_parent,21,False,2,2970,3924.5198891121486,66
3405,two_parent,21,False,2,801,999.8365296590898,118
3406,two_parent,21,False,2,801,1011.924685902266,98
3407,two_parent,21,False,2,228,146.43700787401576,145
3408,two_parent,21,False,2,210,89.56692913385828,165
3409,two_parent,21,False,2,822,1039.3378868526484,78
3410,two_parent,21,False,2,96,-71.61417322834646,197
3411,two_parent,21,False,2,207,102.46062992125982,170
3412,two_parent,21,False,2,786,990.240086615008,133
3413,two_parent,21,False,2,786,971.6845549997495,135
3414,two_parent,21,False,2,798,995.8989792568541,129
3415,two_parent,21,True,3,14406,20881.541254168365,3,14406,21097.693283290562,50
3416,two_parent,21,False,2,801,1011.924685902266,97
3417,two_parent,21,False,2,810,1024.159891223582,83
3418,two_parent,21,True,3,14406,20383.604491191072,36,14406,20640.184400756192,90
3419,two_parent,21,True,3,14406,20676.786566465908,9,14406,21001.805059837206,59
3420,two_parent,21,False,2,210,-89.17322834645668,167
3421,two_parent,21,False,2,2970,3599.715790140047,67
3422,two_parent,21,False,2,228,136.39763779527559,152
3423,two_parent,21,False,2,231,128.75984251968498,142
3424,two_parent,21,False,2,801,1005.5564146698605,111
3425,two_parent,21,False,2,96,-71.61417322834646,186
3426,two_parent,21,False,2,810,1027.2917831377563,82
3427,two_parent,21,False,2,2979,3814.377695837128,59
3428,two_parent,21,False,2,210,101.61417322834646,162
3429,two_parent,21,False,2,96,-71.61417322834646,191
3430,two_parent,21,False,2,5874,7673.234265270534,55
3431,two_parent,21,True,2,14406,19338.91217881334,52
3432,two_parent,21,False,2,225,101.87007874015745,155
3433,two_parent,21,False,2,96,-71.61417322834646,195
3434,two_parent,21,False,2,807,1023.9989970796696,87
3435,two_parent,21,False,2,804,1009.148138043827,91
3436,two_parent,21,False,2,228,141.0629921259843,149
3437,two_parent,21,False,2,3006,4001.4372136494085,57
3438,two_parent,21,False,2,207,58.75984251968501,172
3439,two_parent,21,False,2,5823,7820.937893796039,56
3440,two_parent,21,True,2,14406,19519.551801401078,51
3441,two_parent,21,False,2,96,-71.61417322834646,192
3442,two_parent,21,False,2,822,1068.2029681408433,76
3443,two_parent,21,False,2,801,1011.924685902266,100
3444,two_parent,21,False,2,807,1021.5434447351995,88
3445,two_parent,21,True,3,14406,20503.59154071107,31,14406,20555.533453858967,95
3446,two_parent,21,False,2,144,20.43307086614172,178
3447,two_parent,21,False,2,210,101.61417322834646,164
3448,two_parent,21,False,2,96,-71.61417322834646,199
3449,two_parent,21,False,2,816,1044.2402189514867,80
3450,two_parent,21,False,2,2964,3553.3623966863424,70
3451,two_parent,21,False,2,2520,3271.1357902538957,74
3452,two_parent,21,False,4,14406,21004.695078048448,0,14406,21183.71496011154,8,2094,2968.848669023274,63
3453,two_parent,21,True,3,14406,20690.245078032964,8,14406,20996.915262667742,65
3454,two_parent,21,False,2,801,1011.924685902266,107
3455,two_parent,21,False,2,2976,3910.607102447942,61
3456,two_parent,21,False,2,204,69.17322834645665,173
3457,two_parent,21,False,2,822,1039.3378868526484,77
3458,two_parent,21,False,2,204,18.91732283464566,174
3459,two_parent,21,True,3,14406,20478.89078281543,33,14406,20725.647781852364,89
3460,two_parent,21,False,2,2979,3717.197522554575,60
3461,two_parent,21,False,2,6855,9616.04173549252,53
3462,two_parent,21,False,2,231,128.75984251968498,141
3463,two_parent,21,False,2,2523,3180.9457284726504,73
3464,two_parent,21,True,3,14406,20356.649599317967,37,14406,20593.45119675327,91
3465,two_parent,21,False,2,96,-71.61417322834646,185
3466,two_parent,21,False,2,801,1005.5564146698605,116
3467,two_parent,21,False,2,801,1005.5564146698605,114
3468,two_parent,21,False,2,246,194.68503937007875,137
3469,two_parent,21,False,2,210,101.61417322834646,163
3470,two_parent,21,False,2,144,20.43307086614172,180
3471,two_parent,21,False,2,801,1011.924685902266,101
3472,two_parent,21,False,2,801,1005.5564146698605,113
3473,two_parent,21,False,2,210,123.66141732283461,159
3474,two_parent,21,False,2,795,971.8368344866288,130
3475,two_parent,21,True,3,14406,20832.84215599887,5,14406,21075.47315559853,56
3476,two_parent,21,False,2,801,999.8365296590898,121
3477,two_parent,21,False,2,801,1011.924685902266,106
3478,two_parent,21,False,2,2979,3862.909729125782,58
3479,two_parent,21,False,2,801,990.1968478377167,124
3480,two_parent,21,False,2,96,-71.61417322834646,184
3481,two_parent,21,False,2,96,-71.61417322834646,194
3482,two_parent,21,False,4,14406,21004.695078048448,2,14406,21183.71496011154,9,2094,2968.848669023274,99
3483,two_parent,21,False,2,786,990.240086615008,132
3484,two_parent,21,True,3,14406,20676.786566465908,10,14406,21001.805059837206,61
3485,two_parent,21,False,2,2526,3021.116510134265,72
3486,two_parent,21,False,2,2970,3599.715790140047,68
3487,two_parent,21,False,2,801,995.9302489489314,123
3488,two_parent,21,False,2,207,120.7677165354331,168
3489,two_parent,21,False,2,801,1005.5564146698605,117
3490,two_parent,21,False,2,786,988.626734594067,134
3491,two_parent,21,False,2,213,89.25196850393704,156
3492,two_parent,21,False,2,96,-71.61417322834646,187
3493,two_parent,21,False,2,804,1012.150393996576,90
3494,two_parent,21,False,2,96,-71.61417322834646,190
3495,two_parent,21,False,2,96,-71.61417322834646,198
3496,two_parent,21,False,2,798,1009.8914192726536,125
3497,two_parent,21,False,2,2973,3629.401928912861,65
3498,two_parent,21,False,2,96,-71.61417322834646,188
3499,two_parent,21,False,2,207,110.0787401574803,169
3500,two_parent,21,False,2,96,-71.61417322834646,183
3501,two_parent,21,False,2,6840,9740.948945503058,54
3502,two_parent,21,False,2,228,136.39763779527559,154
3503,two_parent,21,False,2,144,20.43307086614172,177
3504,two_parent,21,False,2,210,125.35433070866137,158
3505,two_parent,21,False,2,810,1027.2917831377563,81
3506,two_parent,21,False,2,801,1011.924685902266,95
3507,two_parent,21,False,2,801,1011.924685902266,109
3508,two_parent,21,False,2,228,145.07874015748035,146
3509,two_parent,21,False,2,822,1039.3378868526484,79
3510,two_parent,21,False,2,210,112.9527559055118,160
3511,two_parent,21,True,2,14406,20159.49382340712,49
3512,two_parent,21,False,2,2973,3834.275497621066,63
3513,two_parent,21,True,3,14406,20209.73192636258,39,14406,20457.9386794314,98
3514,two_parent,21,False,2,228,153.16929133858267,143
3515,two_parent,21,False,2,204,12.12598425196849,175
3516,two_parent,21,False,2,144,20.43307086614172,182
3517,two_parent,21,False,2,789,983.6551429188204,131
3518,two_parent,21,False,2,801,999.8365296590898,120
3519,two_parent,21,True,2,14406,19926.183042398658,50
3520,two_parent,21,False,2,228,145.07874015748035,148
3521,two_parent,21,False,2,2973,3629.401928912861,64
3522,two_parent,21,False,2,2961,3632.054546817837,71
3523,two_parent,21,False,2,801,1011.924685902266,108
3524,two_parent,21,False,2,96,-71.61417322834646,196
3525,two_parent,21,False,2,228,136.39763779527559,151
3526,two_parent,21,False,2,96,-71.61417322834646,189
3527,two_parent,21,False,2,231,139.5078740157481,140
3528,two_parent,21,True,3,14406,20676.786566465908,13,14406,21001.805059837206,64
3529,two_parent,21,True,3,14406,20801.772279670495,6,14406,20966.73149652903,67
3530,two_parent,21,False,2,210,104.09448818897638,161
3531,two_parent,21,False,2,798,1006.5212800808906,127
3532,two_parent,21,False,2,801,1011.924685902266,99
3533,two_parent,21,False,2,801,1005.5564146698605,112
3534,two_parent,21,False,2,168,35.27559055118107,176
3535,two_parent,21,False,2,801,1011.924685902266,105
3536,two_parent,21,False,2,213,67.04724409448816,157
3537,two_parent,21,False,2,801,1011.924685902266,103
3538,two_parent,21,False,2,234,165.41338582677164,138
3539,two_parent,21,False,2,231,139.5078740157481,139
3540,two_parent,21,False,2,228,136.39763779527559,150
3541,two_parent,21,False,2,2976,3776.893105328618,62
3542,two_parent,21,False,3,14406,20446.75032280287,34,3963,5599.652585299705,116
3543,two_parent,21,False,2,810,1020.3259353485375,84
3544,two_parent,21,False,2,801,1011.924685902266,102
3545,two_parent,21,False,2,210,69.84251968503935,166
3546,two_parent,21,False,2,801,1011.924685902266,104
3547,two_parent,21,False,2,144,20.43307086614172,179
3548,two_parent,21,False,2,804,1006.4908942664749,92
3549,two_parent,21,True,2,14406,20165.34301944485,48
3550,two_parent,21,False,2,144,20.43307086614172,181
3551,two_parent,21,False,2,804,973.7013760353938,94
3552,two_parent,21,False,2,798,1007.1630985364343,126
3553,two_parent,21,False,2,96,-71.61417322834646,193
3554,two_parent,21,False,2,810,1006.1264455515623,85
3555,two_parent,21,False,2,801,1005.5564146698605,115
3556,two_parent,21,False,2,2967,3720.584870637484,69
3557,two_parent,21,False,2,228,145.07874015748035,147
3558,two_parent,21,False,2,810,1005.6322213489934,86
3559,two_parent,21,True,3,14406,20508.05405292951,30,14406,20789.210105481707,86
3560,two_parent,22,False,2,2508,3127.984565633062,141
3561,two_parent,22,False,2,1959,2942.336807654599,143
3562,two_parent,22,False,3,14406,21183.71496011154,6,2094,2968.848669023274,62
3563,two_parent,22,False,3,14406,21183.71496011154,37,2094,2968.848669023274,116
3564,two_parent,22,False,2,96,-30.932203389830505,182
3565,two_parent,22,False,2,2547,3662.8567116971735,118
3566,two_parent,22,False,2,96,-30.932203389830505,180
3567,two_parent,22,False,3,14406,21183.71496011154,23,2094,2968.848669023274,113
3568,two_parent,22,False,2,3969,5755.889747650733,112
3569,two_parent,22,False,3,14406,21183.71496011154,33,2094,2968.848669023274,107
3570,two_parent,22,False,3,14406,21183.71496011154,25,2094,2968.848669023274,76
3571,two_parent,22,False,2,2523,3560.887828388129,131
3572,two_parent,22,False,2,360,397.6160209846654,161
3573,two_parent,22,False,2,2526,3312.2168297433864,129
3574,two_parent,22,False,3,14406,21183.71496011154,10,2094,2968.848669023274,81
3575,two_parent,22,True,2,14406,20579.543925938688,94
3576,two_parent,22,False,3,14406,21183.71496011154,24,2094,2968.848669023274,98
3577,two_parent,22,False,2,2514,3146.732717682625,139
3578,two_parent,22,False,2,366,379.26251008878137,148
3579,two_parent,22,False,2,96,-30.932203389830505,188
3580,two_parent,22,True,2,14406,20988.61041285354,66
3581,two_parent,22,True,2,14406,20797.918381817162,71
3582,two_parent,22,False,3,14406,21183.71496011154,38,2094,2968.848669023274,89
3583,two_parent,22,False,2,96,-30.932203389830505,184
3584,two_parent,22,False,2,96,-30.932203389830505,187
3585,two_parent,22,False,2,96,-30.932203389830505,190
3586,two_parent,22,False,2,357,303.5835351089588,163
3587,two_parent,22,True,2,14406,21097.436271039573,54
3588,two_parent,22,True,2,14406,20476.418314152586,97
3589,two_parent,22,False,2,2547,3381.0748465722204,119
3590,two_parent,22,False,2,216,118.79943502824867,170
3591,two_parent,22,False,2,366,364.7689669087974,151
3592,two_parent,22,True,2,14406,20754.44638754588,88
3593,two_parent,22,False,2,5556,8363.198167393479,107
3594,two_parent,22,False,2,210,93.27683615819211,171
3595,two_parent,22,True,2,14406,20077.97208517649,102
3596,two_parent,22,False,2,237,188.61581920903953,166
3597,two_parent,22,False,3,14406,21183.71496011154,2,2094,2968.848669023274,130
3598,two_parent,22,False,3,14406,21183.71496011154,11,2094,2968.848669023274,57
3599,two_parent,22,False,2,144,33.700564971751405,178
3600,two_parent,22,False,2,3387,4932.921874441722,117
3601,two_parent,22,True,2,14406,21029.256214376368,57
3602,two_parent,22,False,3,14406,21183.71496011154,14,2094,2968.848669023274,122
3603,two_parent,22,False,3,14406,21183.71496011154,19,2094,2968.848669023274,101
3604,two_parent,22,False,3,14406,21183.71496011154,26,2094,2968.848669023274,123
3605,two_parent,22,False,2,201,131.3700564971751,176
3606,two_parent,22,False,2,2544,3659.369083390394,121
3607,two_parent,22,True,2,14406,20586.819322551193,93
3608,two_parent,22,False,2,204,36.299435028248595,175
3609,two_parent,22,False,2,360,404.8244552058112,159
3610,two_parent,22,False,3,14406,21183.71496011154,34,2094,2968.848669023274,132
3611,two_parent,22,False,2,2517,3281.0809601564442,136
3612,two_parent,22,False,3,14406,21183.71496011154,12,2094,2968.848669023274,112
3613,two_parent,22,False,2,354,264.1101694915254,164
3614,two_parent,22,True,2,14406,21183.71496011154,40
3615,two_parent,22,False,2,5556,8363.198167393479,108
3616,two_parent,22,False,2,96,-30.932203389830505,192
3617,two_parent,22,True,2,14406,21097.693283290562,51
3618,two_parent,22,False,2,96,-30.932203389830505,193
3619,two_parent,22,False,2,96,-30.932203389830505,197
3620,two_parent,22,False,2,96,-30.932203389830505,199
3621,two_parent,22,False,2,2517,3394.625952102717,134
3622,two_parent,22,False,2,2517,3310.1640384913912,135
3623,two_parent,22,False,3,14406,21183.71496011154,13,2094,2968.848669023274,85
3624,two_parent,22,True,2,14406,21183.71496011154,41
3625,two_parent,22,False,2,5544,8328.422933461607,111
3626,two_parent,22,True,2,14406,21183.71496011154,42
3627,two_parent,22,False,2,2520,3692.515367319765,133
3628,two_parent,22,False,3,14406,21183.71496011154,4,2094,2968.848669023274,108
3629,two_parent,22,True,2,14406,21183.71496011154,46
3630,two_parent,22,False,2,2508,3186.920100363725,140
3631,two_parent,22,False,2,10452,15861.02328704613,104
3632,two_parent,22,False,3,14406,21183.71496011154,7,2094,2968.848669023274,105
3633,two_parent,22,True,2,14406,21097.693283290562,52
3634,two_parent,22,False,3,14406,21183.71496011154,35,2094,2968.848669023274,128
3635,two_parent,22,False,3,14406,21183.71496011154,36,2094,2968.848669023274,59
3636,two_parent,22,False,2,2544,3659.369083390394,120
3637,two_parent,22,False,2,96,-30.932203389830505,189
3638,two_parent,22,False,2,5550,8364.001558924554,110
3639,two_parent,22,False,2,366,374.0960451977402,149
3640,two_parent,22,False,2,237,94.16666666666669,168
3641,two_parent,22,False,2,1962,2931.7172489201603,142
3642,two_parent,22,False,2,210,68.99717514124298,172
3643,two_parent,22,False,2,237,107.909604519774,167
3644,two_parent,22,False,2,366,319.9778046811944,153
3645,two_parent,22,False,3,14406,21183.71496011154,5,2094,2968.848669023274,82
3646,two_parent,22,False,2,1959,2901.286058316047,144
3647,two_parent,22,False,2,162,37.93785310734462,177
3648,two_parent,22,False,2,96,-30.932203389830505,186
3649,two_parent,22,False,2,2523,3560.887828388129,132
3650,two_parent,22,False,3,14406,21183.71496011154,22,2094,2968.848669023274,64
3651,two_parent,22,False,2,387,397.4667070217918,146
3652,two_parent,22,False,2,228,96.24293785310735,169
3653,two_parent,22,False,2,3966,5698.797454383119,113
3654,two_parent,22,True,2,14406,21183.71496011154,44
3655,two_parent,22,False,2,3966,5639.936936233234,114
3656,two_parent,22,False,2,96,-30.932203389830505,183
3657,two_parent,22,False,2,354,249.98385794995966,165
3658,two_parent,22,False,3,14406,21183.71496011154,18,2094,2968.848669023274,67
3659,two_parent,22,False,3,14406,21183.71496011154,31,2094,2968.848669023274,92
3660,two_parent,22,False,3,14406,21183.71496011154,30,2094,2968.848669023274,69
3661,two_parent,22,True,2,14406,21183.71496011154,45
3662,two_parent,22,False,2,2529,3590.651230238876,127
3663,two_parent,22,False,2,366,364.7689669087974,150
3664,two_parent,22,False,3,14406,21183.71496011154,29,2094,2968.848669023274,119
3665,two_parent,22,True,2,14406,21075.47315559853,55
3666,two_parent,22,False,2,96,-30.932203389830505,181
3667,two_parent,22,False,2,363,301.1541565778854,157
3668,two_parent,22,True,2,14406,21168.8586518876,49
3669,two_parent,22,False,2,96,-30.932203389830505,195
3670,two_parent,22,False,2,360,316.03712671509277,162
3671,two_parent,22,False,2,1956,2911.148872791078,145
3672,two_parent,22,True,2,14406,21183.71496011154,43
3673,two_parent,22,False,2,363,376.39931396287324,155
3674,two_parent,22,True,4,14406,21412.869193280156,1,14406,21117.733431454108,25,14406,21162.086349558893,116
3675,two_parent,22,False,2,96,-30.932203389830505,196
3676,two_parent,22,False,3,14406,21183.71496011154,20,2094,2968.848669023274,61
3677,two_parent,22,False,3,14406,21183.71496011154,15,2094,2968.848669023274,100
3678,two_parent,22,False,2,2544,3537.494426303572,122
3679,two_parent,22,False,2,2514,3244.5350816541663,137
3680,two_parent,22,False,2,2538,3613.6113586830584,124
3681,two_parent,22,False,2,5553,8274.323100555697,109
3682,two_parent,22,False,3,14406,21183.71496011154,3,2094,2968.848669023274,129
3683,two_parent,22,True,2,14406,20297.853560666957,100
3684,two_parent,22,False,2,96,-30.932203389830505,198
3685,two_parent,22,False,3,14406,21183.71496011154,28,2094,2968.848669023274,121
3686,two_parent,22,False,2,2514,3244.5350816541663,138
3687,two_parent,22,False,2,372,372.4788135593223,147
3688,two_parent,22,False,2,10452,15861.02328704613,105
3689,two_parent,22,True,2,14406,21097.693283290562,53
3690,two_parent,22,True,2,14406,20246.979301195075,101
3691,two_parent,22,False,2,2529,3495.2172009003075,128
3692,two_parent,22,False,2,2532,3602.8823075017617,126
3693,two_parent,22,False,3,14406,21183.71496011154,21,2094,2968.848669023274,103
3694,two_parent,22,True,2,14406,21183.71496011154,48
3695,two_parent,22,True,2,14406,20896.85403171698,69
3696,two_parent,22,False,2,144,33.700564971751405,179
3697,two_parent,22,False,2,96,-30.932203389830505,191
3698,two_parent,22,False,2,96,-30.932203389830505,185
3699,two_parent,22,False,2,5556,8363.198167393479,106
3700,two_parent,22,False,3,14406,21183.71496011154,16,2094,2968.848669023274,91
3701,two_parent,22,False,2,363,365.52865213882177,156
3702,two_parent,22,False,3,14406,21183.71496011154,32,2094,2968.848669023274,84
3703,two_parent,22,False,2,3966,5620.479111762492,115
3704,two_parent,22,False,2,207,106.17231638418085,174
3705,two_parent,22,False,2,96,-30.932203389830505,194
3706,two_parent,22,True,2,14406,20476.418314152586,96
3707,two_parent,22,True,4,14406,21565.065109979656,0,4818,7153.186877464818,34,14406,21327.21345375987,100
3708,two_parent,22,False,2,360,400.58010492332534,160
3709,two_parent,22,False,3,14406,21183.71496011154,39,2094,2968.848669023274,73
3710,two_parent,22,False,2,2538,3608.2607591590154,125
3711,two_parent,22,False,2,360,404.8244552058112,158
3712,two_parent,22,True,2,14406,21183.71496011154,47
3713,two_parent,22,False,2,366,349.61965294592414,152
3714,two_parent,22,False,2,210,12.485875706214706,173
3715,two_parent,22,False,3,14406,21183.71496011154,27,2094,2968.848669023274,111
3716,two_parent,22,True,2,14406,20789.210105481707,87
3717,two_parent,22,False,2,2544,3519.506839926878,123
3718,two_parent,22,False,2,363,397.58676351896696,154
3719,two_parent,22,False,2,10452,15973.221304128598,103
3720,two_parent,23,True,3,4818,7153.186877464818,37,14406,21327.21345375987,99
3721,two_parent,23,False,2,2085,2879.3392967332243,138
3722,two_parent,23,False,2,2094,2968.848669023274,86
3723,two_parent,23,False,2,2094,2968.848669023274,125
3724,two_parent,23,False,2,96,-12.7158273381295,185
3725,two_parent,23,False,2,795,985.6628166500664,167
3726,two_parent,23,False,2,1365,1656.2526062518775,155
3727,two_parent,23,True,3,4818,7153.186877464818,33,14406,21327.21345375987,90
3728,two_parent,23,False,2,1098,1402.3703071610505,162
3729,two_parent,23,True,3,14406,21117.733431454108,18,14406,21162.086349558893,124
3730,two_parent,23,False,2,2094,2968.848669023274,65
3731,two_parent,23,True,3,4818,7153.186877464818,41,14406,21327.21345375987,85
3732,two_parent,23,False,2,4818,7153.186877464818,44
3733,two_parent,23,True,3,4818,7153.186877464818,36,14406,21327.21345375987,94
3734,two_parent,23,False,2,96,-12.7158273381295,191
3735,two_parent,23,False,2,1107,1503.438155940394,161
3736,two_parent,23,False,2,96,-12.7158273381295,186
3737,two_parent,23,False,2,96,-12.7158273381295,195
3738,two_parent,23,False,2,96,-12.7158273381295,199
3739,two_parent,23,True,3,14406,21117.733431454108,15,14406,21162.086349558893,120
3740,two_parent,23,True,3,14406,21117.733431454108,16,14406,21162.086349558893,114
3741,two_parent,23,False,2,4818,7153.186877464818,47
3742,two_parent,23,False,2,2142,2887.437793710769,54
3743,two_parent,23,False,2,1392,1926.8903067638264,142
3744,two_parent,23,True,3,14406,21117.733431454108,10,14406,21162.086349558893,110
3745,two_parent,23,False,2,144,50.82733812949641,176
3746,two_parent,23,False,2,2094,2968.848669023274,96
3747,two_parent,23,False,2,1362,1673.820792897453,157
3748,two_parent,23,False,2,2094,2968.848669023274,118
3749,two_parent,23,False,2,1392,1926.8903067638264,145
3750,two_parent,23,False,3,4824,7158.693695423559,30,1380,1938.743933713595,142
3751,two_parent,23,False,2,96,-12.7158273381295,190
3752,two_parent,23,False,2,1392,1926.8903067638264,143
3753,two_parent,23,False,2,4818,7153.186877464818,49
3754,two_parent,23,False,2,96,-12.7158273381295,188
3755,two_parent,23,False,2,1095,1213.485636022579,163
3756,two_parent,23,True,3,14406,21320.91683317508,4,14406,21348.95827724098,70
3757,two_parent,23,False,2,2094,2968.848669023274,131
3758,two_parent,23,True,3,4818,7153.186877464818,35,14406,21327.21345375987,98
3759,two_parent,23,False,2,4866,7124.892188902492,28
3760,two_parent,23,True,3,14406,20802.969530535298,27,14406,20899.65736406322,131
3761,two_parent,23,False,2,2094,2968.848669023274,102
3762,two_parent,23,False,2,375,344.75987866423264,169
3763,two_parent,23,False,2,2094,2968.848669023274,71
3764,two_parent,23,False,2,96,-12.7158273381295,196
3765,two_parent,23,True,3,14406,21117.733431454108,21,14406,21162.086349558893,115
3766,two_parent,23,True,3,14406,21117.733431454108,12,14406,21162.086349558893,123
3767,two_parent,23,False,2,96,-12.7158273381295,193
3768,two_parent,23,False,2,3396,4888.024706198859,52
3769,two_parent,23,False,2,96,-12.7158273381295,189
3770,two_parent,23,False,2,2094,2968.848669023274,94
3771,two_parent,23,False,2,96,-12.7158273381295,197
3772,two_parent,23,False,2,2094,2958.393940549684,134
3773,two_parent,23,False,2,2094,2968.848669023274,78
3774,two_parent,23,False,2,1392,1926.8903067638264,144
3775,two_parent,23,True,3,14406,21431.867209333584,1,14406,21391.646455921447,47
3776,two_parent,23,False,2,2094,2968.848669023274,120
3777,two_parent,23,False,2,144,50.82733812949641,180
3778,two_parent,23,False,2,930,1177.5889578330195,166
3779,two_parent,23,False,2,2094,2968.848669023274,126
3780,two_parent,23,False,2,963,1058.4013977343118,164
3781,two_parent,23,False,2,1392,1926.8903067638264,140
3782,two_parent,23,True,3,14406,21179.89522460404,6,14406,21307.326685439315,105
3783,two_parent,23,False,2,3384,5009.844027921391,53
3784,two_parent,23,False,2,351,261.1578349260888,170
3785,two_parent,23,True,3,14406,21431.867209333584,2,14406,21391.646455921447,46
3786,two_parent,23,False,2,264,200.3237410071942,173
3787,two_parent,23,False,2,3402,5073.028449414579,51
3788,two_parent,23,True,3,14406,21320.91683317508,3,14406,21348.95827724098,74
3789,two_parent,23,False,2,96,-12.7158273381295,194
3790,two_parent,23,True,3,14406,21117.733431454108,17,14406,21162.086349558893,112
3791,two_parent,23,False,2,96,-12.7158273381295,198
3792,two_parent,23,False,2,1365,1656.2526062518775,154
3793,two_parent,23,False,2,954,1050.5970368458327,165
3794,two_parent,23,False,2,96,-12.7158273381295,182
3795,two_parent,23,False,2,4824,7119.876623561749,31
3796,two_parent,23,False,2,2094,2958.393940549684,133
3797,two_parent,23,False,2,348,256.58631303912085,171
3798,two_parent,23,False,2,264,218.57014388489216,172
3799,two_parent,23,False,2,2094,2968.848669023274,97
3800,two_parent,23,False,2,2094,2968.848669023274,127
3801,two_parent,23,False,2,144,50.82733812949641,178
3802,two_parent,23,True,3,14406,21117.733431454108,24,14406,21162.086349558893,121
3803,two_parent,23,False,2,1362,1673.820792897453,158
3804,two_parent,23,False,2,1383,1789.2537634853409,149
3805,two_parent,23,True,3,14406,21117.733431454108,22,14406,21162.086349558893,125
3806,two_parent,23,False,2,144,50.82733812949641,177
3807,two_parent,23,False,2,96,-12.7158273381295,192
3808,two_parent,23,True,3,14406,20829.126227785586,26,14406,21001.40175436574,129
3809,two_parent,23,False,2,96,-12.7158273381295,183
3810,two_parent,23,False,2,96,-12.7158273381295,181
3811,two_parent,23,False,2,2094,2968.848669023274,60
3812,two_parent,23,False,2,2094,2968.848669023274,56
3813,two_parent,23,True,3,14406,21117.733431454108,19,14406,21162.086349558893,111
3814,two_parent,23,False,2,1392,1926.8903067638264,147
3815,two_parent,23,False,2,2094,2968.848669023274,79
3816,two_parent,23,False,2,4827,7077.8380212725715,29
3817,two_parent,23,False,2,1425,1889.4705754770175,139
3818,two_parent,23,False,2,4818,7153.186877464818,46
3819,two_parent,23,False,2,2094,2968.848669023274,90
3820,two_parent,23,False,2,1365,1656.2526062518775,153
3821,two_parent,23,False,2,96,-12.7158273381295,184
3822,two_parent,23,True,3,14406,21117.733431454108,20,14406,21162.086349558893,113
3823,two_parent,23,False,2,2094,2968.848669023274,74
3824,two_parent,23,False,2,2094,2968.848669023274,106
3825,two_parent,23,True,3,14406,21117.733431454108,23,14406,21162.086349558893,109
3826,two_parent,23,False,2,2094,2968.848669023274,124
3827,two_parent,23,False,2,1374,1876.5402786223008,150
3828,two_parent,23,False,2,1359,1856.3687099340325,160
3829,two_parent,23,False,2,2094,2968.848669023274,72
3830,two_parent,23,True,3,14406,21117.733431454108,13,14406,21162.086349558893,108
3831,two_parent,23,True,3,4818,7153.186877464818,38,14406,21327.21345375987,83
3832,two_parent,23,False,2,1365,1656.2526062518775,152
3833,two_parent,23,False,2,2094,2968.848669023274,83
3834,two_parent,23,False,2,2094,2958.393940549684,137
3835,two_parent,23,False,2,2094,2968.848669023274,87
3836,two_parent,23,False,2,216,119.70323741007192,175
3837,two_parent,23,False,2,795,821.5293409192351,168
3838,two_parent,23,True,3,4818,7153.186877464818,40,14406,21327.21345375987,102
3839,two_parent,23,False,2,2094,2958.393940549684,135
3840,two_parent,23,True,3,14406,21117.733431454108,11,14406,21162.086349558893,107
3841,two_parent,23,False,2,3414,5147.434161663809,50
3842,two_parent,23,False,2,96,-12.7158273381295,187
3843,two_parent,23,False,2,2094,2968.848669023274,88
3844,two_parent,23,False,2,2094,2968.848669023274,80
3845,two_parent,23,False,2,144,50.82733812949641,179
3846,two_parent,23,True,3,14406,21117.733431454108,8,14406,21162.086349558893,122
3847,two_parent,23,False,2,2094,2968.848669023274,58
3848,two_parent,23,True,3,14406,21320.91683317508,5,14406,21348.95827724098,75
3849,two_parent,23,False,2,225,133.97482014388498,174
3850,two_parent,23,False,2,1392,1926.8903067638264,141
3851,two_parent,23,False,2,4818,7153.186877464818,43
3852,two_parent,23,False,2,2094,2968.848669023274,104
3853,two_parent,23,False,2,2094,2968.848669023274,75
3854,two_parent,23,False,2,2094,2968.848669023274,68
3855,two_parent,23,False,2,2094,2968.848669023274,95
3856,two_parent,23,False,2,2094,2968.848669023274,114
3857,two_parent,23,False,2,1362,1673.820792897453,159
3858,two_parent,23,False,2,2094,2958.393940549684,136
3859,two_parent,23,True,3,14406,21117.733431454108,14,14406,21162.086349558893,119
3860,two_parent,23,False,2,2094,2968.848669023274,70
3861,two_parent,23,False,2,2094,2968.848669023274,115
3862,two_parent,23,False,2,2094,2968.848669023274,55
3863,two_parent,23,False,2,2094,2968.848669023274,66
3864,two_parent,23,True,3,14406,21117.733431454108,9,14406,21162.086349558893,117
3865,two_parent,23,False,2,2094,2968.848669023274,77
3866,two_parent,23,False,2,1392,1926.8903067638264,148
3867,two_parent,23,True,3,4818,7153.186877464818,39,14406,21327.21345375987,97
3868,two_parent,23,False,2,2094,2968.848669023274,110
3869,two_parent,23,False,2,2094,2968.848669023274,109
3870,two_parent,23,False,2,1365,1656.2526062518775,156
3871,two_parent,23,False,2,2094,2968.848669023274,117
3872,two_parent,23,False,2,4818,7153.186877464818,45
3873,two_parent,23,False,2,1365,1924.8797367269256,151
3874,two_parent,23,True,3,14406,21117.733431454108,7,14406,21162.086349558893,118
3875,two_parent,23,False,2,1392,1926.8903067638264,146
3876,two_parent,23,True,3,4818,7153.186877464818,32,14406,21327.21345375987,81
3877,two_parent,23,False,2,4818,7153.186877464818,48
3878,two_parent,23,True,4,14406,21431.867209333584,0,14406,21391.646455921447,28,14406,21518.52746294577,125
3879,two_parent,23,True,3,4818,7153.186877464818,42,14406,21327.21345375987,82
3880,two_parent,24,False,2,390,402.24224137931026,144
3881,two_parent,24,False,2,144,12.844827586206883,170
3882,two_parent,24,True,2,14406,21348.95827724098,72
3883,two_parent,24,True,2,14406,21327.21345375987,91
3884,two_parent,24,True,3,14406,21391.646455921447,0,14406,21518.52746294577,124
3885,two_parent,24,False,5,14406,21391.646455921447,30,14406,21518.52746294577,22,9450,14451.492868435927,7,7875,12225.24818895888,142
3886,two_parent,24,False,2,96,-15.948275862068968,182
3887,two_parent,24,True,3,14406,21391.646455921447,24,14406,21518.52746294577,45
3888,two_parent,24,False,2,351,284.0548850574712,164
3889,two_parent,24,False,2,96,-15.948275862068968,180
3890,two_parent,24,True,2,14406,21391.646455921447,58
3891,two_parent,24,True,3,14406,21391.646455921447,37,14406,21518.52746294577,83
3892,two_parent,24,False,2,210,15.51724137931032,167
3893,two_parent,24,False,2,96,-15.948275862068968,194
3894,two_parent,24,False,2,390,392.42241379310343,145
3895,two_parent,24,True,3,14406,21391.646455921447,1,14406,21518.52746294577,65
3896,two_parent,24,False,2,354,319.2083333333334,161
3897,two_parent,24,True,3,14406,21391.646455921447,5,14406,21518.52746294577,63
3898,two_parent,24,True,3,14406,21391.646455921447,26,14406,21518.52746294577,139
3899,two_parent,24,True,2,14406,21348.95827724098,71
3900,two_parent,24,False,5,14406,21391.646455921447,36,14406,21518.52746294577,12,9450,14451.492868435927,16,7875,12225.24818895888,122
3901,two_parent,24,False,2,96,-15.948275862068968,179
3902,two_parent,24,False,2,96,-15.948275862068968,197
3903,two_parent,24,True,3,14406,21391.646455921447,7,14406,21518.52746294577,64
3904,two_parent,24,True,2,14406,21391.646455921447,50
3905,two_parent,24,True,2,14406,21327.21345375987,95
3906,two_parent,24,False,2,351,289.9103448275862,163
3907,two_parent,24,False,2,357,343.9241379310343,160
3908,two_parent,24,True,2,14406,20602.50018101334,134
3909,two_parent,24,True,2,14406,21348.95827724098,67
3910,two_parent,24,False,2,366,334.76293103448273,157
3911,two_parent,24,True,2,14406,21229.48656394753,106
3912,two_parent,24,True,2,14406,21391.646455921447,56
3913,two_parent,24,False,2,3378,4914.8064285085065,138
3914,two_parent,24,False,2,369,400.2258620689652,155
3915,two_parent,24,True,3,14406,21391.646455921447,31,14406,21518.52746294577,52
3916,two_parent,24,True,2,14406,21391.646455921447,43
3917,two_parent,24,False,2,387,443.1629310344825,146
3918,two_parent,24,False,2,96,-15.948275862068968,199
3919,two_parent,24,False,2,96,-15.948275862068968,175
3920,two_parent,24,False,2,369,415.04396551724113,152
3921,two_parent,24,True,2,14406,21348.95827724098,65
3922,two_parent,24,False,2,96,-15.948275862068968,193
3923,two_parent,24,True,3,14406,21391.646455921447,10,14406,21518.52746294577,102
3924,two_parent,24,False,2,96,-15.948275862068968,181
3925,two_parent,24,False,4,14406,21391.646455921447,12,14406,21518.52746294577,6,9450,14451.492868435927,139
3926,two_parent,24,True,2,14406,21327.21345375987,84
3927,two_parent,24,True,2,14406,21101.37843035475,126
3928,two_parent,24,True,3,14406,21391.646455921447,27,14406,21518.52746294577,129
3929,two_parent,24,False,2,369,415.04396551724113,151
3930,two_parent,24,True,2,14406,21348.95827724098,62
3931,two_parent,24,False,2,372,368.5775862068965,147
3932,two_parent,24,True,3,14406,21391.646455921447,39,14406,21518.52746294577,40
3933,two_parent,24,True,2,14406,21348.95827724098,63
3934,two_parent,24,False,4,14406,21391.646455921447,15,14406,21518.52746294577,18,9450,14451.492868435927,146
3935,two_parent,24,False,2,6414,8867.95638904642,136
3936,two_parent,24,False,2,372,368.5775862068965,148
3937,two_parent,24,False,2,96,-15.948275862068968,186
3938,two_parent,24,True,2,14406,21348.95827724098,79
3939,two_parent,24,False,2,369,400.2258620689652,154
3940,two_parent,24,True,2,14406,21348.95827724098,78
3941,two_parent,24,False,2,348,239.2514367816092,165
3942,two_parent,24,False,2,96,-15.948275862068968,174
3943,two_parent,24,True,2,14406,21327.21345375987,87
3944,two_parent,24,False,2,351,313.57413793103433,162
3945,two_parent,24,True,2,14406,21348.95827724098,66
3946,two_parent,24,True,2,14406,20998.324596772014,130
3947,two_parent,24,False,2,2244,3005.8871327162747,140
3948,two_parent,24,True,2,14406,21391.646455921447,42
3949,two_parent,24,False,2,96,-15.948275862068968,196
3950,two_parent,24,True,2,14406,21017.351612065468,128
3951,two_parent,24,True,3,14406,21391.646455921447,23,14406,21518.52746294577,41
3952,two_parent,24,True,2,14406,21391.646455921447,51
3953,two_parent,24,True,3,14406,21391.646455921447,16,14406,21518.52746294577,118
3954,two_parent,24,False,2,369,415.04396551724113,153
3955,two_parent,24,False,2,1089,1285.6694474268756,143
3956,two_parent,24,False,2,366,319.07327586206935,158
3957,two_parent,24,True,3,14406,21391.646455921447,29,14406,21518.52746294577,95
3958,two_parent,24,False,4,14406,21391.646455921447,33,14406,21518.52746294577,28,9450,14451.492868435927,135
3959,two_parent,24,True,3,14406,21391.646455921447,38,14406,21518.52746294577,87
3960,two_parent,24,False,2,144,12.844827586206883,169
3961,two_parent,24,True,3,14406,21391.646455921447,35,14406,21518.52746294577,92
3962,two_parent,24,False,2,96,-15.948275862068968,190
3963,two_parent,24,True,2,14406,21348.95827724098,64
3964,two_parent,24,True,2,14406,21055.386413780685,127
3965,two_parent,24,True,2,14406,21348.95827724098,73
3966,two_parent,24,True,2,14406,21391.646455921447,53
3967,two_parent,24,True,2,14406,21391.646455921447,44
3968,two_parent,24,True,2,14406,20606.349785515144,133
3969,two_parent,24,False,2,96,-15.948275862068968,183
3970,two_parent,24,False,2,144,12.844827586206883,173
3971,two_parent,24,False,2,96,-15.948275862068968,184
3972,two_parent,24,False,2,96,-15.948275862068968,195
3973,two_parent,24,True,2,14406,21391.646455921447,45
3974,two_parent,24,True,3,14406,21391.646455921447,32,14406,21518.52746294577,67
3975,two_parent,24,True,2,14406,21391.646455921447,41
3976,two_parent,24,True,2,14406,20545.538687911103,135
3977,two_parent,24,True,2,14406,21391.646455921447,48
3978,two_parent,24,False,4,14406,21391.646455921447,21,14406,21518.52746294577,11,9450,14451.492868435927,70
3979,two_parent,24,True,3,14406,21391.646455921447,3,14406,21518.52746294577,134
3980,two_parent,24,True,2,14406,21327.21345375987,93
3981,two_parent,24,True,2,14406,21391.646455921447,49
3982,two_parent,24,True,3,14406,21391.646455921447,6,14406,21518.52746294577,122
3983,two_parent,24,True,2,14406,21391.646455921447,59
3984,two_parent,24,True,2,14406,21348.95827724098,68
3985,two_parent,24,True,2,14406,20854.905454597105,132
3986,two_parent,24,False,2,144,12.844827586206883,172
3987,two_parent,24,True,2,14406,21348.95827724098,77
3988,two_parent,24,False,4,14406,21391.646455921447,17,14406,21518.52746294577,14,9450,14451.492868435927,82
3989,two_parent,24,False,2,369,415.04396551724113,150
3990,two_parent,24,False,2,144,12.844827586206883,168
3991,two_parent,24,True,3,14406,21391.646455921447,8,14406,21518.52746294577,57
3992,two_parent,24,True,2,14406,21391.646455921447,54
3993,two_parent,24,False,2,96,-15.948275862068968,188
3994,two_parent,24,False,2,2079,2990.3325325350497,141
3995,two_parent,24,True,2,14406,21327.21345375987,80
3996,two_parent,24,False,2,96,-15.948275862068968,192
3997,two_parent,24,False,2,144,12.844827586206883,171
3998,two_parent,24,True,3,14406,21391.646455921447,14,14406,21518.52746294577,138
3999,two_parent,24,False,2,369,415.04396551724113,149
4000,two_parent,24,True,3,14406,21391.646455921447,19,14406,21518.52746294577,103
4001,two_parent,24,False,2,96,-15.948275862068968,176
4002,two_parent,24,True,2,14406,21327.21345375987,103
4003,two_parent,24,True,3,14406,21391.646455921447,9,14406,21518.52746294577,97
4004,two_parent,24,False,2,96,-15.948275862068968,177
4005,two_parent,24,True,2,14406,21391.646455921447,57
4006,two_parent,24,True,2,14406,21327.21345375987,86
4007,two_parent,24,True,2,14406,21327.21345375987,92
4008,two_parent,24,False,2,360,319.7419540229885,159
4009,two_parent,24,False,2,96,-15.948275862068968,198
4010,two_parent,24,True,2,14406,21327.21345375987,104
4011,two_parent,24,False,2,2259,2956.8268834930773,139
4012,two_parent,24,False,2,96,-15.948275862068968,191
4013,two_parent,24,True,2,14406,21391.646455921447,60
4014,two_parent,24,True,2,14406,21327.21345375987,89
4015,two_parent,24,False,2,96,-15.948275862068968,187
4016,two_parent,24,True,2,14406,21327.21345375987,88
4017,two_parent,24,True,3,14406,21391.646455921447,13,14406,21518.52746294577,140
4018,two_parent,24,True,2,14406,21327.21345375987,96
4019,two_parent,24,True,3,14406,21391.646455921447,22,14406,21518.52746294577,93
4020,two_parent,24,False,4,14406,21391.646455921447,34,14406,21518.52746294577,5,9450,14451.492868435927,122
4021,two_parent,24,False,2,366,356.54827586206903,156
4022,two_parent,24,False,5,14406,21391.646455921447,20,14406,21518.52746294577,21,9450,14451.492868435927,38,7875,12225.24818895888,146
4023,two_parent,24,True,3,14406,21391.646455921447,25,14406,21518.52746294577,54
4024,two_parent,24,False,2,3384,4949.903766464702,137
4025,two_parent,24,True,2,14406,21327.21345375987,101
4026,two_parent,24,False,4,14406,21391.646455921447,18,14406,21518.52746294577,34,9450,14451.492868435927,128
4027,two_parent,24,True,3,14406,21391.646455921447,11,14406,21518.52746294577,126
4028,two_parent,24,True,3,14406,21391.646455921447,2,14406,21518.52746294577,80
4029,two_parent,24,True,2,14406,21391.646455921447,52
4030,two_parent,24,False,2,96,-15.948275862068968,178
4031,two_parent,24,True,2,14406,21348.95827724098,69
4032,two_parent,24,False,4,14406,21391.646455921447,4,14406,21518.52746294577,1,9450,14451.492868435927,41
4033,two_parent,24,False,2,96,-15.948275862068968,189
4034,two_parent,24,True,2,14406,21391.646455921447,40
4035,two_parent,24,True,2,14406,21348.95827724098,76
4036,two_parent,24,True,2,14406,21348.95827724098,61
4037,two_parent,24,False,2,210,104.8275862068966,166
4038,two_parent,24,False,2,96,-15.948275862068968,185
4039,two_parent,24,True,2,14406,21391.646455921447,55
4040,two_parent,25,True,2,14406,21518.52746294577,117
4041,two_parent,25,True,2,14406,21518.52746294577,77
4042,two_parent,25,True,2,14406,21518.52746294577,104
4043,two_parent,25,False,3,14406,21518.52746294577,20,9450,14451.492868435927,46
4044,two_parent,25,True,2,14406,21518.52746294577,98
4045,two_parent,25,False,2,216,115.36956521739134,161
4046,two_parent,25,False,3,14406,21518.52746294577,38,9450,14451.492868435927,83
4047,two_parent,25,False,4,14406,21518.52746294577,23,9450,14451.492868435927,10,7875,12225.24818895888,132
4048,two_parent,25,True,2,14406,21518.52746294577,130
4049,two_parent,25,True,2,14406,21518.52746294577,114
4050,two_parent,25,False,3,14406,21518.52746294577,31,9450,14451.492868435927,60
4051,two_parent,25,False,2,207,79.36956521739128,171
4052,two_parent,25,False,2,213,54.86956521739131,163
4053,two_parent,25,True,2,14406,21518.52746294577,137
4054,two_parent,25,True,2,14406,21518.52746294577,70
4055,two_parent,25,False,3,14406,21518.52746294577,29,9450,14451.492868435927,108
4056,two_parent,25,True,2,14406,21518.52746294577,112
4057,two_parent,25,True,2,14406,21518.52746294577,81
4058,two_parent,25,True,2,14406,21518.52746294577,85
4059,two_parent,25,False,3,14406,21518.52746294577,0,9450,14451.492868435927,84
4060,two_parent,25,False,4,14406,21518.52746294577,16,9450,14451.492868435927,9,7875,12225.24818895888,113
4061,two_parent,25,False,3,14406,21518.52746294577,36,9450,14451.492868435927,114
4062,two_parent,25,True,2,14406,21518.52746294577,121
4063,two_parent,25,False,2,207,-1.2391304347826093,173
4064,two_parent,25,True,2,14406,21518.52746294577,62
4065,two_parent,25,True,2,14406,21518.52746294577,60
4066,two_parent,25,False,3,14406,21518.52746294577,24,9450,14451.492868435927,97
4067,two_parent,25,False,2,96,-28.478260869565215,187
4068,two_parent,25,True,2,14406,21518.52746294577,79
4069,two_parent,25,True,2,14406,21518.52746294577,141
4070,two_parent,25,False,3,14406,21518.52746294577,35,9450,14451.492868435927,103
4071,two_parent,25,False,3,14406,21518.52746294577,10,9450,14451.492868435927,129
4072,two_parent,25,False,2,270,175.30434782608697,155
4073,two_parent,25,True,2,14406,21518.52746294577,90
4074,two_parent,25,True,2,14406,21518.52746294577,142
4075,two_parent,25,False,4,14406,21518.52746294577,3,9450,14451.492868435927,5,7875,12225.24818895888,116
4076,two_parent,25,False,2,9159,13706.605116618437,147
4077,two_parent,25,False,2,96,-28.478260869565215,185
4078,two_parent,25,False,2,144,-28.04347826086956,176
4079,two_parent,25,False,2,216,83.7391304347826,162
4080,two_parent,25,True,2,14406,21518.52746294577,48
4081,two_parent,25,True,2,14406,21518.52746294577,55
4082,two_parent,25,False,2,273,93.63043478260872,154
4083,two_parent,25,True,2,14406,21518.52746294577,128
4084,two_parent,25,False,2,246,223.80434782608694,156
4085,two_parent,25,True,2,14406,20733.00292397107,145
4086,two_parent,25,True,2,14406,21518.52746294577,111
4087,two_parent,25,False,2,96,-28.478260869565215,194
4088,two_parent,25,True,2,14406,21518.52746294577,94
4089,two_parent,25,False,2,561,700.1793585020133,148
4090,two_parent,25,False,3,14406,21518.52746294577,8,9450,14451.492868435927,118
4091,two_parent,25,False,2,96,-28.478260869565215,196
4092,two_parent,25,False,3,14406,21518.52746294577,32,9450,14451.492868435927,56
4093,two_parent,25,True,2,14406,21518.52746294577,133
4094,two_parent,25,True,2,14406,21518.52746294577,76
4095,two_parent,25,False,3,14406,21518.52746294577,7,9450,14451.492868435927,42
4096,two_parent,25,True,2,14406,21518.52746294577,47
4097,two_parent,25,False,2,210,-24.999999999999993,166
4098,two_parent,25,False,2,96,-28.478260869565215,188
4099,two_parent,25,False,2,225,60.84782608695653,160
4100,two_parent,25,True,2,14406,21518.52746294577,136
4101,two_parent,25,True,2,14406,21518.52746294577,132
4102,two_parent,25,True,2,14406,21518.52746294577,86
4103,two_parent,25,True,2,14406,21518.52746294577,91
4104,two_parent,25,False,3,14406,21518.52746294577,9,9450,14451.492868435927,94
4105,two_parent,25,False,4,14406,21518.52746294577,15,9450,14451.492868435927,6,7875,12225.24818895888,124
4106,two_parent,25,False,3,14406,21518.52746294577,30,9450,14451.492868435927,65
4107,two_parent,25,True,2,14406,21518.52746294577,72
4108,two_parent,25,False,2,207,105.34782608695656,169
4109,two_parent,25,True,2,14406,21518.52746294577,99
4110,two_parent,25,False,2,96,-28.478260869565215,183
4111,two_parent,25,True,2,14406,21518.52746294577,96
4112,two_parent,25,True,2,14406,21518.52746294577,127
4113,two_parent,25,True,2,14406,21518.52746294577,100
4114,two_parent,25,False,3,14406,21518.52746294577,37,9450,14451.492868435927,74
4115,two_parent,25,True,2,14406,21518.52746294577,107
4116,two_parent,25,False,2,531,656.3823476140406,149
4117,two_parent,25,False,2,96,-28.478260869565215,192
4118,two_parent,25,False,2,210,44.73913043478261,164
4119,two_parent,25,False,2,144,-28.04347826086956,178
4120,two_parent,25,False,2,96,-28.478260869565215,181
4121,two_parent,25,False,2,210,-20.108695652173918,165
4122,two_parent,25,True,2,14406,21518.52746294577,116
4123,two_parent,25,True,2,14406,21518.52746294577,115
4124,two_parent,25,True,2,14406,21518.52746294577,110
4125,two_parent,25,False,2,96,-28.478260869565215,191
4126,two_parent,25,True,2,14406,21518.52746294577,71
4127,two_parent,25,True,2,14406,21518.52746294577,101
4128,two_parent,25,True,2,14406,21518.52746294577,88
4129,two_parent,25,False,2,144,-28.04347826086956,179
4130,two_parent,25,True,2,14406,21518.52746294577,68
4131,two_parent,25,False,2,513,490.6043825780665,153
4132,two_parent,25,False,3,14406,21518.52746294577,13,9450,14451.492868435927,140
4133,two_parent,25,True,2,14406,21518.52746294577,44
4134,two_parent,25,False,2,207,60.195652173913004,172
4135,two_parent,25,True,2,14406,21518.52746294577,131
4136,two_parent,25,False,2,96,-28.478260869565215,186
4137,two_parent,25,True,2,14406,21518.52746294577,106
4138,two_parent,25,True,2,14406,21518.52746294577,74
4139,two_parent,25,False,2,531,627.1053713896964,150
4140,two_parent,25,True,2,14406,21518.52746294577,66
4141,two_parent,25,False,2,243,220.17391304347814,158
4142,two_parent,25,False,3,14406,21518.52746294577,26,9450,14451.492868435927,127
4143,two_parent,25,False,2,516,590.3174482917045,152
4144,two_parent,25,True,2,14406,21518.52746294577,84
4145,two_parent,25,True,2,14406,21518.52746294577,50
4146,two_parent,25,True,2,14406,21518.52746294577,82
4147,two_parent,25,True,2,14406,21518.52746294577,123
4148,two_parent,25,True,2,14406,21518.52746294577,56
4149,two_parent,25,False,2,96,-28.478260869565215,190
4150,two_parent,25,False,2,522,646.299755705362,151
4151,two_parent,25,True,2,14406,21518.52746294577,108
4152,two_parent,25,False,2,96,-28.478260869565215,184
4153,two_parent,25,False,2,153,-39.391304347826086,175
4154,two_parent,25,True,2,14406,21016.11879438538,144
4155,two_parent,25,True,2,14406,21389.391219137146,143
4156,two_parent,25,True,2,14406,21518.52746294577,51
4157,two_parent,25,True,2,14406,21518.52746294577,69
4158,two_parent,25,True,2,14406,21518.52746294577,113
4159,two_parent,25,True,2,14406,21518.52746294577,89
4160,two_parent,25,False,3,14406,21518.52746294577,33,9450,14451.492868435927,73
4161,two_parent,25,False,2,210,-52.32608695652174,167
4162,two_parent,25,False,2,144,-28.04347826086956,180
4163,two_parent,25,True,2,14406,21518.52746294577,49
4164,two_parent,25,False,2,207,105.58695652173913,168
4165,two_parent,25,False,2,96,-28.478260869565215,197
4166,two_parent,25,False,4,14406,21518.52746294577,25,9450,14451.492868435927,35,7875,12225.24818895888,149
4167,two_parent,25,False,3,14406,21518.52746294577,27,9450,14451.492868435927,134
4168,two_parent,25,False,2,96,-28.478260869565215,193
4169,two_parent,25,True,2,14406,21518.52746294577,135
4170,two_parent,25,False,2,96,-28.478260869565215,182
4171,two_parent,25,True,2,14406,21518.52746294577,75
4172,two_parent,25,False,2,207,81.45652173913044,170
4173,two_parent,25,False,3,14406,21518.52746294577,17,9450,14451.492868435927,52
4174,two_parent,25,True,2,14406,21518.52746294577,73
4175,two_parent,25,False,2,96,-28.478260869565215,199
4176,two_parent,25,True,2,14406,21518.52746294577,58
4177,two_parent,25,False,2,243,225.5217391304348,157
4178,two_parent,25,False,3,14406,21518.52746294577,2,9450,14451.492868435927,47
4179,two_parent,25,False,4,14406,21518.52746294577,19,9450,14451.492868435927,8,7875,12225.24818895888,129
4180,two_parent,25,False,2,189,15.58695652173914,174
4181,two_parent,25,False,2,96,-28.478260869565215,189
4182,two_parent,25,False,2,96,-28.478260869565215,195
4183,two_parent,25,False,2,225,111.71739130434779,159
4184,two_parent,25,True,2,14406,21518.52746294577,61
4185,two_parent,25,False,4,14406,21518.52746294577,39,9450,14451.492868435927,31,7875,12225.24818895888,148
4186,two_parent,25,True,2,14406,21518.52746294577,120
4187,two_parent,25,True,2,14406,21518.52746294577,46
4188,two_parent,25,True,2,14406,21518.52746294577,43
4189,two_parent,25,False,2,96,-28.478260869565215,198
4190,two_parent,25,True,2,14406,21518.52746294577,109
4191,two_parent,25,False,3,14406,21518.52746294577,4,9450,14451.492868435927,132
4192,two_parent,25,True,2,14406,21518.52746294577,78
4193,two_parent,25,True,2,14406,21518.52746294577,42
4194,two_parent,25,True,2,14406,21518.52746294577,53
4195,two_parent,25,True,2,14406,21518.52746294577,105
4196,two_parent,25,True,2,14406,20590.47883382847,146
4197,two_parent,25,True,2,14406,21518.52746294577,119
4198,two_parent,25,False,2,144,-28.04347826086956,177
4199,two_parent,25,True,2,14406,21518.52746294577,59
4200,two_parent,26,False,2,96,-12.865168539325843,196
4201,two_parent,26,False,2,9450,14451.492868435927,63
4202,two_parent,26,False,2,9450,14451.492868435927,91
4203,two_parent,26,False,2,9450,14451.492868435927,90
4204,two_parent,26,False,2,9450,14451.492868435927,141
4205,two_parent,26,False,2,9450,14451.492868435927,88
4206,two_parent,26,False,3,9450,14451.492868435927,25,7875,12225.24818895888,131
4207,two_parent,26,False,2,9450,14451.492868435927,130
4208,two_parent,26,False,2,96,-12.865168539325843,186
4209,two_parent,26,False,3,9450,14451.492868435927,23,7875,12225.24818895888,130
4210,two_parent,26,False,2,96,-12.865168539325843,188
4211,two_parent,26,False,2,144,48.29588014981272,174
4212,two_parent,26,False,2,9450,14451.492868435927,125
4213,two_parent,26,False,2,144,48.29588014981272,172
4214,two_parent,26,False,2,9450,14451.492868435927,115
4215,two_parent,26,True,3,14406,20797.750846858373,3,14406,20886.8306626182,86
4216,two_parent,26,False,2,9450,14451.492868435927,87
4217,two_parent,26,False,2,384,380.54449735843434,157
4218,two_parent,26,False,2,9450,14451.492868435927,112
4219,two_parent,26,False,2,366,420.52645286107594,163
4220,two_parent,26,False,2,9450,14451.492868435927,123
4221,two_parent,26,False,2,9450,14451.492868435927,59
4222,two_parent,26,False,2,96,-12.865168539325843,181
4223,two_parent,26,False,2,96,-12.865168539325843,185
4224,two_parent,26,False,2,378,417.38869459533237,159
4225,two_parent,26,False,2,9450,14451.492868435927,64
4226,two_parent,26,False,2,9450,14451.492868435927,79
4227,two_parent,26,False,2,9450,14451.492868435927,120
4228,two_parent,26,True,3,14406,21163.39426641303,1,14406,21300.27632367657,60
4229,two_parent,26,False,3,9450,14451.492868435927,24,7875,12225.24818895888,147
4230,two_parent,26,False,2,9450,14451.492868435927,111
4231,two_parent,26,False,2,9450,14451.492868435927,50
4232,two_parent,26,False,3,9450,14451.492868435927,29,7875,12225.24818895888,128
4233,two_parent,26,False,3,9450,14451.492868435927,11,7875,12225.24818895888,145
4234,two_parent,26,False,2,9450,14451.492868435927,72
4235,two_parent,26,False,3,9450,14451.492868435927,37,7875,12225.24818895888,134
4236,two_parent,26,False,3,9450,14451.492868435927,30,7875,12225.24818895888,140
4237,two_parent,26,False,2,96,-12.865168539325843,180
4238,two_parent,26,False,2,2976,4462.610642574111,149
4239,two_parent,26,False,2,9450,14451.492868435927,78
4240,two_parent,26,False,2,9450,14451.492868435927,53
4241,two_parent,26,False,2,390,458.8569958082199,156
4242,two_parent,26,False,2,372,405.089912443882,161
4243,two_parent,26,False,2,9450,14451.492868435927,117
4244,two_parent,26,False,3,9450,14451.492868435927,39,7875,12225.24818895888,121
4245,two_parent,26,False,2,96,-12.865168539325843,183
4246,two_parent,26,False,2,372,394.11668774958434,162
4247,two_parent,26,False,2,9450,14451.492868435927,58
4248,two_parent,26,False,2,9450,14451.492868435927,113
4249,two_parent,26,False,2,9450,14451.492868435927,77
4250,two_parent,26,False,2,375,345.48013245033087,160
4251,two_parent,26,False,3,9450,14451.492868435927,27,7875,12225.24818895888,138
4252,two_parent,26,False,3,9450,14451.492868435927,17,7875,12225.24818895888,119
4253,two_parent,26,False,3,9450,14451.492868435927,28,7875,12225.24818895888,126
4254,two_parent,26,False,2,2967,4452.5689569393635,151
4255,two_parent,26,False,2,9450,14451.492868435927,98
4256,two_parent,26,False,2,2970,4361.305462852377,150
4257,two_parent,26,False,2,9450,14451.492868435927,76
4258,two_parent,26,False,2,9450,14451.492868435927,85
4259,two_parent,26,False,3,9450,14451.492868435927,14,7875,12225.24818895888,120
4260,two_parent,26,False,2,9450,14451.492868435927,96
4261,two_parent,26,False,3,14406,20438.690921138532,4,11769,17139.759371173335,106
4262,two_parent,26,False,2,9450,14451.492868435927,100
4263,two_parent,26,False,2,9450,14451.492868435927,80
4264,two_parent,26,False,2,366,361.0775851377829,164
4265,two_parent,26,False,2,9450,14451.492868435927,54
4266,two_parent,26,False,2,9450,14451.492868435927,48
4267,two_parent,26,False,2,96,-12.865168539325843,198
4268,two_parent,26,False,2,9450,14451.492868435927,119
4269,two_parent,26,False,3,9450,14451.492868435927,32,7875,12225.24818895888,143
4270,two_parent,26,False,2,9450,14451.492868435927,136
4271,two_parent,26,False,2,9450,14451.492868435927,121
4272,two_parent,26,False,2,366,331.8361981298213,165
4273,two_parent,26,False,3,9450,14451.492868435927,21,7875,12225.24818895888,136
4274,two_parent,26,False,2,9450,14451.492868435927,145
4275,two_parent,26,False,2,9450,14451.492868435927,126
4276,two_parent,26,False,2,9450,14451.492868435927,137
4277,two_parent,26,False,2,9450,14451.492868435927,106
4278,two_parent,26,False,2,144,48.29588014981272,170
4279,two_parent,26,False,3,9450,14451.492868435927,18,7875,12225.24818895888,135
4280,two_parent,26,False,2,354,212.49795371679443,166
4281,two_parent,26,False,2,9450,14451.492868435927,101
4282,two_parent,26,False,2,96,-12.865168539325843,187
4283,two_parent,26,False,2,96,-12.865168539325843,197
4284,two_parent,26,False,2,96,-12.865168539325843,199
4285,two_parent,26,False,2,9450,14451.492868435927,104
4286,two_parent,26,False,2,9450,14451.492868435927,61
4287,two_parent,26,False,2,9450,14451.492868435927,138
4288,two_parent,26,False,3,9450,14451.492868435927,15,7875,12225.24818895888,137
4289,two_parent,26,False,3,9450,14451.492868435927,26,7875,12225.24818895888,118
4290,two_parent,26,False,2,9450,14451.492868435927,55
4291,two_parent,26,False,2,9450,14451.492868435927,102
4292,two_parent,26,False,2,96,-12.865168539325843,194
4293,two_parent,26,False,3,9450,14451.492868435927,13,7875,12225.24818895888,115
4294,two_parent,26,False,2,2976,4464.833506658016,148
4295,two_parent,26,False,2,9450,14451.492868435927,124
4296,two_parent,26,False,2,9450,14451.492868435927,133
4297,two_parent,26,False,2,9450,14451.492868435927,40
4298,two_parent,26,False,2,8703,12208.679816219043,147
4299,two_parent,26,False,2,96,-12.865168539325843,192
4300,two_parent,26,False,2,9450,14451.492868435927,62
4301,two_parent,26,False,3,9450,14451.492868435927,34,7875,12225.24818895888,139
4302,two_parent,26,False,2,216,114.05430711610481,168
4303,two_parent,26,False,2,9450,14451.492868435927,116
4304,two_parent,26,False,2,144,48.29588014981272,175
4305,two_parent,26,False,2,9450,14451.492868435927,105
4306,two_parent,26,False,2,144,48.29588014981272,173
4307,two_parent,26,False,3,9450,14451.492868435927,19,7875,12225.24818895888,114
4308,two_parent,26,False,2,144,48.29588014981272,176
4309,two_parent,26,False,2,9450,14451.492868435927,93
4310,two_parent,26,False,3,9450,14451.492868435927,22,7875,12225.24818895888,127
4311,two_parent,26,False,2,384,361.9070739390331,158
4312,two_parent,26,False,2,96,-12.865168539325843,179
4313,two_parent,26,False,2,9450,14451.492868435927,57
4314,two_parent,26,False,2,9450,14451.492868435927,95
4315,two_parent,26,False,2,96,-12.865168539325843,184
4316,two_parent,26,False,2,96,-12.865168539325843,195
4317,two_parent,26,True,3,14406,21146.568177255638,2,14406,21265.822735075064,70
4318,two_parent,26,False,2,9450,14451.492868435927,131
4319,two_parent,26,False,2,204,126.31086142322101,169
4320,two_parent,26,False,2,2658,3971.912851068127,155
4321,two_parent,26,False,2,9450,14451.492868435927,142
4322,two_parent,26,False,2,96,-12.865168539325843,178
4323,two_parent,26,False,2,9450,14451.492868435927,71
4324,two_parent,26,False,2,9450,14451.492868435927,75
4325,two_parent,26,False,2,9450,14451.492868435927,89
4326,two_parent,26,False,2,9450,14451.492868435927,49
4327,two_parent,26,False,2,9450,14451.492868435927,99
4328,two_parent,26,False,2,2961,4461.890179212131,152
4329,two_parent,26,False,2,9450,14451.492868435927,144
4330,two_parent,26,False,2,96,-12.865168539325843,193
4331,two_parent,26,False,2,9450,14451.492868435927,68
4332,two_parent,26,False,2,231,157.97752808988767,167
4333,two_parent,26,False,2,9450,14451.492868435927,92
4334,two_parent,26,False,2,9450,14451.492868435927,67
4335,two_parent,26,False,3,9450,14451.492868435927,12,7875,12225.24818895888,133
4336,two_parent,26,False,2,9450,14451.492868435927,51
4337,two_parent,26,False,2,96,-12.865168539325843,177
4338,two_parent,26,False,3,9450,14451.492868435927,20,7875,12225.24818895888,117
4339,two_parent,26,False,2,9450,14451.492868435927,143
4340,two_parent,26,False,2,9450,14451.492868435927,44
4341,two_parent,26,False,2,9450,14451.492868435927,43
4342,two_parent,26,False,2,9450,14451.492868435927,86
4343,two_parent,26,False,2,96,-12.865168539325843,182
4344,two_parent,26,False,2,96,-12.865168539325843,189
4345,two_parent,26,False,2,9450,14451.492868435927,69
4346,two_parent,26,False,2,9450,14451.492868435927,107
4347,two_parent,26,True,3,14406,21239.782148455906,0,14406,21348.1293443066,49
4348,two_parent,26,False,2,9450,14451.492868435927,66
4349,two_parent,26,False,2,96,-12.865168539325843,190
4350,two_parent,26,False,2,2661,4048.9041380684494,154
4351,two_parent,26,False,3,9450,14451.492868435927,33,7875,12225.24818895888,144
4352,two_parent,26,False,2,96,-12.865168539325843,191
4353,two_parent,26,False,2,144,48.29588014981272,171
4354,two_parent,26,False,2,9450,14451.492868435927,109
4355,two_parent,26,False,2,9450,14451.492868435927,45
4356,two_parent,26,False,3,9450,14451.492868435927,36,7875,12225.24818895888,141
4357,two_parent,26,False,2,9450,14451.492868435927,81
4358,two_parent,26,False,2,2682,3911.2465112565615,153
4359,two_parent,26,False,2,9450,14451.492868435927,110
4360,two_parent,27,False,2,162,-22.69867549668874,176
4361,two_parent,27,False,3,14406,21495.01743240854,28,798,1061.1255173549234,87
4362,two_parent,27,False,5,14406,21736.98541814039,5,13473,20584.311376220478,36,14406,21594.27008795091,12
4363,two_parent,27,True,2,14406,21265.822735075064,71
4364,two_parent,27,False,2,11784,17265.09778074354,104
4365,two_parent,27,True,2,14406,20790.643604683577,92
4366,two_parent,27,False,4,14406,21664.66923223157,9,13623,20721.307663784748,16,1365,1972.6958905460801,152
4367,two_parent,27,True,2,14406,21278.361158840366,66
4368,two_parent,27,False,2,11769,17139.759371173335,107
4369,two_parent,27,False,3,14406,21712.608189977287,6,798,1064.1352250429516,77
4370,two_parent,27,True,2,14406,21348.1293443066,45
4371,two_parent,27,True,2,14406,19956.35331645583,100
4372,two_parent,27,False,3,14406,21587.32997942229,13,798,1061.1255173549234,95
4373,two_parent,27,False,2,516,566.3978271814525,162
4374,two_parent,27,True,2,14406,21276.499895288493,67
4375,two_parent,27,False,3,14406,21432.1739690426,35,798,1061.1255173549234,93
4376,two_parent,27,False,2,96,-12.152317880794698,195
4377,two_parent,27,False,2,6858,10603.55276445632,152
4378,two_parent,27,False,2,7875,12180.384501405832,150
4379,two_parent,27,True,2,14406,20886.8306626182,88
4380,two_parent,27,False,3,14406,21525.546475071813,23,798,1061.1255173549234,89
4381,two_parent,27,True,2,14406,21092.209180978538,81
4382,two_parent,27,True,2,14406,21348.1293443066,53
4383,two_parent,27,False,2,504,575.7238905060935,164
4384,two_parent,27,True,2,14406,21137.37670176385,79
4385,two_parent,27,False,2,2859,4352.668726819113,157
4386,two_parent,27,False,2,213,-30.331125827814557,171
4387,two_parent,27,True,2,14406,21312.35749634603,57
4388,two_parent,27,True,2,14406,21260.799047896387,75
4389,two_parent,27,False,2,264,209.88410596026495,167
4390,two_parent,27,True,2,14406,21161.33390875995,78
4391,two_parent,27,True,2,14406,21359.504576702264,40
4392,two_parent,27,False,2,96,-12.152317880794698,194
4393,two_parent,27,True,2,14406,20437.56635183415,98
4394,two_parent,27,True,2,14406,20640.481148281797,96
4395,two_parent,27,True,2,14406,21303.071208475816,58
4396,two_parent,27,True,4,14406,21370.796375638463,38,14406,21094.928162107604,10,14406,21187.31817248248,100
4397,two_parent,27,False,3,14406,21817.0345224574,1,4248,6389.703934824512,43
4398,two_parent,27,False,2,501,574.5670848070343,165
4399,two_parent,27,True,4,14406,21385.68237482057,36,13608,20460.39524190245,23,14406,21197.886334082752,99
4400,two_parent,27,False,2,210,-2.599337748344361,172
4401,two_parent,27,False,3,14406,21555.38358592824,17,798,1061.1255173549234,94
4402,two_parent,27,False,5,14406,21742.961997249404,4,13653,20819.189912223967,14,14406,21580.40740334761,14
4403,two_parent,27,True,4,14406,21530.055455459616,21,13602,20608.284544877322,26,14406,21424.90527904985,58
4404,two_parent,27,False,2,11769,17139.759371173335,105
4405,two_parent,27,False,3,14406,21679.011823749875,8,795,1068.8560640765031,134
4406,two_parent,27,False,2,11754,16896.22181469254,112
4407,two_parent,27,True,2,14406,21348.1293443066,51
4408,two_parent,27,True,4,14406,21433.70124268174,33,14406,21230.150204278463,6,14406,21283.291752590598,89
4409,two_parent,27,True,2,14406,21287.609255926956,64
4410,two_parent,27,False,2,669,654.4052375417215,161
4411,two_parent,27,False,2,11796,17607.756323913447,102
4412,two_parent,27,True,2,14406,20990.204326661362,83
4413,two_parent,27,False,2,3684,5566.954149099138,156
4414,two_parent,27,False,2,11769,16828.76113494652,109
4415,two_parent,27,False,2,96,-12.152317880794698,189
4416,two_parent,27,False,2,144,-13.311258278145694,179
4417,two_parent,27,False,3,14406,21501.419269211434,27,798,1061.1255173549234,97
4418,two_parent,27,False,2,213,161.4403973509933,169
4419,two_parent,27,False,2,11796,17033.25922680171,103
4420,two_parent,27,False,3,14406,21635.15146190535,11,795,1067.8556099169639,137
4421,two_parent,27,True,2,14406,20876.701999397883,89
4422,two_parent,27,True,2,14406,21265.822735075064,74
4423,two_parent,27,True,2,14406,21179.174819014574,77
4424,two_parent,27,True,2,14406,21348.1293443066,52
4425,two_parent,27,False,2,96,-12.152317880794698,198
4426,two_parent,27,False,2,207,-1.0430463576159,173
4427,two_parent,27,True,2,14406,21348.1293443066,47
4428,two_parent,27,False,2,96,-12.152317880794698,183
4429,two_parent,27,False,4,14406,21526.79242685411,22,13482,20467.628216895548,32,1377,1963.355601257711,143
4430,two_parent,27,True,2,14406,21278.398583514787,65
4431,two_parent,27,False,2,96,-12.152317880794698,190
4432,two_parent,27,False,2,4413,6695.099725125455,155
4433,two_parent,27,False,2,1431,2085.2363754204234,159
4434,two_parent,27,True,4,14406,21489.69435047218,29,14406,21282.4546420594,3,14406,21397.863224019857,65
4435,two_parent,27,True,2,14406,20678.101847131198,95
4436,two_parent,27,False,2,96,-12.152317880794698,193
4437,two_parent,27,True,2,14406,20278.246729974682,99
4438,two_parent,27,True,2,14406,20977.153644755315,84
4439,two_parent,27,True,2,14406,21300.27632367657,62
4440,two_parent,27,True,2,14406,21300.27632367657,61
4441,two_parent,27,False,3,14406,21863.017379575063,0,795,1080.3411180831645,115
4442,two_parent,27,True,2,14406,21135.268347318077,80
4443,two_parent,27,True,4,14406,21432.464129792825,34,14406,21213.196912681633,8,14406,21305.529764619427,86
4444,two_parent,27,False,2,7866,12202.86447418184,151
4445,two_parent,27,False,2,11769,17139.759371173335,108
4446,two_parent,27,False,2,243,178.85761589403972,168
4447,two_parent,27,False,2,96,-12.152317880794698,187
4448,two_parent,27,False,3,14406,21586.851873054486,14,798,1063.9523769639616,84
4449,two_parent,27,False,2,6834,10315.581174533556,153
4450,two_parent,27,True,2,14406,21329.348787535953,55
4451,two_parent,27,False,3,14406,21682.022819202823,7,3234,4804.837958817917,55
4452,two_parent,27,True,2,14406,21358.86835362119,41
4453,two_parent,27,False,3,14406,21755.3734651924,3,798,1060.6660358771412,100
4454,two_parent,27,True,2,14406,21348.1293443066,48
4455,two_parent,27,True,2,14406,20813.753700577203,90
4456,two_parent,27,True,4,14406,21449.52974698266,31,14406,21325.53062541415,2,14406,21341.203448548407,81
4457,two_parent,27,False,2,507,548.7177764996995,163
4458,two_parent,27,True,2,14406,21265.822735075064,73
4459,two_parent,27,True,2,14406,20916.606406814422,85
4460,two_parent,27,False,3,14406,21523.659715233025,25,798,1061.1255173549234,96
4461,two_parent,27,True,2,14406,21348.812593620347,43
4462,two_parent,27,False,3,14406,21366.601026176893,39,795,1062.119361267328,138
4463,two_parent,27,False,2,96,-12.152317880794698,185
4464,two_parent,27,False,3,14406,21648.534499953934,10,795,1070.1770384883923,131
4465,two_parent,27,False,2,4680,7208.440377763058,154
4466,two_parent,27,False,2,279,105.99337748344371,166
4467,two_parent,27,True,2,14406,20568.55957762162,97
4468,two_parent,27,False,2,207,-6.009933774834437,174
4469,two_parent,27,True,2,14406,21321.41546349729,56
4470,two_parent,27,True,2,14406,21357.098069658485,42
4471,two_parent,27,True,2,14406,20805.985072341668,91
4472,two_parent,27,False,2,174,-29.122516556291394,175
4473,two_parent,27,True,2,14406,21265.822735075064,72
4474,two_parent,27,False,3,14406,21779.706680828,2,840,1137.797887460787,64
4475,two_parent,27,True,4,14406,21455.297034751,30,13488,20341.94604238162,31,14406,21375.950015966475,73
4476,two_parent,27,False,3,14406,21556.995059335422,16,798,1061.1255173549234,85
4477,two_parent,27,True,2,14406,21018.996623482133,82
4478,two_parent,27,False,3,14406,21611.478031790775,12,798,1061.1255173549234,92
4479,two_parent,27,True,2,14406,21300.27632367657,59
4480,two_parent,27,True,2,14406,21348.1293443066,54
4481,two_parent,27,True,2,14406,21348.1293443066,46
4482,two_parent,27,False,2,96,-12.152317880794698,186
4483,two_parent,27,False,3,14406,21536.652637257692,20,798,1061.1255173549234,91
4484,two_parent,27,True,2,14406,20764.86677156355,93
4485,two_parent,27,False,2,96,-12.152317880794698,192
4486,two_parent,27,False,2,7875,12225.24818895888,125
4487,two_parent,27,True,2,14406,21348.1293443066,44
4488,two_parent,27,False,2,2817,4249.7648265770085,158
4489,two_parent,27,False,2,13773,21299.095170962144,101
4490,two_parent,27,False,2,96,-12.152317880794698,188
4491,two_parent,27,False,2,96,-12.152317880794698,191
4492,two_parent,27,False,2,144,-13.311258278145694,177
4493,two_parent,27,False,2,96,-12.152317880794698,181
4494,two_parent,27,False,3,14406,21536.652637257692,19,798,1061.1255173549234,88
4495,two_parent,27,False,2,96,-12.152317880794698,197
4496,two_parent,27,False,2,11766,16825.93175529197,110
4497,two_parent,27,True,2,14406,21288.835780478617,63
4498,two_parent,27,True,2,14406,21348.1293443066,50
4499,two_parent,27,True,4,14406,21380.94908807725,37,14406,21172.164608158306,9,14406,21221.495749276626,95
4500,two_parent,27,True,4,14406,21438.67263444307,32,13620,20505.855975435432,17,14406,21337.58534026209,82
4501,two_parent,27,True,4,14406,21523.828139248453,24,13605,20573.587951932594,25,14406,21412.618394284193,62
4502,two_parent,27,False,3,14406,21555.38358592824,18,798,1061.1255173549234,90
4503,two_parent,27,True,2,14406,20679.639560935564,94
4504,two_parent,27,True,2,14406,20886.8306626182,87
4505,two_parent,27,True,2,14406,21271.439607116234,68
4506,two_parent,27,False,2,1401,1942.6642425046343,160
4507,two_parent,27,False,2,96,-12.152317880794698,182
4508,two_parent,27,False,2,7875,12225.24818895888,123
4509,two_parent,27,False,2,96,-12.152317880794698,199
4510,two_parent,27,False,2,11763,16889.705480091543,111
4511,two_parent,27,False,2,96,-12.152317880794698,184
4512,two_parent,27,True,2,14406,21265.822735075064,69
4513,two_parent,27,False,2,96,-12.152317880794698,180
4514,two_parent,27,True,2,14406,21185.51701179171,76
4515,two_parent,27,False,2,213,57.98013245033114,170
4516,two_parent,27,False,2,96,-12.152317880794698,196
4517,two_parent,27,False,3,14406,21557.596733860904,15,798,1063.9523769639616,83
4518,two_parent,27,False,2,144,-13.311258278145694,178
4519,two_parent,27,True,4,14406,21510.382531456755,26,14406,21349.158331637922,1,14406,21514.65526785332,42
4520,two_parent,28,False,2,354,222.48406193078335,158
4521,two_parent,28,False,2,354,308.66006375227676,157
4522,two_parent,28,False,2,351,276.5516848816031,159
4523,two_parent,28,False,2,4248,6389.703934824512,45
4524,two_parent,28,False,2,795,1077.5439869356237,120
4525,two_parent,28,False,2,144,48.85245901639345,173
4526,two_parent,28,False,4,14406,21489.864113091717,0,14406,21574.920107417794,23
4527,two_parent,28,False,2,795,1075.4286963329723,127
4528,two_parent,28,False,2,795,1077.5439869356237,121
4529,two_parent,28,False,2,795,1068.8560640765031,133
4530,two_parent,28,False,2,795,1080.3411180831645,108
4531,two_parent,28,False,3,13605,20878.608623234646,24,12030,18462.111130598743,121
4532,two_parent,28,False,2,795,1034.3484109940443,139
4533,two_parent,28,False,2,795,1080.3411180831645,106
4534,two_parent,28,False,2,3264,4845.115421566743,54
4535,two_parent,28,False,2,96,-19.32377049180328,194
4536,two_parent,28,False,2,4248,6389.703934824512,41
4537,two_parent,28,False,2,378,402.0673952641163,145
4538,two_parent,28,False,2,96,-19.32377049180328,186
4539,two_parent,28,False,2,843,1126.840974326671,61
4540,two_parent,28,False,2,96,-19.32377049180328,184
4541,two_parent,28,False,2,795,1068.3198618907106,136
4542,two_parent,28,False,2,798,1064.1352250429516,81
4543,two_parent,28,False,2,795,1080.3411180831645,116
4544,two_parent,28,False,2,792,1062.784365481675,141
4545,two_parent,28,False,2,2673,4016.076703442387,59
4546,two_parent,28,False,2,4248,6389.703934824512,40
4547,two_parent,28,False,2,348,315.9039162112931,162
4548,two_parent,28,False,2,348,286.1930783242262,163
4549,two_parent,28,True,3,14406,21262.448939074602,5,14406,21312.017926287142,85
4550,two_parent,28,False,2,801,1065.258308471362,69
4551,two_parent,28,False,2,375,382.55085003035845,146
4552,two_parent,28,True,3,14406,21059.28002330279,12,14406,21165.965431934655,103
4553,two_parent,28,False,4,13479,20561.918865487365,33,14406,21600.67379655628,11
4554,two_parent,28,False,2,426,516.2875683060112,142
4555,two_parent,28,False,2,96,-19.32377049180328,183
4556,two_parent,28,False,2,96,-19.32377049180328,193
4557,two_parent,28,False,2,798,1060.6660358771412,98
4558,two_parent,28,False,2,795,1077.2395937688698,124
4559,two_parent,28,False,2,366,407.7857468123863,149
4560,two_parent,28,False,3,11229,15952.989507698332,38,3309,4627.524064789322,128
4561,two_parent,28,False,2,351,246.19877049180326,160
4562,two_parent,28,False,2,795,1070.1770384883923,132
4563,two_parent,28,False,2,3234,4804.837958817917,58
4564,two_parent,28,False,2,4248,6389.703934824512,44
4565,two_parent,28,False,2,96,-19.32377049180328,175
4566,two_parent,28,False,2,3264,4888.8021427299545,51
4567,two_parent,28,False,2,798,1064.1352250429516,76
4568,two_parent,28,False,2,795,1083.075420235682,104
4569,two_parent,28,False,2,795,1080.3411180831645,105
4570,two_parent,28,False,2,144,48.85245901639345,170
4571,two_parent,28,False,3,13623,20788.919955422432,15,1365,1971.899262995571,153
4572,two_parent,28,False,2,795,1077.5439869356237,118
4573,two_parent,28,False,2,795,1077.45850074784,123
4574,two_parent,28,False,2,96,-19.32377049180328,195
4575,two_parent,28,True,3,13476,20499.43605809988,34,14406,21470.631355762314,49
4576,two_parent,28,False,2,795,1076.482746669101,125
4577,two_parent,28,True,3,13608,20479.504113846804,22,14406,21258.964428695588,92
4578,two_parent,28,False,2,4239,6351.299838209013,50
4579,two_parent,28,False,2,798,1069.3298971740992,70
4580,two_parent,28,False,2,795,1077.5439869356237,122
4581,two_parent,28,False,2,96,-19.32377049180328,182
4582,two_parent,28,False,2,795,1074.0119418963159,128
4583,two_parent,28,False,2,366,409.630009107468,148
4584,two_parent,28,False,2,213,103.2889344262295,167
4585,two_parent,28,True,3,13602,20484.17379283215,27,14406,21257.997658091008,93
4586,two_parent,28,False,2,348,317.4988615664845,161
4587,two_parent,28,False,2,96,-19.32377049180328,178
4588,two_parent,28,False,2,144,48.85245901639345,174
4589,two_parent,28,False,2,843,1001.0702354313369,62
4590,two_parent,28,False,2,4248,6389.703934824512,46
4591,two_parent,28,False,2,798,1064.1352250429516,78
4592,two_parent,28,False,2,795,1080.3411180831645,114
4593,two_parent,28,False,2,798,1064.1352250429516,82
4594,two_parent,28,False,2,366,382.28597449908915,151
4595,two_parent,28,False,2,795,1070.503999418138,129
4596,two_parent,28,False,2,798,1069.3298971740992,71
4597,two_parent,28,False,3,13614,20777.995907554683,18,1377,1998.2134999090777,138
4598,two_parent,28,False,2,840,1136.7209293551402,66
4599,two_parent,28,False,2,795,1075.4706644101616,126
4600,two_parent,28,False,2,96,-19.32377049180328,192
4601,two_parent,28,False,2,3234,4804.837958817917,56
4602,two_parent,28,False,2,3264,4888.8021427299545,52
4603,two_parent,28,False,2,96,-19.32377049180328,177
4604,two_parent,28,False,4,13494,20641.4751775308,28,14406,21561.77754056578,30
4605,two_parent,28,False,2,840,1137.797887460787,63
4606,two_parent,28,False,2,96,-19.32377049180328,199
4607,two_parent,28,False,2,843,1127.6308761303085,60
4608,two_parent,28,False,2,246,211.44467213114746,165
4609,two_parent,28,False,4,13608,20717.573252980736,21,14406,21574.67421673681,25
4610,two_parent,28,False,2,795,1077.5439869356237,119
4611,two_parent,28,True,3,14406,21222.305293500744,7,14406,21208.32139419762,96
4612,two_parent,28,False,2,216,175.9323770491803,166
4613,two_parent,28,False,2,798,1066.2738055353902,74
4614,two_parent,28,False,2,366,381.24886156648455,152
4615,two_parent,28,False,2,96,-19.32377049180328,176
4616,two_parent,28,False,2,3234,4804.837958817917,57
4617,two_parent,28,False,2,363,369.57764116575584,154
4618,two_parent,28,False,2,96,-19.32377049180328,191
4619,two_parent,28,False,2,792,1075.6116046098407,140
4620,two_parent,28,False,2,366,397.39640255009124,150
4621,two_parent,28,False,4,13494,20641.4751775308,30,14406,21561.77754056578,31
4622,two_parent,28,False,2,795,1080.3411180831645,110
4623,two_parent,28,False,2,186,38.237704918032776,169
4624,two_parent,28,False,4,13608,20804.081010639587,20,14406,21632.567984529076,8
4625,two_parent,28,False,2,4248,6389.703934824512,47
4626,two_parent,28,False,2,3264,4888.8021427299545,53
4627,two_parent,28,False,2,144,48.85245901639345,172
4628,two_parent,28,False,2,4248,6389.703934824512,42
4629,two_parent,28,False,2,96,-19.32377049180328,180
4630,two_parent,28,False,3,6141,8790.238362719745,39,8037,11559.653141307363,124
4631,two_parent,28,False,2,795,1080.3411180831645,111
4632,two_parent,28,False,2,357,348.21721311475403,155
4633,two_parent,28,False,2,840,1136.7209293551402,67
4634,two_parent,28,False,2,399,330.9335154826959,143
4635,two_parent,28,True,3,14406,21069.79428210455,11,14406,21142.33140708063,107
4636,two_parent,28,False,2,4248,6389.703934824512,48
4637,two_parent,28,False,2,798,1066.2738055353902,73
4638,two_parent,28,False,4,13494,20641.4751775308,29,14406,21561.77754056578,29
4639,two_parent,28,True,3,13611,20742.804650072834,19,14406,21492.450528500063,44
4640,two_parent,28,False,2,207,107.65368852459011,168
4641,two_parent,28,False,2,96,-19.32377049180328,188
4642,two_parent,28,False,2,96,-19.32377049180328,189
4643,two_parent,28,False,2,366,411.28073770491807,147
4644,two_parent,28,False,2,801,1065.258308471362,68
4645,two_parent,28,False,2,798,1064.1352250429516,79
4646,two_parent,28,False,2,798,1069.3298971740992,72
4647,two_parent,28,False,2,798,1061.1255173549234,86
4648,two_parent,28,False,2,4248,6389.703934824512,49
4649,two_parent,28,False,2,96,-19.32377049180328,179
4650,two_parent,28,False,2,96,-19.32377049180328,190
4651,two_parent,28,False,2,798,1060.6660358771412,99
4652,two_parent,28,False,2,96,-19.32377049180328,196
4653,two_parent,28,True,3,14406,21265.62950140647,4,14406,21389.855984579306,69
4654,two_parent,28,False,2,96,-19.32377049180328,181
4655,two_parent,28,False,2,795,1078.017400134447,117
4656,two_parent,28,False,2,354,371.11680327868874,156
4657,two_parent,28,False,4,13476,20480.8910959902,35,14406,21536.89278721294,38
4658,two_parent,28,False,2,96,-19.32377049180328,185
4659,two_parent,28,False,2,798,1064.1352250429516,80
4660,two_parent,28,False,2,798,1060.6660358771412,101
4661,two_parent,28,False,2,795,1080.3411180831645,112
4662,two_parent,28,False,2,798,1045.9830362877756,103
4663,two_parent,28,False,2,144,48.85245901639345,171
4664,two_parent,28,False,2,795,1080.3411180831645,113
4665,two_parent,28,False,2,795,1068.3198618907106,135
4666,two_parent,28,False,2,366,331.5448542805102,153
4667,two_parent,28,False,2,795,1080.3411180831645,109
4668,two_parent,28,False,2,840,1137.797887460787,65
4669,two_parent,28,False,2,96,-19.32377049180328,187
4670,two_parent,28,True,3,14046,21276.545938753756,13,14406,21440.328618853666,52
4671,two_parent,28,False,2,798,1065.9983318747106,75
4672,two_parent,28,False,2,798,1060.6660358771412,102
4673,two_parent,28,False,2,96,-19.32377049180328,198
4674,two_parent,28,False,2,795,1070.3616064182527,130
4675,two_parent,28,False,2,390,418.3811475409838,144
4676,two_parent,28,False,4,12021,18393.983314489284,37,14406,21677.038926979814,3
4677,two_parent,28,False,2,348,260.9870218579235,164
4678,two_parent,28,False,2,96,-19.32377049180328,197
4679,two_parent,28,False,2,795,1080.3411180831645,107
4680,two_parent,29,True,2,14406,20952.561519706727,115
4681,two_parent,29,False,2,1365,1792.8022502049257,154
4682,two_parent,29,True,2,14406,21156.66914588444,104
4683,two_parent,29,True,2,14406,21303.90992555538,87
4684,two_parent,29,False,3,14406,21574.920107417794,17
4685,two_parent,29,False,2,96,-21.83823529411765,193
4686,two_parent,29,False,2,1380,1996.544484027117,136
4687,two_parent,29,False,3,14406,21574.920107417794,24
4688,two_parent,29,True,2,14406,20995.59344689919,114
4689,two_parent,29,False,2,1419,1764.0606869930293,134
4690,two_parent,29,False,2,96,-21.83823529411765,191
4691,two_parent,29,False,2,159,44.37500000000003,171
4692,two_parent,29,True,2,14406,21392.301245510516,68
4693,two_parent,29,False,3,14406,21602.436804312234,10
4694,two_parent,29,False,2,1380,2001.622045247271,135
4695,two_parent,29,True,2,14406,21477.788522177558,47
4696,two_parent,29,False,2,222,159.9264705882353,166
4697,two_parent,29,True,2,14406,21084.808716901527,111
4698,two_parent,29,True,2,14406,21397.863224019857,66
4699,two_parent,29,True,2,14406,21360.155898552348,74
4700,two_parent,29,True,2,14406,21397.863224019857,67
4701,two_parent,29,True,2,14406,21386.884016607764,70
4702,two_parent,29,False,2,144,37.647058823529434,174
4703,two_parent,29,True,2,14406,20864.538378172285,117
4704,two_parent,29,False,2,96,-21.83823529411765,199
4705,two_parent,29,False,2,243,198.0514705882353,163
4706,two_parent,29,True,2,14406,21039.11353955794,113
4707,two_parent,29,True,2,14406,21386.884016607764,71
4708,two_parent,29,False,2,96,-21.83823529411765,186
4709,two_parent,29,False,2,1374,1929.3082742618842,146
4710,two_parent,29,False,2,96,-21.83823529411765,180
4711,two_parent,29,False,3,14406,21554.27001507694,32
4712,two_parent,29,False,2,13908,19994.759727255456,120
4713,two_parent,29,True,2,14406,21487.50833082143,45
4714,two_parent,29,False,2,210,119.74264705882351,167
4715,two_parent,29,True,2,14406,21347.241402202915,79
4716,two_parent,29,False,2,96,-21.83823529411765,179
4717,two_parent,29,False,2,144,37.647058823529434,173
4718,two_parent,29,False,2,1377,1983.6676356389967,140
4719,two_parent,29,False,2,1377,1983.6676356389967,141
4720,two_parent,29,False,2,96,-21.83823529411765,177
4721,two_parent,29,False,2,414,389.9620743034058,160
4722,two_parent,29,True,2,14406,21172.22196839804,102
4723,two_parent,29,False,2,6126,9298.279534968031,125
4724,two_parent,29,False,3,14406,21651.556724019792,6
4725,two_parent,29,False,2,96,-21.83823529411765,197
4726,two_parent,29,True,2,14406,21415.109632398773,61
4727,two_parent,29,False,2,1374,1777.7337736964378,148
4728,two_parent,29,False,2,96,-21.83823529411765,184
4729,two_parent,29,False,2,276,267.5367647058824,162
4730,two_parent,29,False,2,6126,9283.650863351479,126
4731,two_parent,29,False,3,14406,21545.46344564394,36
4732,two_parent,29,True,2,14406,21474.796866159726,48
4733,two_parent,29,False,2,96,-21.83823529411765,181
4734,two_parent,29,True,2,14406,21436.28075939774,53
4735,two_parent,29,True,2,14406,21480.671061011366,46
4736,two_parent,29,True,2,14406,21241.26061465839,94
4737,two_parent,29,True,2,14406,21507.22089084694,43
4738,two_parent,29,True,2,14406,21142.33140708063,106
4739,two_parent,29,False,3,14406,21630.590933898486,9
4740,two_parent,29,True,2,14406,21518.08294033508,40
4741,two_parent,29,False,3,14406,21551.695700223445,35
4742,two_parent,29,True,2,14406,21423.191933369646,59
4743,two_parent,29,False,2,96,-21.83823529411765,176
4744,two_parent,29,False,2,1362,1612.1004268913189,156
4745,two_parent,29,True,2,14406,21408.431230936832,63
4746,two_parent,29,True,2,14406,21261.611454676535,91
4747,two_parent,29,False,2,12024,18379.37491426716,122
4748,two_parent,29,False,2,96,-21.83823529411765,198
4749,two_parent,29,True,2,14406,21433.392742301494,54
4750,two_parent,29,True,2,14406,21349.744166809556,77
4751,two_parent,29,False,2,96,-21.83823529411765,187
4752,two_parent,29,True,2,14406,21126.350370375443,109
4753,two_parent,29,False,2,144,37.647058823529434,172
4754,two_parent,29,False,3,14406,21574.920107417794,21
4755,two_parent,29,False,3,14406,21632.567984529076,7
4756,two_parent,29,False,3,14406,21585.189504028724,13
4757,two_parent,29,False,2,8043,11721.361575316128,123
4758,two_parent,29,False,3,14406,21656.574523344058,4
4759,two_parent,29,False,2,1377,1993.7068794803258,139
4760,two_parent,29,False,3,14406,21574.920107417794,16
4761,two_parent,29,False,2,1368,1568.482329372914,151
4762,two_parent,29,False,2,363,259.31191950464404,161
4763,two_parent,29,False,2,96,-21.83823529411765,189
4764,two_parent,29,False,3,14406,21794.075593324036,0
4765,two_parent,29,True,2,14406,21421.229368847366,60
4766,two_parent,29,False,2,2664,3990.80361975604,130
4767,two_parent,29,False,3,14406,21553.626844144554,34
4768,two_parent,29,False,2,504,506.5719119631658,159
4769,two_parent,29,True,2,14406,21341.203448548407,80
4770,two_parent,29,False,3,14406,21574.920107417794,18
4771,two_parent,29,False,3,14406,21563.875352224644,28
4772,two_parent,29,False,2,2664,3987.560843711239,133
4773,two_parent,29,False,2,1368,1724.2979249031298,150
4774,two_parent,29,False,2,1374,1940.2589761423453,145
4775,two_parent,29,True,2,14406,21397.863224019857,64
4776,two_parent,29,True,2,14406,21426.555015174097,57
4777,two_parent,29,False,2,1374,1914.358544985927,147
4778,two_parent,29,False,3,14406,21554.27001507694,33
4779,two_parent,29,False,3,14406,21526.893264540835,39
4780,two_parent,29,False,3,14406,21656.574523344058,5
4781,two_parent,29,True,2,14406,20196.549892080686,119
4782,two_parent,29,True,2,14406,21454.02738143143,50
4783,two_parent,29,True,2,14406,21126.350370375443,108
4784,two_parent,29,True,2,14406,21175.323582315392,101
4785,two_parent,29,False,2,96,-21.83823529411765,183
4786,two_parent,29,False,2,96,-21.83823529411765,190
4787,two_parent,29,False,2,1080,1268.7051559080587,158
4788,two_parent,29,False,3,14406,21563.875352224644,27
4789,two_parent,29,False,2,96,-21.83823529411765,196
4790,two_parent,29,False,2,225,105.0735294117647,165
4791,two_parent,29,False,2,96,-21.83823529411765,192
4792,two_parent,29,False,3,14406,21574.920107417794,22
4793,two_parent,29,False,2,1377,1983.6676356389967,142
4794,two_parent,29,True,2,14406,21428.95681424219,55
4795,two_parent,29,False,2,207,126.28676470588238,169
4796,two_parent,29,False,2,96,-21.83823529411765,188
4797,two_parent,29,False,2,162,43.45588235294119,170
4798,two_parent,29,True,2,14406,21428.324313956495,56
4799,two_parent,29,False,2,2664,4001.4152093606476,129
4800,two_parent,29,True,2,14406,21514.65526785332,41
4801,two_parent,29,False,2,2664,3988.518933834897,131
4802,two_parent,29,False,2,1356,1600.0347223392835,157
4803,two_parent,29,True,2,14406,20948.70776261072,116
4804,two_parent,29,False,3,14406,21574.920107417794,20
4805,two_parent,29,True,2,14406,21283.291752590598,88
4806,two_parent,29,False,2,210,106.06617647058826,168
4807,two_parent,29,True,2,14406,20243.07541806892,118
4808,two_parent,29,True,2,14406,21104.328916270104,110
4809,two_parent,29,False,2,1377,1915.2112265600115,144
4810,two_parent,29,False,2,96,-21.83823529411765,182
4811,two_parent,29,False,3,14406,21574.920107417794,19
4812,two_parent,29,False,2,96,-21.83823529411765,195
4813,two_parent,29,False,2,96,-21.83823529411765,185
4814,two_parent,29,False,3,14406,21768.68722398853,1
4815,two_parent,29,True,2,14406,21207.152832195716,97
4816,two_parent,29,True,2,14406,21347.241402202915,78
4817,two_parent,29,True,2,14406,21322.00145476373,83
4818,two_parent,29,False,2,96,-21.83823529411765,194
4819,two_parent,29,True,2,14406,21356.036780583803,76
4820,two_parent,29,False,2,4251,5972.52550710967,127
4821,two_parent,29,False,2,1377,2007.743842449959,137
4822,two_parent,29,False,2,1362,1966.5782296214213,155
4823,two_parent,29,False,2,237,129.1176470588235,164
4824,two_parent,29,True,2,14406,21081.41207394732,112
4825,two_parent,29,False,2,144,37.647058823529434,175
4826,two_parent,29,True,2,14406,21262.87391020208,90
4827,two_parent,29,True,2,14406,21320.249377701453,84
4828,two_parent,29,True,2,14406,21205.74095711224,98
4829,two_parent,29,True,2,14406,21356.781946850933,75
4830,two_parent,29,False,3,14406,21570.924891479564,26
4831,two_parent,29,False,2,96,-21.83823529411765,178
4832,two_parent,29,False,3,14406,21768.68722398853,2
4833,two_parent,29,True,2,14406,21147.285169827068,105
4834,two_parent,29,False,3,14406,21574.920107417794,15
4835,two_parent,29,True,2,14406,21385.143803170693,72
4836,two_parent,29,False,3,14406,21537.123764446405,37
4837,two_parent,29,True,2,14406,21440.489952641266,51
4838,two_parent,29,False,2,1368,1780.720877468503,149
4839,two_parent,29,False,2,2664,3987.560843711239,132
4840,two_parent,30,False,2
4841,two_parent,30,False,2
4842,two_parent,30,False,2
4843,two_parent,30,False,2
4844,two_parent,30,False,2
4845,two_parent,30,False,2
4846,two_parent,30,False,2
4847,two_parent,30,False,2
4848,two_parent,30,False,2
4849,two_parent,30,False,2
4850,two_parent,30,False,2
4851,two_parent,30,False,2
4852,two_parent,30,False,2
4853,two_parent,30,False,2
4854,two_parent,30,False,2
4855,two_parent,30,False,2
4856,two_parent,30,False,2
4857,two_parent,30,False,2
4858,two_parent,30,False,2
4859,two_parent,30,False,2
4860,two_parent,30,False,2
4861,two_parent,30,False,2
4862,two_parent,30,False,2
4863,two_parent,30,False,2
4864,two_parent,30,False,2
4865,two_parent,30,False,2
4866,two_parent,30,False,2
4867,two_parent,30,False,2
4868,two_parent,30,False,2
4869,two_parent,30,False,2
4870,two_parent,30,False,2
4871,two_parent,30,False,2
4872,two_parent,30,False,2
4873,two_parent,30,False,2
4874,two_parent,30,False,2
4875,two_parent,30,False,2
4876,two_parent,30,False,2
4877,two_parent,30,False,2
4878,two_parent,30,False,2
4879,two_parent,30,False,2
4880,two_parent,30,False,2
4881,two_parent,30,False,2
4882,two_parent,30,False,2
4883,two_parent,30,False,2
4884,two_parent,30,False,2
4885,two_parent,30,False,2
4886,two_parent,30,False,2
4887,two_parent,30,False,2
4888,two_parent,30,False,2
4889,two_parent,30,False,2
4890,two_parent,30,False,2
4891,two_parent,30,False,2
4892,two_parent,30,False,2
4893,two_parent,30,False,2
4894,two_parent,30,False,2
4895,two_parent,30,False,2
4896,two_parent,30,False,2
4897,two_parent,30,False,2
4898,two_parent,30,False,2
4899,two_parent,30,False,2
4900,two_parent,30,False,2
4901,two_parent,30,False,2
4902,two_parent,30,False,2
4903,two_parent,30,False,2
4904,two_parent,30,False,2
4905,two_parent,30,False,2
4906,two_parent,30,False,2
4907,two_parent,30,False,2
4908,two_parent,30,False,2
4909,two_parent,30,False,2
4910,two_parent,30,False,2
4911,two_parent,30,False,2
4912,two_parent,30,False,2
4913,two_parent,30,False,2
4914,two_parent,30,False,2
4915,two_parent,30,False,2
4916,two_parent,30,False,2
4917,two_parent,30,False,2
4918,two_parent,30,False,2
4919,two_parent,30,False,2
4920,two_parent,30,False,2
4921,two_parent,30,False,2
4922,two_parent,30,False,2
4923,two_parent,30,False,2
4924,two_parent,30,False,2
4925,two_parent,30,False,2
4926,two_parent,30,False,2
4927,two_parent,30,False,2
4928,two_parent,30,False,2
4929,two_parent,30,False,2
4930,two_parent,30,False,2
4931,two_parent,30,False,2
4932,two_parent,30,False,2
4933,two_parent,30,False,2
4934,two_parent,30,False,2
4935,two_parent,30,False,2
4936,two_parent,30,False,2
4937,two_parent,30,False,2
4938,two_parent,30,False,2
4939,two_parent,30,False,2
4940,two_parent,30,False,2
4941,two_parent,30,False,2
4942,two_parent,30,False,2
4943,two_parent,30,False,2
4944,two_parent,30,False,2
4945,two_parent,30,False,2
4946,two_parent,30,False,2
4947,two_parent,30,False,2
4948,two_parent,30,False,2
4949,two_parent,30,False,2
4950,two_parent,30,False,2
4951,two_parent,30,False,2
4952,two_parent,30,False,2
4953,two_parent,30,False,2
4954,two_parent,30,False,2
4955,two_parent,30,False,2
4956,two_parent,30,False,2
4957,two_parent,30,False,2
4958,two_parent,30,False,2
4959,two_parent,30,False,2
4960,two_parent,30,False,2
4961,two_parent,30,False,2
4962,two_parent,30,False,2
4963,two_parent,30,False,2
4964,two_parent,30,False,2
4965,two_parent,30,False,2
4966,two_parent,30,False,2
4967,two_parent,30,False,2
4968,two_parent,30,False,2
4969,two_parent,30,False,2
4970,two_parent,30,False,2
4971,two_parent,30,False,2
4972,two_parent,30,False,2
4973,two_parent,30,False,2
4974,two_parent,30,False,2
4975,two_parent,30,False,2
4976,two_parent,30,False,2
4977,two_parent,30,False,2
4978,two_parent,30,False,2
4979,two_parent,30,False,2
4980,two_parent,30,False,2
4981,two_parent,30,False,2
4982,two_parent,30,False,2
4983,two_parent,30,False,2
4984,two_parent,30,False,2
4985,two_parent,30,False,2
4986,two_parent,30,False,2
4987,two_parent,30,False,2
4988,two_parent,30,False,2
4989,two_parent,30,False,2
4990,two_parent,30,False,2
4991,two_parent,30,False,2
4992,two_parent,30,False,2
4993,two_parent,30,False,2
4994,two_parent,30,False,2
4995,two_parent,30,False,2
4996,two_parent,30,False,2
4997,two_parent,30,False,2
4998,two_parent,30,False,2
4999,two_parent,30,False,2
