0,random,0,False,2,96,-27.361111111111104,93,96,-9.702702702702702,171
1,random,0,False,2,96,-27.361111111111104,94,96,-9.702702702702702,183
2,random,0,False,1,144,-42.03703703703704,16
3,random,0,False,1,153,-53.912037037037045,13
4,random,0,False,1,144,-42.03703703703704,17
5,random,0,False,2,96,-27.361111111111104,95,96,-9.702702702702702,198
6,random,0,False,2,96,-27.361111111111104,96,96,-9.702702702702702,166
7,random,0,False,2,204,86.31944444444446,7,207,136.3378378378378,104
8,random,0,False,2,96,-27.361111111111104,97,96,-9.702702702702702,170
9,random,0,False,2,96,-27.361111111111104,98,96,-9.702702702702702,197
10,random,0,False,2,96,-27.361111111111104,99,96,-9.702702702702702,178
11,random,0,False,1,144,-42.03703703703704,18
12,random,0,False,2,96,-27.361111111111104,100,96,-9.702702702702702,194
13,random,0,False,2,96,-27.361111111111104,101,96,-9.702702702702702,196
14,random,0,False,1,144,-42.03703703703704,19
15,random,0,False,1,144,-42.03703703703704,20
16,random,0,False,2,96,-27.361111111111104,102,96,-9.702702702702702,172
17,random,0,False,2,96,-27.361111111111104,103,96,-9.702702702702702,174
18,random,0,False,1,144,-42.03703703703704,21
19,random,0,False,1,144,-42.03703703703704,22
20,random,0,False,2,96,-27.361111111111104,104,96,-9.702702702702702,179
21,random,0,False,2,96,-27.361111111111104,105,96,-9.702702702702702,152
22,random,0,False,1,144,-42.03703703703704,23
23,random,0,False,2,186,-13.981481481481467,10,96,-9.702702702702702,147
24,random,0,False,2,96,-27.361111111111104,106,96,-9.702702702702702,165
25,random,0,False,2,96,-27.361111111111104,107,96,-9.702702702702702,161
26,random,0,False,2,96,-27.361111111111104,108,96,-9.702702702702702,158
27,random,0,False,2,96,-27.361111111111104,109,96,-9.702702702702702,175
28,random,0,False,2,96,-27.361111111111104,110,96,-9.702702702702702,150
29,random,0,False,1,144,-42.03703703703704,24
30,random,0,False,1,144,-42.03703703703704,25
31,random,0,False,2,96,-27.361111111111104,111,96,-9.702702702702702,188
32,random,0,False,2,96,-27.361111111111104,112,96,-9.702702702702702,144
33,random,0,False,1,144,-42.03703703703704,26
34,random,0,False,1,144,-42.03703703703704,27
35,random,0,False,1,144,-42.03703703703704,28
36,random,0,False,1,144,-42.03703703703704,29
37,random,0,False,1,144,-42.03703703703704,30
38,random,0,False,2,96,-27.361111111111104,113,96,-9.702702702702702,190
39,random,0,False,2,96,-27.361111111111104,114,96,-9.702702702702702,164
40,random,0,False,1,174,-49.837962962962955,11
41,random,0,False,1,144,-42.03703703703704,31
42,random,0,False,2,96,-27.361111111111104,115,96,-9.702702702702702,160
43,random,0,False,2,96,-27.361111111111104,116,96,-9.702702702702702,149
44,random,0,False,2,96,-27.361111111111104,117,96,-9.702702702702702,192
45,random,0,False,1,144,-42.03703703703704,32
46,random,0,False,2,96,-27.361111111111104,118,96,-9.702702702702702,177
47,random,0,False,2,96,-27.361111111111104,119,96,-9.702702702702702,184
48,random,0,False,2,96,-27.361111111111104,120,96,-9.702702702702702,180
49,random,0,False,1,144,-42.03703703703704,33
50,random,0,False,2,96,-27.361111111111104,121,96,-9.702702702702702,159
51,random,0,False,2,96,-27.361111111111104,122,96,-9.702702702702702,173
52,random,0,False,1,159,-40.69444444444444,12
53,random,0,False,1,144,-42.03703703703704,34
54,random,0,False,2,96,-27.361111111111104,123,96,-9.702702702702702,153
55,random,0,False,2,204,123.42592592592595,6,213,155.55405405405403,78
56,random,0,False,1,96,-27.361111111111104,124
57,random,0,False,1,144,-42.03703703703704,35
58,random,0,False,1,96,-27.361111111111104,125
59,random,0,False,1,144,-42.03703703703704,36
60,random,0,False,1,144,-42.03703703703704,37
61,random,0,False,1,144,-42.03703703703704,38
62,random,0,False,1,144,-42.03703703703704,39
63,random,0,False,1,144,-42.03703703703704,40
64,random,0,False,2,207,16.226851851851848,4,216,107.22972972972966,74
65,random,0,False,1,96,-27.361111111111104,126
66,random,0,False,1,144,-42.03703703703704,41
67,random,0,False,1,144,-42.03703703703704,42
68,random,0,False,1,144,-42.03703703703704,43
69,random,0,False,1,144,-42.03703703703704,44
70,random,0,False,1,144,-42.03703703703704,45
71,random,0,False,1,96,-27.361111111111104,127
72,random,0,False,1,96,-27.361111111111104,128
73,random,0,False,1,96,-27.361111111111104,129
74,random,0,False,1,96,-27.361111111111104,130
75,random,0,False,1,96,-27.361111111111104,131
76,random,0,False,1,144,-42.03703703703704,46
77,random,0,False,1,144,-42.03703703703704,47
78,random,0,False,1,144,-42.03703703703704,48
79,random,0,False,1,96,-27.361111111111104,132
80,random,0,False,1,96,-27.361111111111104,133
81,random,0,False,1,96,-27.361111111111104,134
82,random,0,False,1,144,-42.03703703703704,49
83,random,0,False,1,144,-42.03703703703704,50
84,random,0,False,1,96,-27.361111111111104,135
85,random,0,False,1,144,-42.03703703703704,51
86,random,0,False,1,96,-27.361111111111104,136
87,random,0,False,1,96,-27.361111111111104,137
88,random,0,False,1,96,-27.361111111111104,138
89,random,0,False,1,96,-27.361111111111104,139
90,random,0,False,1,144,-42.03703703703704,52
91,random,0,False,1,96,-27.361111111111104,140
92,random,0,False,1,96,-27.361111111111104,141
93,random,0,False,1,96,-27.361111111111104,142
94,random,0,False,1,96,-27.361111111111104,143
95,random,0,False,1,96,-27.361111111111104,144
96,random,0,False,1,144,-42.03703703703704,53
97,random,0,False,1,96,-27.361111111111104,145
98,random,0,False,1,144,-42.03703703703704,54
99,random,0,False,1,96,-27.361111111111104,146
100,random,0,False,1,144,-42.03703703703704,55
101,random,0,False,1,144,-42.03703703703704,56
102,random,0,False,2,213,130.0462962962963,0,261,220.1486486486486,41
103,random,0,False,1,96,-27.361111111111104,147
104,random,0,False,1,96,-27.361111111111104,148
105,random,0,False,1,96,-27.361111111111104,149
106,random,0,False,1,96,-27.361111111111104,150
107,random,0,False,1,96,-27.361111111111104,151
108,random,0,False,1,144,-42.03703703703704,57
109,random,0,False,1,96,-27.361111111111104,152
110,random,0,False,1,144,-42.03703703703704,58
111,random,0,False,1,96,-27.361111111111104,153
112,random,0,False,1,96,-27.361111111111104,154
113,random,0,False,1,96,-27.361111111111104,155
114,random,0,False,1,96,-27.361111111111104,156
115,random,0,False,1,144,-42.03703703703704,59
116,random,0,False,1,144,-42.03703703703704,60
117,random,0,False,1,96,-27.361111111111104,157
118,random,0,False,1,144,-42.03703703703704,61
119,random,0,False,1,96,-27.361111111111104,158
120,random,0,False,1,96,-27.361111111111104,159
121,random,0,False,1,96,-27.361111111111104,160
122,random,0,False,1,96,-27.361111111111104,161
123,random,0,False,1,144,-42.03703703703704,62
124,random,0,False,1,96,-27.361111111111104,162
125,random,0,False,1,144,-42.03703703703704,63
126,random,0,False,1,144,-42.03703703703704,64
127,random,0,False,1,96,-27.361111111111104,163
128,random,0,False,1,144,-42.03703703703704,65
129,random,0,False,1,144,-42.03703703703704,66
130,random,0,False,1,144,-42.03703703703704,67
131,random,0,False,1,144,-42.03703703703704,68
132,random,0,False,1,144,-42.03703703703704,69
133,random,0,False,1,96,-27.361111111111104,164
134,random,0,False,1,96,-27.361111111111104,165
135,random,0,False,1,96,-27.361111111111104,166
136,random,0,False,1,96,-27.361111111111104,167
137,random,0,False,1,144,-42.03703703703704,70
138,random,0,False,1,96,-27.361111111111104,168
139,random,0,False,1,144,-42.03703703703704,71
140,random,0,False,1,96,-27.361111111111104,169
141,random,0,False,1,96,-27.361111111111104,170
142,random,0,False,1,144,-42.03703703703704,72
143,random,0,False,1,144,-42.03703703703704,73
144,random,0,False,1,144,-42.03703703703704,74
145,random,0,False,1,96,-27.361111111111104,171
146,random,0,False,1,96,-27.361111111111104,172
147,random,0,False,1,96,-27.361111111111104,173
148,random,0,False,1,144,-42.03703703703704,75
149,random,0,False,1,96,-27.361111111111104,174
150,random,0,False,1,96,-27.361111111111104,175
151,random,0,False,1,144,-42.03703703703704,76
152,random,0,False,1,144,-42.03703703703704,77
153,random,0,False,1,144,-42.03703703703704,78
154,random,0,False,1,96,-27.361111111111104,176
155,random,0,False,1,144,-42.03703703703704,79
156,random,0,False,1,96,-27.361111111111104,177
157,random,0,False,1,144,-42.03703703703704,80
158,random,0,False,1,96,-27.361111111111104,178
159,random,0,False,1,144,-42.03703703703704,81
160,random,0,False,1,96,-27.361111111111104,179
161,random,0,False,1,96,-27.361111111111104,180
162,random,0,False,1,144,-42.03703703703704,82
163,random,0,False,1,144,-42.03703703703704,83
164,random,0,False,1,207,-108.21759259259261,5
165,random,0,False,1,144,-42.03703703703704,84
166,random,0,False,1,144,-42.03703703703704,85
167,random,0,False,1,153,-55.648148148148145,14
168,random,0,False,1,144,-42.03703703703704,86
169,random,0,False,2,210,17.708333333333314,1,228,135.24324324324326,60
170,random,0,False,1,96,-27.361111111111104,181
171,random,0,False,1,96,-27.361111111111104,182
172,random,0,False,1,144,-42.03703703703704,87
173,random,0,False,1,189,-77.7314814814815,9
174,random,0,False,1,96,-27.361111111111104,183
175,random,0,False,1,144,-42.03703703703704,88
176,random,0,False,1,96,-27.361111111111104,184
177,random,0,False,2,207,72.82407407407403,3,207,70.13513513513514,123
178,random,0,False,1,96,-27.361111111111104,185
179,random,0,False,1,147,-44.14351851851852,15
180,random,0,False,1,96,-27.361111111111104,186
181,random,0,False,1,96,-27.361111111111104,187
182,random,0,False,1,96,-27.361111111111104,188
183,random,0,False,1,144,-42.03703703703704,89
184,random,0,False,1,96,-27.361111111111104,189
185,random,0,False,1,144,-42.03703703703704,90
186,random,0,False,1,96,-27.361111111111104,190
187,random,0,False,1,96,-27.361111111111104,191
188,random,0,False,1,96,-27.361111111111104,192
189,random,0,False,1,96,-27.361111111111104,193
190,random,0,False,1,144,-42.03703703703704,91
191,random,0,False,1,96,-27.361111111111104,194
192,random,0,False,1,96,-27.361111111111104,195
193,random,0,False,1,144,-42.03703703703704,92
194,random,0,False,1,96,-27.361111111111104,196
195,random,0,False,2,201,3.055555555555543,8,174,73.91891891891893,134
196,random,0,False,1,96,-27.361111111111104,197
197,random,0,False,1,96,-27.361111111111104,198
198,random,0,False,1,96,-27.361111111111104,199
199,random,0,False,3,207,122.52314814814818,2,396,453.80436245374034,2,258,219.9034334763948,101
200,one_parent,1,False,2,216,154.78378378378383,71
201,one_parent,1,False,2,207,70.13513513513514,122
202,one_parent,1,False,3,396,453.80436245374034,14,258,219.9034334763948,64
203,one_parent,1,False,2,207,70.13513513513514,116
204,one_parent,1,False,5,396,453.80436245374034,16,258,219.9034334763948,16,501,543.2044519935636,30,522,596.3591889828524,145
205,one_parent,1,False,2,261,220.1486486486486,52
206,one_parent,1,False,2,228,135.24324324324326,65
207,one_parent,1,False,2,213,155.55405405405403,92
208,one_parent,1,False,2,261,220.1486486486486,45
209,one_parent,1,False,2,261,220.1486486486486,51
210,one_parent,1,False,2,261,220.1486486486486,54
211,one_parent,1,False,4,396,453.80436245374034,20,258,219.9034334763948,31,501,543.2044519935636,45
212,one_parent,1,False,2,96,-9.702702702702702,186
213,one_parent,1,False,2,96,-9.702702702702702,185
214,one_parent,1,False,2,96,-9.702702702702702,145
215,one_parent,1,False,2,261,220.1486486486486,50
216,one_parent,1,False,2,234,181.6216216216216,58
217,one_parent,1,False,2,96,-9.702702702702702,151
218,one_parent,1,False,2,213,155.55405405405403,89
219,one_parent,1,False,2,96,-9.702702702702702,189
220,one_parent,1,False,2,96,-9.702702702702702,187
221,one_parent,1,False,4,396,453.80436245374034,4,258,219.9034334763948,33,501,543.2044519935636,50
222,one_parent,1,False,2,96,-9.702702702702702,155
223,one_parent,1,False,2,228,135.24324324324326,62
224,one_parent,1,False,2,213,155.55405405405403,90
225,one_parent,1,False,2,144,8.918918918918934,137
226,one_parent,1,False,2,261,220.1486486486486,56
227,one_parent,1,False,2,261,220.1486486486486,48
228,one_parent,1,False,2,213,155.55405405405403,80
229,one_parent,1,False,2,207,136.3378378378378,113
230,one_parent,1,False,2,216,175.64864864864865,69
231,one_parent,1,False,3,396,453.80436245374034,26,258,219.9034334763948,78
232,one_parent,1,False,2,261,220.1486486486486,49
233,one_parent,1,False,3,396,453.80436245374034,10,258,219.9034334763948,75
234,one_parent,1,False,3,396,453.80436245374034,3,258,219.9034334763948,143
235,one_parent,1,False,2,174,73.91891891891893,132
236,one_parent,1,False,2,213,155.55405405405403,82
237,one_parent,1,False,3,396,453.80436245374034,6,258,219.9034334763948,76
238,one_parent,1,False,4,408,341.3678927890546,0,492,428.3342517956479,7,204,5.456349206349202,166
239,one_parent,1,False,3,396,453.80436245374034,9,258,219.9034334763948,126
240,one_parent,1,False,3,261,220.1486486486486,40,234,191.75965665236043,156
241,one_parent,1,False,2,261,220.1486486486486,43
242,one_parent,1,False,2,213,155.55405405405403,93
243,one_parent,1,False,3,396,453.80436245374034,1,258,219.9034334763948,142
244,one_parent,1,False,2,267,202.93243243243245,28
245,one_parent,1,False,3,396,453.80436245374034,5,258,219.9034334763948,46
246,one_parent,1,False,2,207,70.13513513513514,120
247,one_parent,1,False,2,261,220.1486486486486,42
248,one_parent,1,False,2,216,152.63513513513513,72
249,one_parent,1,False,3,261,220.1486486486486,34,234,191.75965665236043,147
250,one_parent,1,False,2,96,-9.702702702702702,168
251,one_parent,1,False,2,186,79.68918918918916,129
252,one_parent,1,False,2,261,220.1486486486486,47
253,one_parent,1,False,2,207,136.3378378378378,112
254,one_parent,1,False,2,144,8.918918918918934,138
255,one_parent,1,False,3,261,220.1486486486486,39,234,191.75965665236043,151
256,one_parent,1,False,2,207,136.3378378378378,109
257,one_parent,1,False,2,189,92.01351351351352,127
258,one_parent,1,False,2,168,28.27027027027026,135
259,one_parent,1,False,2,207,136.3378378378378,103
260,one_parent,1,False,3,396,453.80436245374034,21,258,219.9034334763948,59
261,one_parent,1,False,2,213,155.55405405405403,96
262,one_parent,1,False,2,213,155.55405405405403,88
263,one_parent,1,False,2,213,155.55405405405403,86
264,one_parent,1,False,3,396,453.80436245374034,22,258,219.9034334763948,127
265,one_parent,1,False,3,396,453.80436245374034,25,258,219.9034334763948,48
266,one_parent,1,False,2,156,5.702702702702716,136
267,one_parent,1,False,2,222,171.5945945945946,66
268,one_parent,1,False,2,213,155.55405405405403,83
269,one_parent,1,False,2,213,130.64864864864865,98
270,one_parent,1,False,2,261,220.1486486486486,55
271,one_parent,1,False,2,195,44.4054054054054,126
272,one_parent,1,False,2,96,-9.702702702702702,169
273,one_parent,1,False,2,231,152.04054054054055,59
274,one_parent,1,False,2,261,220.1486486486486,46
275,one_parent,1,False,2,144,8.918918918918934,140
276,one_parent,1,False,2,144,8.918918918918934,141
277,one_parent,1,False,2,96,-9.702702702702702,167
278,one_parent,1,False,2,96,-9.702702702702702,191
279,one_parent,1,False,2,207,136.3378378378378,107
280,one_parent,1,False,2,207,136.3378378378378,100
281,one_parent,1,False,2,207,70.13513513513514,115
282,one_parent,1,False,2,219,168.35135135135138,67
283,one_parent,1,False,2,216,162.91891891891893,70
284,one_parent,1,False,2,213,155.55405405405403,91
285,one_parent,1,False,2,210,147.75675675675677,99
286,one_parent,1,False,2,261,220.1486486486486,44
287,one_parent,1,False,2,207,32.55405405405408,124
288,one_parent,1,False,3,261,220.1486486486486,33,234,191.75965665236043,154
289,one_parent,1,False,3,396,453.80436245374034,11,258,219.9034334763948,116
290,one_parent,1,False,4,396,453.80436245374034,7,258,219.9034334763948,11,501,543.2044519935636,42
291,one_parent,1,False,2,213,155.55405405405403,97
292,one_parent,1,False,3,396,453.80436245374034,13,258,219.9034334763948,55
293,one_parent,1,False,2,96,-9.702702702702702,154
294,one_parent,1,False,3,261,220.1486486486486,32,234,191.75965665236043,148
295,one_parent,1,False,2,213,155.55405405405403,77
296,one_parent,1,False,2,96,-9.702702702702702,162
297,one_parent,1,False,2,219,160.7972972972973,68
298,one_parent,1,False,3,261,220.1486486486486,36,234,191.75965665236043,150
299,one_parent,1,False,3,261,220.1486486486486,31,234,191.75965665236043,155
300,one_parent,1,False,2,228,135.24324324324326,61
301,one_parent,1,False,2,207,136.3378378378378,114
302,one_parent,1,False,2,96,-9.702702702702702,143
303,one_parent,1,False,2,96,-9.702702702702702,163
304,one_parent,1,False,2,96,-9.702702702702702,176
305,one_parent,1,False,2,207,136.3378378378378,102
306,one_parent,1,False,2,213,155.55405405405403,85
307,one_parent,1,False,2,96,-9.702702702702702,148
308,one_parent,1,False,2,213,155.55405405405403,87
309,one_parent,1,False,2,216,113.06756756756758,73
310,one_parent,1,False,3,261,220.1486486486486,37,234,191.75965665236043,152
311,one_parent,1,False,2,207,136.3378378378378,110
312,one_parent,1,False,2,213,155.55405405405403,81
313,one_parent,1,False,2,261,220.1486486486486,53
314,one_parent,1,False,2,144,8.918918918918934,139
315,one_parent,1,False,3,396,453.80436245374034,24,258,219.9034334763948,113
316,one_parent,1,False,2,96,-9.702702702702702,199
317,one_parent,1,False,2,228,135.24324324324326,64
318,one_parent,1,False,2,183,8.459459459459481,131
319,one_parent,1,False,2,207,70.13513513513514,117
320,one_parent,1,False,3,396,453.80436245374034,23,258,219.9034334763948,144
321,one_parent,1,False,2,204,137.2027027027027,125
322,one_parent,1,False,2,96,-9.702702702702702,193
323,one_parent,1,False,3,261,220.1486486486486,30,234,191.75965665236043,153
324,one_parent,1,False,2,96,-9.702702702702702,181
325,one_parent,1,False,2,144,8.918918918918934,142
326,one_parent,1,False,4,396,453.80436245374034,12,258,219.9034334763948,18,501,543.2044519935636,43
327,one_parent,1,False,2,207,136.3378378378378,111
328,one_parent,1,False,3,261,220.1486486486486,35,234,191.75965665236043,158
329,one_parent,1,False,2,228,135.24324324324326,63
330,one_parent,1,False,2,213,155.55405405405403,95
331,one_parent,1,False,4,351,386.6947403835371,27,258,219.9034334763948,14,357,359.606129685917,105
332,one_parent,1,False,4,396,453.80436245374034,15,258,219.9034334763948,29,501,543.2044519935636,54
333,one_parent,1,False,3,396,453.80436245374034,19,258,219.9034334763948,49
334,one_parent,1,False,2,189,87.22972972972974,128
335,one_parent,1,False,2,207,70.13513513513514,119
336,one_parent,1,False,2,174,73.91891891891893,133
337,one_parent,1,False,4,396,453.80436245374034,17,258,219.9034334763948,36,501,543.2044519935636,52
338,one_parent,1,False,2,96,-9.702702702702702,156
339,one_parent,1,False,2,207,136.3378378378378,105
340,one_parent,1,False,2,207,70.13513513513514,121
341,one_parent,1,False,2,207,136.3378378378378,106
342,one_parent,1,False,2,207,136.3378378378378,101
343,one_parent,1,False,2,96,-9.702702702702702,157
344,one_parent,1,False,2,255,200.75675675675674,57
345,one_parent,1,False,3,396,453.80436245374034,18,258,219.9034334763948,89
346,one_parent,1,False,2,96,-9.702702702702702,182
347,one_parent,1,False,2,213,155.55405405405403,76
348,one_parent,1,False,2,213,155.55405405405403,84
349,one_parent,1,False,3,261,220.1486486486486,29,234,191.75965665236043,149
350,one_parent,1,False,2,213,155.55405405405403,79
351,one_parent,1,False,3,261,220.1486486486486,38,234,191.75965665236043,157
352,one_parent,1,False,3,396,453.80436245374034,8,258,219.9034334763948,125
353,one_parent,1,False,2,183,108.13513513513513,130
354,one_parent,1,False,2,96,-9.702702702702702,146
355,one_parent,1,False,2,207,136.3378378378378,108
356,one_parent,1,False,2,207,70.13513513513514,118
357,one_parent,1,False,2,96,-9.702702702702702,195
358,one_parent,1,False,2,213,155.55405405405403,94
359,one_parent,1,False,2,213,155.55405405405403,75
360,one_parent,2,False,2,258,219.9034334763948,141
361,one_parent,2,False,2,258,219.9034334763948,82
362,one_parent,2,False,2,258,219.9034334763948,54
363,one_parent,2,False,2,258,219.9034334763948,109
364,one_parent,2,False,2,96,-14.656652360515018,193
365,one_parent,2,False,4,258,219.9034334763948,32,501,543.2044519935636,39,522,596.3591889828524,150
366,one_parent,2,False,2,258,219.9034334763948,104
367,one_parent,2,False,2,258,219.9034334763948,58
368,one_parent,2,False,2,96,-14.656652360515018,197
369,one_parent,2,False,2,258,219.9034334763948,65
370,one_parent,2,False,2,204,106.40557939914163,168
371,one_parent,2,False,2,141,26.77038626609442,187
372,one_parent,2,False,3,687,788.8391425014082,4,210,36.48809523809523,149
373,one_parent,2,False,2,258,219.9034334763948,77
374,one_parent,2,False,2,258,219.9034334763948,81
375,one_parent,2,False,2,213,122.95064377682405,167
376,one_parent,2,False,2,258,219.9034334763948,129
377,one_parent,2,False,3,2079,2677.822633977176,2,495,498.90622206329374,84
378,one_parent,2,False,3,372,387.5906309926035,8,276,238.39285714285717,109
379,one_parent,2,False,2,213,140.68669527897003,159
380,one_parent,2,False,2,258,219.9034334763948,57
381,one_parent,2,False,2,144,40.32188841201719,177
382,one_parent,2,False,3,372,308.51744132955895,9,177,-10.297619047619065,173
383,one_parent,2,False,2,258,219.9034334763948,130
384,one_parent,2,False,3,258,219.9034334763948,26,501,543.2044519935636,48
385,one_parent,2,False,2,258,219.9034334763948,85
386,one_parent,2,False,2,258,219.9034334763948,83
387,one_parent,2,False,2,258,219.9034334763948,62
388,one_parent,2,False,2,258,219.9034334763948,140
389,one_parent,2,False,2,213,140.68669527897003,162
390,one_parent,2,False,2,258,219.9034334763948,43
391,one_parent,2,False,2,258,219.9034334763948,102
392,one_parent,2,False,2,96,-14.656652360515018,199
393,one_parent,2,False,2,144,40.32188841201719,185
394,one_parent,2,False,2,258,219.9034334763948,120
395,one_parent,2,False,4,258,219.9034334763948,25,501,543.2044519935636,32,522,596.3591889828524,147
396,one_parent,2,False,2,144,40.32188841201719,180
397,one_parent,2,False,2,258,219.9034334763948,69
398,one_parent,2,False,2,258,219.9034334763948,107
399,one_parent,2,False,2,141,21.480686695278962,188
400,one_parent,2,False,2,258,219.9034334763948,119
401,one_parent,2,False,2,141,21.480686695278962,189
402,one_parent,2,False,2,258,219.9034334763948,139
403,one_parent,2,False,2,144,40.32188841201719,178
404,one_parent,2,False,3,258,219.9034334763948,38,501,543.2044519935636,47
405,one_parent,2,False,2,144,40.32188841201719,183
406,one_parent,2,False,2,258,219.9034334763948,103
407,one_parent,2,False,2,258,219.9034334763948,133
408,one_parent,2,False,2,258,219.9034334763948,106
409,one_parent,2,False,2,258,219.9034334763948,117
410,one_parent,2,False,3,258,219.9034334763948,15,501,543.2044519935636,53
411,one_parent,2,False,2,258,219.9034334763948,112
412,one_parent,2,False,2,258,219.9034334763948,145
413,one_parent,2,False,4,258,219.9034334763948,17,501,543.2044519935636,31,522,596.3591889828524,142
414,one_parent,2,False,2,258,219.9034334763948,118
415,one_parent,2,False,2,258,219.9034334763948,95
416,one_parent,2,False,2,144,40.32188841201719,186
417,one_parent,2,False,2,258,219.9034334763948,72
418,one_parent,2,False,2,213,122.95064377682405,166
419,one_parent,2,False,2,258,219.9034334763948,92
420,one_parent,2,False,2,258,219.9034334763948,60
421,one_parent,2,False,2,204,91.92060085836911,170
422,one_parent,2,False,2,258,219.9034334763948,61
423,one_parent,2,False,2,258,219.9034334763948,134
424,one_parent,2,False,2,144,40.32188841201719,184
425,one_parent,2,False,2,96,-14.656652360515018,191
426,one_parent,2,False,2,258,219.9034334763948,94
427,one_parent,2,False,2,258,219.9034334763948,71
428,one_parent,2,False,2,96,-14.656652360515018,194
429,one_parent,2,False,2,258,219.9034334763948,97
430,one_parent,2,False,2,258,219.9034334763948,66
431,one_parent,2,False,3,258,219.9034334763948,20,501,543.2044519935636,46
432,one_parent,2,False,2,96,-14.656652360515018,195
433,one_parent,2,False,2,258,219.9034334763948,111
434,one_parent,2,False,2,258,219.9034334763948,51
435,one_parent,2,False,2,258,219.9034334763948,41
436,one_parent,2,False,2,258,219.9034334763948,79
437,one_parent,2,False,4,258,219.9034334763948,19,501,543.2044519935636,41,522,596.3591889828524,143
438,one_parent,2,False,2,186,71.53433476394851,174
439,one_parent,2,False,2,213,140.68669527897003,160
440,one_parent,2,False,2,96,-14.656652360515018,190
441,one_parent,2,False,2,258,219.9034334763948,42
442,one_parent,2,False,2,213,140.68669527897003,161
443,one_parent,2,False,2,258,219.9034334763948,108
444,one_parent,2,False,2,96,-14.656652360515018,198
445,one_parent,2,False,2,258,219.9034334763948,114
446,one_parent,2,False,3,639,729.2448417253106,6,360,373.47517730496446,104
447,one_parent,2,False,2,258,219.9034334763948,63
448,one_parent,2,False,3,669,769.0763360395835,5,243,187.67857142857153,118
449,one_parent,2,False,2,258,219.9034334763948,123
450,one_parent,2,False,3,258,219.9034334763948,27,501,543.2044519935636,44
451,one_parent,2,False,2,258,219.9034334763948,53
452,one_parent,2,False,2,258,219.9034334763948,99
453,one_parent,2,False,2,258,219.9034334763948,135
454,one_parent,2,False,2,258,219.9034334763948,56
455,one_parent,2,False,2,258,219.9034334763948,138
456,one_parent,2,False,2,258,219.9034334763948,132
457,one_parent,2,False,2,144,40.32188841201719,182
458,one_parent,2,False,4,258,219.9034334763948,24,501,543.2044519935636,35,522,596.3591889828524,146
459,one_parent,2,False,2,258,219.9034334763948,74
460,one_parent,2,False,2,258,219.9034334763948,131
461,one_parent,2,False,2,258,219.9034334763948,44
462,one_parent,2,False,2,204,102.28540772532185,169
463,one_parent,2,False,2,258,219.9034334763948,98
464,one_parent,2,False,3,258,219.9034334763948,30,501,543.2044519935636,56
465,one_parent,2,False,2,258,219.9034334763948,70
466,one_parent,2,False,2,258,219.9034334763948,100
467,one_parent,2,False,2,258,219.9034334763948,93
468,one_parent,2,False,2,258,219.9034334763948,91
469,one_parent,2,False,2,258,219.9034334763948,110
470,one_parent,2,False,2,258,219.9034334763948,50
471,one_parent,2,False,4,258,219.9034334763948,34,501,543.2044519935636,40,522,596.3591889828524,140
472,one_parent,2,False,2,258,219.9034334763948,90
473,one_parent,2,False,2,144,40.32188841201719,179
474,one_parent,2,False,2,258,219.9034334763948,88
475,one_parent,2,False,2,258,219.9034334763948,67
476,one_parent,2,False,3,258,219.9034334763948,37,501,543.2044519935636,51
477,one_parent,2,False,2,258,219.9034334763948,136
478,one_parent,2,False,3,801,982.0978467785748,3,222,140.65476190476195,134
479,one_parent,2,False,4,2079,2854.2056460854305,0,510,560.6624351868405,18,4959,7278.707704049577,61
480,one_parent,2,False,3,258,219.9034334763948,28,501,543.2044519935636,49
481,one_parent,2,False,2,153,47.11373390557941,176
482,one_parent,2,False,2,186,85.93347639484975,173
483,one_parent,2,False,2,258,219.9034334763948,86
484,one_parent,2,False,2,258,219.9034334763948,80
485,one_parent,2,False,4,258,219.9034334763948,23,501,543.2044519935636,33,522,596.3591889828524,148
486,one_parent,2,False,2,258,219.9034334763948,115
487,one_parent,2,False,2,96,-14.656652360515018,196
488,one_parent,2,False,2,258,219.9034334763948,121
489,one_parent,2,False,2,168,53.905579399141615,175
490,one_parent,2,False,4,258,219.9034334763948,21,501,543.2044519935636,36,522,596.3591889828524,144
491,one_parent,2,False,3,258,219.9034334763948,35,501,543.2044519935636,55
492,one_parent,2,False,4,258,219.9034334763948,12,501,543.2044519935636,38,522,596.3591889828524,151
493,one_parent,2,False,2,144,40.32188841201719,181
494,one_parent,2,False,2,213,130.57939914163086,165
495,one_parent,2,False,2,258,219.9034334763948,84
496,one_parent,2,False,3,2079,2689.174082386599,1,495,517.09219858156,73
497,one_parent,2,False,2,204,75.81545064377684,171
498,one_parent,2,False,2,213,130.57939914163086,164
499,one_parent,2,False,2,258,219.9034334763948,96
500,one_parent,2,False,2,258,219.9034334763948,39
501,one_parent,2,False,2,258,219.9034334763948,40
502,one_parent,2,False,3,351,356.7354579490456,10,207,90.77380952380952,156
503,one_parent,2,False,2,258,219.9034334763948,137
504,one_parent,2,False,2,258,219.9034334763948,128
505,one_parent,2,False,2,258,219.9034334763948,87
506,one_parent,2,False,2,258,219.9034334763948,52
507,one_parent,2,False,2,258,219.9034334763948,124
508,one_parent,2,False,2,258,219.9034334763948,105
509,one_parent,2,False,2,213,140.68669527897003,163
510,one_parent,2,False,2,258,219.9034334763948,73
511,one_parent,2,False,4,258,219.9034334763948,13,501,543.2044519935636,34,522,596.3591889828524,141
512,one_parent,2,False,4,258,219.9034334763948,22,501,543.2044519935636,37,522,596.3591889828524,149
513,one_parent,2,False,2,258,219.9034334763948,122
514,one_parent,2,False,3,252,242.28540772532193,146,213,115.71428571428578,137
515,one_parent,2,False,2,189,79.67811158798284,172
516,one_parent,2,False,2,258,219.9034334763948,45
517,one_parent,2,False,2,258,219.9034334763948,47
518,one_parent,2,False,2,258,219.9034334763948,68
519,one_parent,2,False,2,96,-14.656652360515018,192
520,one_parent,3,False,2,96,-34.40476190476191,192
521,one_parent,3,False,2,495,498.90622206329374,87
522,one_parent,3,False,4,510,560.6624351868405,16,4959,7278.707704049577,36,1359,1825.4286509369633,125
523,one_parent,3,False,2,495,498.90622206329374,81
524,one_parent,3,False,2,96,-34.40476190476191,199
525,one_parent,3,False,2,222,140.65476190476195,131
526,one_parent,3,False,2,210,36.48809523809523,147
527,one_parent,3,False,2,141,-29.781746031746025,183
528,one_parent,3,False,2,96,-34.40476190476191,190
529,one_parent,3,False,3,510,560.6624351868405,6,4959,7278.707704049577,56
530,one_parent,3,False,5,510,560.6624351868405,9,4959,7278.707704049577,8,1359,1825.4286509369633,13,2085,2984.6313452837185,66
531,one_parent,3,False,2,495,517.09219858156,67
532,one_parent,3,False,3,510,560.6624351868405,5,4959,7278.707704049577,78
533,one_parent,3,False,2,243,187.67857142857153,117
534,one_parent,3,False,2,96,-34.40476190476191,198
535,one_parent,3,False,2,210,36.48809523809523,141
536,one_parent,3,False,3,510,560.6624351868405,24,4959,7278.707704049577,114
537,one_parent,3,False,2,243,187.67857142857153,113
538,one_parent,3,False,2,210,36.48809523809523,142
539,one_parent,3,False,2,495,517.09219858156,59
540,one_parent,3,False,2,147,-4.880952380952394,177
541,one_parent,3,False,2,222,140.65476190476195,128
542,one_parent,3,False,2,210,-0.5952380952381091,153
543,one_parent,3,False,2,207,90.77380952380952,157
544,one_parent,3,False,2,495,517.09219858156,63
545,one_parent,3,False,2,204,5.456349206349202,165
546,one_parent,3,False,2,210,36.48809523809523,146
547,one_parent,3,False,2,222,140.65476190476195,127
548,one_parent,3,False,2,210,-14.08730158730156,154
549,one_parent,3,False,2,207,84.82142857142853,163
550,one_parent,3,False,2,210,36.48809523809523,143
551,one_parent,3,False,2,243,187.67857142857153,115
552,one_parent,3,False,2,495,517.09219858156,64
553,one_parent,3,False,2,210,36.48809523809523,145
554,one_parent,3,False,2,222,140.65476190476195,126
555,one_parent,3,False,2,207,90.77380952380952,158
556,one_parent,3,False,2,210,36.48809523809523,150
557,one_parent,3,False,2,207,94.16666666666663,155
558,one_parent,3,False,2,252,125.65476190476193,111
559,one_parent,3,False,2,495,498.90622206329374,83
560,one_parent,3,False,2,222,140.65476190476195,124
561,one_parent,3,False,2,213,132.38095238095235,136
562,one_parent,3,False,3,510,560.6624351868405,1,4959,7278.707704049577,122
563,one_parent,3,False,2,495,517.09219858156,65
564,one_parent,3,False,5,510,560.6624351868405,21,4959,7278.707704049577,7,1359,1825.4286509369633,12,2085,2984.6313452837185,89
565,one_parent,3,False,2,510,542.8943917992729,28
566,one_parent,3,False,3,510,560.6624351868405,3,4959,7278.707704049577,41
567,one_parent,3,False,2,495,517.09219858156,74
568,one_parent,3,False,2,207,90.77380952380952,159
569,one_parent,3,False,2,495,498.90622206329374,91
570,one_parent,3,False,2,495,517.09219858156,72
571,one_parent,3,False,2,495,517.09219858156,58
572,one_parent,3,False,2,96,-34.40476190476191,194
573,one_parent,3,False,2,96,-34.40476190476191,196
574,one_parent,3,False,2,204,5.456349206349202,171
575,one_parent,3,False,2,210,81.6071428571428,138
576,one_parent,3,False,2,96,-34.40476190476191,188
577,one_parent,3,False,2,276,238.39285714285717,107
578,one_parent,3,False,2,210,56.78571428571426,140
579,one_parent,3,False,3,510,560.6624351868405,15,4959,7278.707704049577,55
580,one_parent,3,False,2,210,36.48809523809523,148
581,one_parent,3,False,3,510,560.6624351868405,7,4959,7278.707704049577,87
582,one_parent,3,False,2,189,11.488095238095234,172
583,one_parent,3,False,2,243,187.67857142857153,114
584,one_parent,3,False,4,510,560.6624351868405,0,4959,7278.707704049577,19,1359,1825.4286509369633,73
585,one_parent,3,False,3,510,560.6624351868405,27,4959,7278.707704049577,40
586,one_parent,3,False,2,495,498.90622206329374,76
587,one_parent,3,False,2,495,498.90622206329374,95
588,one_parent,3,False,2,495,498.90622206329374,96
589,one_parent,3,False,2,156,-8.035714285714285,176
590,one_parent,3,False,3,510,560.6624351868405,11,4959,7278.707704049577,42
591,one_parent,3,False,2,162,-10.059523809523824,175
592,one_parent,3,False,2,141,-29.781746031746025,182
593,one_parent,3,False,2,222,140.65476190476195,125
594,one_parent,3,False,3,510,560.6624351868405,19,4959,7278.707704049577,131
595,one_parent,3,False,2,144,-3.452380952380956,178
596,one_parent,3,False,2,495,498.90622206329374,85
597,one_parent,3,False,2,495,498.90622206329374,77
598,one_parent,3,False,2,162,-9.523809523809526,174
599,one_parent,3,False,2,96,-34.40476190476191,187
600,one_parent,3,False,2,243,200.35714285714292,112
601,one_parent,3,False,2,204,5.456349206349202,167
602,one_parent,3,False,3,510,560.6624351868405,4,4959,7278.707704049577,90
603,one_parent,3,False,2,207,-21.190476190476204,164
604,one_parent,3,False,2,141,-29.781746031746025,184
605,one_parent,3,False,2,243,187.67857142857153,116
606,one_parent,3,False,2,222,140.65476190476195,132
607,one_parent,3,False,2,231,192.2619047619048,122
608,one_parent,3,False,3,510,560.6624351868405,17,4959,7278.707704049577,105
609,one_parent,3,False,2,360,373.47517730496446,101
610,one_parent,3,False,2,495,517.09219858156,60
611,one_parent,3,False,2,96,-34.40476190476191,195
612,one_parent,3,False,2,360,373.47517730496446,103
613,one_parent,3,False,2,495,498.90622206329374,86
614,one_parent,3,False,2,495,517.09219858156,68
615,one_parent,3,False,2,360,373.47517730496446,100
616,one_parent,3,False,3,510,560.6624351868405,10,4959,7278.707704049577,69
617,one_parent,3,False,2,261,152.50000000000003,110
618,one_parent,3,False,2,210,19.16666666666667,152
619,one_parent,3,False,3,510,560.6624351868405,8,4959,7278.707704049577,102
620,one_parent,3,False,2,492,501.9685320936885,98
621,one_parent,3,False,2,144,-3.452380952380956,179
622,one_parent,3,False,2,495,498.90622206329374,90
623,one_parent,3,False,2,495,517.09219858156,66
624,one_parent,3,False,2,237,208.15476190476187,121
625,one_parent,3,False,2,210,56.78571428571426,139
626,one_parent,3,False,2,222,140.65476190476195,133
627,one_parent,3,False,2,222,140.65476190476195,135
628,one_parent,3,False,2,495,498.90622206329374,97
629,one_parent,3,False,2,276,238.39285714285717,108
630,one_parent,3,False,2,96,-34.40476190476191,193
631,one_parent,3,False,4,510,560.6624351868405,22,4959,7278.707704049577,5,1359,1825.4286509369633,111
632,one_parent,3,False,2,495,517.09219858156,69
633,one_parent,3,False,3,510,560.6624351868405,26,4959,7278.707704049577,67
634,one_parent,3,False,2,222,140.65476190476195,130
635,one_parent,3,False,2,204,5.456349206349202,170
636,one_parent,3,False,5,510,560.6624351868405,13,4959,7278.707704049577,3,1359,1825.4286509369633,17,2085,2984.6313452837185,81
637,one_parent,3,False,2,231,155.59523809523807,123
638,one_parent,3,False,2,495,517.09219858156,70
639,one_parent,3,False,2,492,457.3953304726143,99
640,one_parent,3,False,2,495,498.90622206329374,93
641,one_parent,3,False,2,204,5.456349206349202,168
642,one_parent,3,False,2,360,373.47517730496446,102
643,one_parent,3,False,2,222,140.65476190476195,129
644,one_parent,3,False,2,207,90.77380952380952,160
645,one_parent,3,False,2,495,498.90622206329374,80
646,one_parent,3,False,2,207,90.77380952380952,161
647,one_parent,3,False,2,495,498.90622206329374,88
648,one_parent,3,False,2,495,498.90622206329374,89
649,one_parent,3,False,2,495,498.90622206329374,79
650,one_parent,3,False,2,144,-3.452380952380956,180
651,one_parent,3,False,2,495,498.90622206329374,78
652,one_parent,3,False,2,495,498.90622206329374,82
653,one_parent,3,False,3,510,560.6624351868405,12,4959,7278.707704049577,44
654,one_parent,3,False,2,495,517.09219858156,71
655,one_parent,3,False,2,96,-34.40476190476191,197
656,one_parent,3,False,2,210,19.16666666666667,151
657,one_parent,3,False,2,495,517.09219858156,57
658,one_parent,3,False,2,96,-34.40476190476191,191
659,one_parent,3,False,2,291,207.4404761904762,106
660,one_parent,3,False,2,96,-34.40476190476191,186
661,one_parent,3,False,3,510,560.6624351868405,14,4959,7278.707704049577,45
662,one_parent,3,False,2,504,502.68393527623834,29
663,one_parent,3,False,3,510,560.6624351868405,25,4959,7278.707704049577,49
664,one_parent,3,False,2,495,498.90622206329374,94
665,one_parent,3,False,2,243,176.6071428571428,119
666,one_parent,3,False,2,96,-34.40476190476191,185
667,one_parent,3,False,2,495,517.09219858156,62
668,one_parent,3,False,2,204,5.456349206349202,169
669,one_parent,3,False,2,207,90.77380952380952,162
670,one_parent,3,False,2,210,36.48809523809523,144
671,one_parent,3,False,2,96,-34.40476190476191,189
672,one_parent,3,False,2,243,166.7261904761905,120
673,one_parent,3,False,3,510,560.6624351868405,20,4959,7278.707704049577,75
674,one_parent,3,False,3,510,560.6624351868405,2,4959,7278.707704049577,103
675,one_parent,3,False,2,495,517.09219858156,61
676,one_parent,3,False,2,141,3.6904761904761756,181
677,one_parent,3,False,2,495,509.26083199237155,75
678,one_parent,3,False,3,510,560.6624351868405,23,4959,7278.707704049577,73
679,one_parent,3,False,2,495,498.90622206329374,92
680,one_parent,4,False,2,96,-17.400990099009903,199
681,one_parent,4,False,2,4959,7278.707704049577,92
682,one_parent,4,False,2,4959,7278.707704049577,100
683,one_parent,4,False,2,4959,7278.707704049577,54
684,one_parent,4,False,2,4959,7278.707704049577,111
685,one_parent,4,False,3,4959,7278.707704049577,21,1359,1825.4286509369633,100
686,one_parent,4,False,2,210,124.93811881188114,156
687,one_parent,4,False,2,96,-17.400990099009903,191
688,one_parent,4,False,2,210,111.90594059405942,158
689,one_parent,4,False,2,210,154.41831683168317,155
690,one_parent,4,False,2,213,139.69059405940592,154
691,one_parent,4,False,3,4959,7278.707704049577,11,1359,1825.4286509369633,140
692,one_parent,4,False,2,4959,7278.707704049577,129
693,one_parent,4,False,2,204,62.45049504950495,166
694,one_parent,4,False,3,4959,7278.707704049577,4,1359,1825.4286509369633,99
695,one_parent,4,False,2,4959,7278.707704049577,94
696,one_parent,4,False,2,210,124.93811881188114,157
697,one_parent,4,False,2,4959,7278.707704049577,133
698,one_parent,4,False,2,96,-17.400990099009903,196
699,one_parent,4,False,2,4959,7278.707704049577,53
700,one_parent,4,False,2,4959,7278.707704049577,101
701,one_parent,4,False,2,4959,7278.707704049577,112
702,one_parent,4,False,2,4959,7278.707704049577,62
703,one_parent,4,False,2,4959,7278.707704049577,118
704,one_parent,4,False,2,204,112.27722772277224,165
705,one_parent,4,False,2,4959,7278.707704049577,81
706,one_parent,4,False,2,4959,7278.707704049577,113
707,one_parent,4,False,3,4959,7278.707704049577,31,1359,1825.4286509369633,143
708,one_parent,4,False,2,207,79.66584158415841,161
709,one_parent,4,False,3,4959,7278.707704049577,27,1359,1825.4286509369633,56
710,one_parent,4,False,2,4959,7278.707704049577,68
711,one_parent,4,False,2,4959,7278.707704049577,64
712,one_parent,4,False,2,183,43.787128712871336,172
713,one_parent,4,False,2,4959,7278.707704049577,57
714,one_parent,4,False,2,4959,7278.707704049577,107
715,one_parent,4,False,2,4959,7278.707704049577,66
716,one_parent,4,False,2,4959,7278.707704049577,60
717,one_parent,4,False,4,4959,7278.707704049577,14,1359,1825.4286509369633,6,2085,2984.6313452837185,82
718,one_parent,4,False,2,1392,1967.5391755127132,134
719,one_parent,4,False,2,96,-17.400990099009903,184
720,one_parent,4,False,4,4959,7278.707704049577,12,1359,1825.4286509369633,29,2085,2984.6313452837185,97
721,one_parent,4,False,2,4959,7278.707704049577,109
722,one_parent,4,False,3,4959,7278.707704049577,18,1359,1825.4286509369633,136
723,one_parent,4,False,2,4959,7278.707704049577,65
724,one_parent,4,False,2,4959,7278.707704049577,85
725,one_parent,4,False,2,4959,7278.707704049577,74
726,one_parent,4,False,2,4959,7278.707704049577,86
727,one_parent,4,False,2,4959,7278.707704049577,63
728,one_parent,4,False,2,255,217.90841584158426,152
729,one_parent,4,False,2,4959,7278.707704049577,89
730,one_parent,4,False,2,96,-17.400990099009903,179
731,one_parent,4,False,2,4959,7278.707704049577,82
732,one_parent,4,False,4,4959,7278.707704049577,6,1359,1825.4286509369633,15,2085,2984.6313452837185,95
733,one_parent,4,False,3,4959,7278.707704049577,20,1359,1825.4286509369633,104
734,one_parent,4,False,2,4959,7278.707704049577,110
735,one_parent,4,False,3,4959,7278.707704049577,17,1359,1825.4286509369633,109
736,one_parent,4,False,3,4959,7278.707704049577,22,1359,1825.4286509369633,94
737,one_parent,4,False,3,4959,7278.707704049577,26,1359,1825.4286509369633,85
738,one_parent,4,False,4,4959,7278.707704049577,30,1359,1825.4286509369633,11,2085,2984.6313452837185,108
739,one_parent,4,False,3,4959,7278.707704049577,10,1359,1825.4286509369633,64
740,one_parent,4,False,2,4959,7278.707704049577,97
741,one_parent,4,False,3,4959,7278.707704049577,24,1359,1825.4286509369633,98
742,one_parent,4,False,2,210,95.68069306930693,160
743,one_parent,4,False,2,4959,7278.707704049577,52
744,one_parent,4,False,3,4959,7278.707704049577,13,1359,1825.4286509369633,52
745,one_parent,4,False,2,4959,7278.707704049577,98
746,one_parent,4,False,2,96,-17.400990099009903,181
747,one_parent,4,False,2,1362,1781.7536324277037,137
748,one_parent,4,False,3,4959,7278.707704049577,15,1359,1825.4286509369633,106
749,one_parent,4,False,2,4959,7278.707704049577,93
750,one_parent,4,False,4,4959,7278.707704049577,2,1359,1825.4286509369633,22,2085,2984.6313452837185,98
751,one_parent,4,False,2,4959,7278.707704049577,126
752,one_parent,4,False,3,4959,7278.707704049577,34,1359,1825.4286509369633,55
753,one_parent,4,False,2,186,48.01980198019798,171
754,one_parent,4,False,2,4959,7278.707704049577,71
755,one_parent,4,False,4,4959,7278.707704049577,38,1359,1825.4286509369633,34,2085,2984.6313452837185,43
756,one_parent,4,False,2,96,-17.400990099009903,189
757,one_parent,4,False,2,4959,7278.707704049577,50
758,one_parent,4,False,2,4959,7278.707704049577,106
759,one_parent,4,False,2,159,37.512376237623755,173
760,one_parent,4,False,2,4959,7278.707704049577,125
761,one_parent,4,False,2,96,-17.400990099009903,180
762,one_parent,4,False,2,4959,7278.707704049577,95
763,one_parent,4,False,2,4959,7278.707704049577,119
764,one_parent,4,False,2,4959,7278.707704049577,99
765,one_parent,4,False,2,4959,7278.707704049577,51
766,one_parent,4,False,3,4959,7278.707704049577,25,1359,1825.4286509369633,86
767,one_parent,4,False,2,186,48.01980198019798,170
768,one_parent,4,False,3,4959,7278.707704049577,23,1359,1825.4286509369633,67
769,one_parent,4,False,3,4959,7278.707704049577,33,1359,1825.4286509369633,47
770,one_parent,4,False,2,4959,7278.707704049577,128
771,one_parent,4,False,2,4959,7278.707704049577,72
772,one_parent,4,False,2,4959,7278.707704049577,115
773,one_parent,4,False,2,4959,7278.707704049577,77
774,one_parent,4,False,2,4959,7278.707704049577,117
775,one_parent,4,False,3,4959,7278.707704049577,9,1359,1825.4286509369633,131
776,one_parent,4,False,2,204,54.616336633663394,167
777,one_parent,4,False,2,4959,7278.707704049577,104
778,one_parent,4,False,2,4959,7278.707704049577,116
779,one_parent,4,False,2,4959,7278.707704049577,76
780,one_parent,4,False,3,4959,7278.707704049577,35,1359,1825.4286509369633,77
781,one_parent,4,False,3,4959,7278.707704049577,29,1359,1825.4286509369633,123
782,one_parent,4,False,2,4959,7278.707704049577,43
783,one_parent,4,False,2,96,-17.400990099009903,185
784,one_parent,4,False,2,4959,7278.707704049577,108
785,one_parent,4,False,3,4959,7278.707704049577,37,1359,1825.4286509369633,122
786,one_parent,4,False,2,210,111.68316831683171,159
787,one_parent,4,False,2,4959,7278.707704049577,91
788,one_parent,4,False,3,4959,7278.707704049577,39,1359,1825.4286509369633,69
789,one_parent,4,False,2,96,-17.400990099009903,183
790,one_parent,4,False,3,4959,7278.707704049577,0,1359,1825.4286509369633,129
791,one_parent,4,False,2,207,66.84405940594061,163
792,one_parent,4,False,2,4959,7278.707704049577,70
793,one_parent,4,False,2,4959,7278.707704049577,127
794,one_parent,4,False,2,1368,1871.4746479462758,135
795,one_parent,4,False,2,96,-17.400990099009903,190
796,one_parent,4,False,2,4959,7278.707704049577,59
797,one_parent,4,False,2,4959,7278.707704049577,79
798,one_parent,4,False,2,4959,7278.707704049577,130
799,one_parent,4,False,2,186,48.01980198019798,169
800,one_parent,4,False,2,144,31.311881188118804,176
801,one_parent,4,False,2,4959,7278.707704049577,123
802,one_parent,4,False,2,96,-17.400990099009903,197
803,one_parent,4,False,2,4959,7278.707704049577,47
804,one_parent,4,False,2,4959,7278.707704049577,46
805,one_parent,4,False,2,96,-17.400990099009903,187
806,one_parent,4,False,2,147,31.905940594059402,174
807,one_parent,4,False,2,96,-17.400990099009903,178
808,one_parent,4,False,2,4959,7278.707704049577,80
809,one_parent,4,False,3,4959,7278.707704049577,1,1359,1825.4286509369633,88
810,one_parent,4,False,2,96,-17.400990099009903,192
811,one_parent,4,False,2,96,-17.400990099009903,188
812,one_parent,4,False,2,4959,7278.707704049577,48
813,one_parent,4,False,2,4959,7278.707704049577,120
814,one_parent,4,False,2,144,31.311881188118804,177
815,one_parent,4,False,2,195,74.85148514851481,168
816,one_parent,4,False,2,4959,7278.707704049577,121
817,one_parent,4,False,2,96,-17.400990099009903,195
818,one_parent,4,False,2,96,-17.400990099009903,198
819,one_parent,4,False,3,4959,7278.707704049577,28,1359,1825.4286509369633,91
820,one_parent,4,False,2,96,-17.400990099009903,194
821,one_parent,4,False,2,207,66.67079207920793,164
822,one_parent,4,False,2,213,152.90841584158403,153
823,one_parent,4,False,2,96,-17.400990099009903,186
824,one_parent,4,False,2,1359,1774.9935661966044,138
825,one_parent,4,False,2,96,-17.400990099009903,193
826,one_parent,4,False,3,4959,7278.707704049577,16,1359,1825.4286509369633,60
827,one_parent,4,False,2,4959,7278.707704049577,96
828,one_parent,4,False,2,4959,7278.707704049577,124
829,one_parent,4,False,2,207,68.26732673267327,162
830,one_parent,4,False,2,96,-17.400990099009903,182
831,one_parent,4,False,2,147,31.571782178217816,175
832,one_parent,4,False,2,4959,7278.707704049577,58
833,one_parent,4,False,2,4959,7278.707704049577,132
834,one_parent,4,False,2,4959,7278.707704049577,88
835,one_parent,4,False,2,525,595.1831195991404,139
836,one_parent,4,False,2,4959,7278.707704049577,84
837,one_parent,4,False,3,4959,7278.707704049577,32,1359,1825.4286509369633,51
838,one_parent,4,False,2,4959,7278.707704049577,83
839,one_parent,4,False,2,1362,1860.896524643475,136
840,one_parent,5,False,2,1359,1825.4286509369633,145
841,one_parent,5,False,2,1359,1825.4286509369633,139
842,one_parent,5,False,2,246,168.35616438356172,159
843,one_parent,5,False,3,1359,1825.4286509369633,35,2085,2984.6313452837185,88
844,one_parent,5,False,3,1359,1825.4286509369633,9,2085,2984.6313452837185,54
845,one_parent,5,False,2,1359,1825.4286509369633,110
846,one_parent,5,False,2,96,-25.0,182
847,one_parent,5,False,2,1359,1825.4286509369633,105
848,one_parent,5,False,2,1359,1825.4286509369633,63
849,one_parent,5,False,3,1359,1825.4286509369633,16,2085,2984.6313452837185,71
850,one_parent,5,False,4,1359,1825.4286509369633,36,2085,2984.6313452837185,33,372,324.22727879354073,141
851,one_parent,5,False,2,1359,1825.4286509369633,115
852,one_parent,5,False,2,96,-25.0,189
853,one_parent,5,False,2,96,-25.0,197
854,one_parent,5,False,2,1359,1825.4286509369633,121
855,one_parent,5,False,2,1359,1825.4286509369633,42
856,one_parent,5,False,2,204,52.19178082191779,171
857,one_parent,5,False,3,1359,1825.4286509369633,18,2085,2984.6313452837185,48
858,one_parent,5,False,2,1359,1825.4286509369633,82
859,one_parent,5,False,2,1359,1825.4286509369633,144
860,one_parent,5,False,2,1359,1825.4286509369633,43
861,one_parent,5,False,2,1359,1825.4286509369633,116
862,one_parent,5,False,3,1359,1825.4286509369633,2,2085,2984.6313452837185,90
863,one_parent,5,False,2,96,-25.0,190
864,one_parent,5,False,2,96,-25.0,186
865,one_parent,5,False,2,1359,1825.4286509369633,134
866,one_parent,5,False,2,207,91.19863013698631,167
867,one_parent,5,False,2,1359,1825.4286509369633,103
868,one_parent,5,False,2,1359,1825.4286509369633,57
869,one_parent,5,False,2,1359,1825.4286509369633,48
870,one_parent,5,False,5,1359,1825.4286509369633,31,2085,2984.6313452837185,37,372,324.22727879354073,126,1791,2407.7494050086125,135
871,one_parent,5,False,2,1359,1825.4286509369633,117
872,one_parent,5,False,2,96,-25.0,188
873,one_parent,5,False,2,1359,1825.4286509369633,79
874,one_parent,5,False,2,1359,1825.4286509369633,90
875,one_parent,5,False,2,207,75.85616438356163,169
876,one_parent,5,False,2,1359,1825.4286509369633,58
877,one_parent,5,False,2,1359,1825.4286509369633,132
878,one_parent,5,False,2,1359,1825.4286509369633,41
879,one_parent,5,False,2,96,-25.0,183
880,one_parent,5,False,2,1356,1823.796963037428,154
881,one_parent,5,False,2,1359,1825.4286509369633,149
882,one_parent,5,False,4,1359,1825.4286509369633,33,2085,2984.6313452837185,30,372,324.22727879354073,127
883,one_parent,5,False,2,240,182.87671232876718,160
884,one_parent,5,False,3,1359,1825.4286509369633,30,2085,2984.6313452837185,70
885,one_parent,5,False,4,1359,1825.4286509369633,27,2085,2984.6313452837185,40,372,324.22727879354073,135
886,one_parent,5,False,2,207,114.86301369863014,163
887,one_parent,5,False,2,141,-2.3059360730593568,179
888,one_parent,5,False,2,1359,1825.4286509369633,39
889,one_parent,5,False,2,246,168.35616438356172,158
890,one_parent,5,False,2,1359,1825.4286509369633,146
891,one_parent,5,False,2,141,-2.3059360730593568,180
892,one_parent,5,False,2,210,108.2191780821918,161
893,one_parent,5,False,2,180,79.34931506849315,175
894,one_parent,5,False,2,1359,1825.4286509369633,44
895,one_parent,5,False,2,1359,1559.2858160955689,151
896,one_parent,5,False,2,141,-2.3059360730593568,181
897,one_parent,5,False,2,1359,1825.4286509369633,101
898,one_parent,5,False,2,1359,1825.4286509369633,84
899,one_parent,5,False,3,1359,1825.4286509369633,14,2085,2984.6313452837185,47
900,one_parent,5,False,2,1359,1825.4286509369633,112
901,one_parent,5,False,2,144,45.95890410958903,177
902,one_parent,5,False,2,96,-25.0,195
903,one_parent,5,False,2,96,-25.0,192
904,one_parent,5,False,2,1359,1825.4286509369633,127
905,one_parent,5,False,2,1359,1825.4286509369633,46
906,one_parent,5,False,2,1359,1825.4286509369633,148
907,one_parent,5,False,2,1359,1825.4286509369633,78
908,one_parent,5,False,2,207,114.86301369863014,164
909,one_parent,5,False,2,1359,1825.4286509369633,89
910,one_parent,5,False,2,1359,1825.4286509369633,120
911,one_parent,5,False,2,207,114.86301369863014,165
912,one_parent,5,False,2,1359,1825.4286509369633,97
913,one_parent,5,False,2,1359,1825.4286509369633,65
914,one_parent,5,False,2,183,81.7808219178082,174
915,one_parent,5,False,2,96,-25.0,199
916,one_parent,5,False,2,1359,1825.4286509369633,83
917,one_parent,5,False,2,1359,1825.4286509369633,113
918,one_parent,5,False,2,1359,1825.4286509369633,40
919,one_parent,5,False,2,1356,1809.8264343208712,155
920,one_parent,5,False,2,1359,1825.4286509369633,128
921,one_parent,5,False,2,1359,1825.4286509369633,95
922,one_parent,5,False,2,207,51.02739726027397,170
923,one_parent,5,False,3,1359,1825.4286509369633,0,2085,2984.6313452837185,64
924,one_parent,5,False,2,1359,1825.4286509369633,61
925,one_parent,5,False,3,1359,1825.4286509369633,4,2085,2984.6313452837185,79
926,one_parent,5,False,2,1359,1825.4286509369633,92
927,one_parent,5,False,2,1359,1825.4286509369633,81
928,one_parent,5,False,2,186,22.671232876712338,173
929,one_parent,5,False,2,1359,1825.4286509369633,93
930,one_parent,5,False,2,1359,1825.4286509369633,141
931,one_parent,5,False,3,1359,1825.4286509369633,10,2085,2984.6313452837185,109
932,one_parent,5,False,2,1359,1825.4286509369633,70
933,one_parent,5,False,2,1359,1825.4286509369633,102
934,one_parent,5,False,2,1359,1825.4286509369633,62
935,one_parent,5,False,3,1359,1825.4286509369633,7,2085,2984.6313452837185,78
936,one_parent,5,False,2,1359,1825.4286509369633,137
937,one_parent,5,False,3,1359,1825.4286509369633,24,2085,2984.6313452837185,73
938,one_parent,5,False,3,1359,1825.4286509369633,23,2085,2984.6313452837185,57
939,one_parent,5,False,4,1359,1825.4286509369633,19,2085,2984.6313452837185,23,372,324.22727879354073,144
940,one_parent,5,False,2,1359,1825.4286509369633,114
941,one_parent,5,False,2,1359,1825.4286509369633,126
942,one_parent,5,False,4,1359,1825.4286509369633,37,2085,2984.6313452837185,25,372,324.22727879354073,142
943,one_parent,5,False,2,1359,1825.4286509369633,49
944,one_parent,5,False,4,1359,1825.4286509369633,1,2085,2984.6313452837185,36,372,324.22727879354073,133
945,one_parent,5,False,2,96,-25.0,184
946,one_parent,5,False,2,1359,1825.4286509369633,118
947,one_parent,5,False,2,1359,1825.4286509369633,147
948,one_parent,5,False,3,1356,1882.255056845548,152,1371,1870.0708425881699,136
949,one_parent,5,False,4,1356,1834.500068997552,153,2238,3149.3389469957633,6,375,323.13759508874926,107
950,one_parent,5,False,2,141,-2.3059360730593568,178
951,one_parent,5,False,2,168,59.38356164383558,176
952,one_parent,5,False,3,1359,1825.4286509369633,3,2085,2984.6313452837185,59
953,one_parent,5,False,2,1359,1825.4286509369633,75
954,one_parent,5,False,2,1359,1825.4286509369633,133
955,one_parent,5,False,3,1359,1825.4286509369633,32,2085,2984.6313452837185,76
956,one_parent,5,False,2,1359,1825.4286509369633,119
957,one_parent,5,False,3,1359,1825.4286509369633,21,2085,2984.6313452837185,51
958,one_parent,5,False,2,1359,1825.4286509369633,45
959,one_parent,5,False,2,1359,1825.4286509369633,74
960,one_parent,5,False,4,1359,1825.4286509369633,20,2085,2984.6313452837185,22,372,324.22727879354073,136
961,one_parent,5,False,2,1359,1825.4286509369633,135
962,one_parent,5,False,2,1359,1825.4286509369633,96
963,one_parent,5,False,2,1359,1825.4286509369633,80
964,one_parent,5,False,2,96,-25.0,196
965,one_parent,5,False,3,1359,1825.4286509369633,5,2085,2984.6313452837185,53
966,one_parent,5,False,2,1359,1825.4286509369633,59
967,one_parent,5,False,2,1359,1825.4286509369633,142
968,one_parent,5,False,3,1359,1825.4286509369633,8,2085,2984.6313452837185,52
969,one_parent,5,False,2,207,87.63698630136986,168
970,one_parent,5,False,2,1359,1825.4286509369633,138
971,one_parent,5,False,2,1359,1825.4286509369633,107
972,one_parent,5,False,2,246,187.97945205479454,157
973,one_parent,5,False,2,1359,1825.4286509369633,71
974,one_parent,5,False,2,96,-25.0,194
975,one_parent,5,False,2,210,50.593607305936104,162
976,one_parent,5,False,2,1359,1825.4286509369633,72
977,one_parent,5,False,2,1359,1825.4286509369633,54
978,one_parent,5,False,2,1359,1825.4286509369633,87
979,one_parent,5,False,2,1359,1825.4286509369633,76
980,one_parent,5,False,2,1359,1825.4286509369633,130
981,one_parent,5,False,2,1359,1825.4286509369633,108
982,one_parent,5,False,2,96,-25.0,187
983,one_parent,5,False,2,96,-25.0,198
984,one_parent,5,False,2,207,114.86301369863014,166
985,one_parent,5,False,3,1359,1825.4286509369633,26,2085,2984.6313452837185,105
986,one_parent,5,False,2,1359,1825.4286509369633,68
987,one_parent,5,False,2,1359,1825.4286509369633,50
988,one_parent,5,False,4,1359,1825.4286509369633,25,2085,2984.6313452837185,24,372,324.22727879354073,128
989,one_parent,5,False,2,96,-25.0,193
990,one_parent,5,False,2,96,-25.0,185
991,one_parent,5,False,2,201,106.67808219178082,172
992,one_parent,5,False,2,363,322.0663742978222,156
993,one_parent,5,False,3,1359,1825.4286509369633,28,2085,2984.6313452837185,61
994,one_parent,5,False,2,1359,1825.4286509369633,124
995,one_parent,5,False,2,1359,1825.4286509369633,53
996,one_parent,5,False,2,96,-25.0,191
997,one_parent,5,False,2,1359,1825.4286509369633,150
998,one_parent,5,False,2,1359,1825.4286509369633,38
999,one_parent,5,False,2,1359,1825.4286509369633,66
1000,one_parent,6,False,3,2229,3073.5684013494265,18,363,296.4698718804218,148
1001,one_parent,6,False,2,141,8.081395348837212,175
1002,one_parent,6,False,3,2238,3149.3389469957633,1,375,323.13759508874926,78
1003,one_parent,6,False,2,210,133.2848837209302,156
1004,one_parent,6,False,2,207,79.27325581395351,160
1005,one_parent,6,False,3,2238,3149.3389469957633,5,375,323.13759508874926,67
1006,one_parent,6,False,2,96,-22.52906976744186,192
1007,one_parent,6,False,2,96,-22.52906976744186,197
1008,one_parent,6,False,2,2085,2984.6313452837185,106
1009,one_parent,6,False,2,2085,2984.6313452837185,100
1010,one_parent,6,False,2,96,-22.52906976744186,182
1011,one_parent,6,False,2,2085,2984.6313452837185,69
1012,one_parent,6,False,2,96,-22.52906976744186,180
1013,one_parent,6,False,3,2085,2984.6313452837185,28,372,324.22727879354073,140
1014,one_parent,6,False,2,243,227.8779069767441,153
1015,one_parent,6,False,3,2238,3149.3389469957633,8,375,323.13759508874926,43
1016,one_parent,6,False,2,1371,1870.0708425881699,140
1017,one_parent,6,False,2,96,-22.52906976744186,177
1018,one_parent,6,False,2,2085,2984.6313452837185,83
1019,one_parent,6,False,3,2238,3149.3389469957633,12,375,323.13759508874926,55
1020,one_parent,6,False,2,1374,1909.2556342172904,115
1021,one_parent,6,False,2,1371,1870.0708425881699,141
1022,one_parent,6,False,2,1371,1870.0708425881699,123
1023,one_parent,6,False,2,210,145.01453488372093,154
1024,one_parent,6,False,3,2238,3149.3389469957633,15,375,323.13759508874926,120
1025,one_parent,6,False,2,2085,2984.6313452837185,62
1026,one_parent,6,False,2,189,40.72674418604649,163
1027,one_parent,6,False,2,2085,2984.6313452837185,77
1028,one_parent,6,False,2,2085,2984.6313452837185,50
1029,one_parent,6,False,3,2226,3123.8133631237824,19,360,291.9423128253037,149
1030,one_parent,6,False,2,1371,1870.0708425881699,116
1031,one_parent,6,False,2,96,-22.52906976744186,188
1032,one_parent,6,False,2,1371,1870.0708425881699,142
1033,one_parent,6,False,2,156,23.531976744186053,167
1034,one_parent,6,False,2,2085,2984.6313452837185,93
1035,one_parent,6,False,2,1080,1449.4432759392673,148
1036,one_parent,6,False,2,2085,2984.6313452837185,75
1037,one_parent,6,False,2,2085,2984.6313452837185,96
1038,one_parent,6,False,2,1371,1870.0708425881699,131
1039,one_parent,6,False,2,96,-22.52906976744186,186
1040,one_parent,6,False,2,2085,2984.6313452837185,74
1041,one_parent,6,False,2,207,48.09593023255813,161
1042,one_parent,6,False,2,2085,2984.6313452837185,80
1043,one_parent,6,False,2,2085,2984.6313452837185,56
1044,one_parent,6,False,2,207,96.45348837209295,159
1045,one_parent,6,False,2,2085,2984.6313452837185,111
1046,one_parent,6,False,2,204,84.95639534883719,162
1047,one_parent,6,False,2,96,-22.52906976744186,196
1048,one_parent,6,False,2,2085,2984.6313452837185,92
1049,one_parent,6,False,2,2085,2984.6313452837185,67
1050,one_parent,6,False,2,2085,2984.6313452837185,49
1051,one_parent,6,False,2,1371,1870.0708425881699,137
1052,one_parent,6,False,2,369,393.9605655667841,152
1053,one_parent,6,False,2,2085,2984.6313452837185,84
1054,one_parent,6,False,2,96,-22.52906976744186,183
1055,one_parent,6,False,2,1371,1870.0708425881699,138
1056,one_parent,6,False,2,96,-22.52906976744186,187
1057,one_parent,6,False,2,1371,1870.0708425881699,120
1058,one_parent,6,False,2,1371,1870.0708425881699,146
1059,one_parent,6,False,2,96,-22.52906976744186,189
1060,one_parent,6,False,2,1371,1870.0708425881699,117
1061,one_parent,6,False,3,2238,3149.3389469957633,16,375,323.13759508874926,52
1062,one_parent,6,False,2,2085,2984.6313452837185,68
1063,one_parent,6,False,2,186,27.267441860465112,165
1064,one_parent,6,False,2,1371,1870.0708425881699,143
1065,one_parent,6,False,2,1371,1870.0708425881699,132
1066,one_parent,6,False,3,2238,3149.3389469957633,3,375,323.13759508874926,75
1067,one_parent,6,False,2,96,-22.52906976744186,178
1068,one_parent,6,False,2,1371,1870.0708425881699,119
1069,one_parent,6,False,2,2085,2984.6313452837185,103
1070,one_parent,6,False,2,1371,1870.0708425881699,124
1071,one_parent,6,False,2,186,38.60465116279072,164
1072,one_parent,6,False,3,2085,2984.6313452837185,34,372,324.22727879354073,131
1073,one_parent,6,False,2,96,-22.52906976744186,194
1074,one_parent,6,False,3,2085,2984.6313452837185,21,372,324.22727879354073,139
1075,one_parent,6,False,2,2085,2984.6313452837185,99
1076,one_parent,6,False,3,2085,2984.6313452837185,35,372,324.22727879354073,134
1077,one_parent,6,False,2,1377,1933.941553079067,113
1078,one_parent,6,False,2,96,-22.52906976744186,179
1079,one_parent,6,False,2,96,-22.52906976744186,191
1080,one_parent,6,False,2,1371,1870.0708425881699,133
1081,one_parent,6,False,2,2085,2984.6313452837185,94
1082,one_parent,6,False,2,1371,1870.0708425881699,128
1083,one_parent,6,False,2,2085,2984.6313452837185,86
1084,one_parent,6,False,2,207,142.1075581395349,157
1085,one_parent,6,False,2,2154,2840.732663433938,20
1086,one_parent,6,False,2,1371,1870.0708425881699,126
1087,one_parent,6,False,3,2238,3149.3389469957633,4,375,323.13759508874926,65
1088,one_parent,6,False,2,2085,2984.6313452837185,55
1089,one_parent,6,False,2,156,25.886627906976756,166
1090,one_parent,6,False,3,2238,3149.3389469957633,11,375,323.13759508874926,53
1091,one_parent,6,False,2,1371,1870.0708425881699,147
1092,one_parent,6,False,3,2085,2984.6313452837185,27,372,324.22727879354073,137
1093,one_parent,6,False,2,153,23.066860465116278,169
1094,one_parent,6,False,3,2238,3149.3389469957633,9,375,323.13759508874926,96
1095,one_parent,6,False,2,2085,2984.6313452837185,85
1096,one_parent,6,False,3,2085,2984.6313452837185,39,372,324.22727879354073,138
1097,one_parent,6,False,2,96,-22.52906976744186,199
1098,one_parent,6,False,2,1371,1870.0708425881699,118
1099,one_parent,6,False,2,141,0.9156976744186167,176
1100,one_parent,6,False,2,2085,2984.6313452837185,46
1101,one_parent,6,False,2,2085,2984.6313452837185,102
1102,one_parent,6,False,2,2085,2984.6313452837185,72
1103,one_parent,6,False,2,96,-22.52906976744186,190
1104,one_parent,6,False,3,2238,3149.3389469957633,17,375,323.13759508874926,104
1105,one_parent,6,False,2,2085,2984.6313452837185,107
1106,one_parent,6,False,2,1371,1870.0708425881699,134
1107,one_parent,6,False,2,1371,1870.0708425881699,125
1108,one_parent,6,False,2,207,108.53197674418604,158
1109,one_parent,6,False,2,141,8.081395348837212,174
1110,one_parent,6,False,2,96,-22.52906976744186,184
1111,one_parent,6,False,2,2085,2984.6313452837185,60
1112,one_parent,6,False,2,1371,1870.0708425881699,121
1113,one_parent,6,False,2,2085,2984.6313452837185,41
1114,one_parent,6,False,2,696,706.3821374261353,150
1115,one_parent,6,False,2,2085,2984.6313452837185,45
1116,one_parent,6,False,2,1371,1870.0708425881699,145
1117,one_parent,6,False,2,144,21.540697674418638,172
1118,one_parent,6,False,2,1371,1870.0708425881699,129
1119,one_parent,6,False,2,1371,1870.0708425881699,122
1120,one_parent,6,False,2,2085,2984.6313452837185,112
1121,one_parent,6,False,2,96,-22.52906976744186,181
1122,one_parent,6,False,2,2085,2984.6313452837185,101
1123,one_parent,6,False,2,144,21.540697674418638,170
1124,one_parent,6,False,2,2085,2984.6313452837185,104
1125,one_parent,6,False,2,96,-22.52906976744186,195
1126,one_parent,6,False,3,2238,3149.3389469957633,10,375,323.13759508874926,101
1127,one_parent,6,False,2,1371,1870.0708425881699,135
1128,one_parent,6,False,2,1371,1870.0708425881699,130
1129,one_parent,6,False,2,1377,1924.8935556682918,114
1130,one_parent,6,False,2,96,-22.52906976744186,193
1131,one_parent,6,False,2,2085,2984.6313452837185,65
1132,one_parent,6,False,3,2238,3149.3389469957633,2,375,323.13759508874926,76
1133,one_parent,6,False,2,210,133.2848837209302,155
1134,one_parent,6,False,2,144,21.540697674418638,173
1135,one_parent,6,False,3,2085,2984.6313452837185,38,372,324.22727879354073,143
1136,one_parent,6,False,2,156,23.05232558139535,168
1137,one_parent,6,False,3,2238,3149.3389469957633,14,375,323.13759508874926,93
1138,one_parent,6,False,2,1077,1483.9424040343972,149
1139,one_parent,6,False,2,2085,2984.6313452837185,91
1140,one_parent,6,False,3,2238,3149.3389469957633,13,375,323.13759508874926,71
1141,one_parent,6,False,2,96,-22.52906976744186,198
1142,one_parent,6,False,2,2085,2984.6313452837185,58
1143,one_parent,6,False,2,2085,2984.6313452837185,110
1144,one_parent,6,False,2,2085,2984.6313452837185,87
1145,one_parent,6,False,2,1371,1870.0708425881699,144
1146,one_parent,6,False,2,96,-22.52906976744186,185
1147,one_parent,6,False,2,2085,2984.6313452837185,44
1148,one_parent,6,False,3,2238,3149.3389469957633,7,375,323.13759508874926,41
1149,one_parent,6,False,2,372,365.6479818580301,151
1150,one_parent,6,False,3,2085,2984.6313452837185,26,372,324.22727879354073,132
1151,one_parent,6,False,2,1371,1870.0708425881699,139
1152,one_parent,6,False,3,2085,2984.6313452837185,31,372,324.22727879354073,130
1153,one_parent,6,False,2,1371,1870.0708425881699,127
1154,one_parent,6,False,2,2085,2984.6313452837185,42
1155,one_parent,6,False,2,2085,2984.6313452837185,63
1156,one_parent,6,False,5,6402,9326.721219834486,0,1218,1433.0494323199728,20,14406,20321.8743829738,16,2991,4094.85274921461,123
1157,one_parent,6,False,3,2085,2984.6313452837185,29,372,324.22727879354073,129
1158,one_parent,6,False,3,2085,2984.6313452837185,32,372,324.22727879354073,145
1159,one_parent,6,False,2,144,21.540697674418638,171
1160,one_parent,7,False,2,375,323.13759508874926,89
1161,one_parent,7,False,2,375,323.13759508874926,47
1162,one_parent,7,False,2,153,12.814960629921273,176
1163,one_parent,7,False,2,96,-47.519685039370074,191
1164,one_parent,7,False,2,366,309.4303016148407,147
1165,one_parent,7,False,4,1218,1433.0494323199728,28,14406,20321.8743829738,27,2991,4094.85274921461,116
1166,one_parent,7,False,2,375,323.13759508874926,58
1167,one_parent,7,False,2,375,323.13759508874926,62
1168,one_parent,7,False,2,375,323.13759508874926,39
1169,one_parent,7,False,2,234,138.0118110236221,154
1170,one_parent,7,False,2,375,323.13759508874926,64
1171,one_parent,7,True,3,1218,1433.0494323199728,7,14406,20321.8743829738,65
1172,one_parent,7,False,3,801,938.8666021238254,30,6123,9101.294591116588,130
1173,one_parent,7,False,2,375,323.13759508874926,68
1174,one_parent,7,False,2,96,-47.519685039370074,199
1175,one_parent,7,False,2,144,11.929133858267704,183
1176,one_parent,7,True,3,1218,1433.0494323199728,21,14406,20321.8743829738,52
1177,one_parent,7,False,2,207,65.96456692913384,171
1178,one_parent,7,False,2,375,323.13759508874926,117
1179,one_parent,7,False,2,375,323.13759508874926,122
1180,one_parent,7,False,5,1218,1433.0494323199728,22,14406,20321.8743829738,22,2991,4094.85274921461,26,1500,1838.083815260601,52
1181,one_parent,7,False,2,375,323.13759508874926,98
1182,one_parent,7,False,2,375,323.13759508874926,85
1183,one_parent,7,False,2,375,323.13759508874926,84
1184,one_parent,7,False,2,210,-5.334645669291341,165
1185,one_parent,7,False,2,234,138.0118110236221,155
1186,one_parent,7,False,4,1218,1433.0494323199728,18,14406,20321.8743829738,9,2991,4094.85274921461,70
1187,one_parent,7,True,3,1218,1433.0494323199728,19,14406,20321.8743829738,61
1188,one_parent,7,False,2,375,323.13759508874926,51
1189,one_parent,7,False,2,375,323.13759508874926,91
1190,one_parent,7,False,2,375,323.13759508874926,82
1191,one_parent,7,False,2,375,323.13759508874926,125
1192,one_parent,7,False,3,387,327.3508608034162,37,1125,1466.0897618784793,137
1193,one_parent,7,False,2,375,323.13759508874926,106
1194,one_parent,7,False,4,1218,1433.0494323199728,11,14406,20321.8743829738,24,2991,4094.85274921461,51
1195,one_parent,7,False,2,144,11.929133858267704,186
1196,one_parent,7,False,2,375,323.13759508874926,73
1197,one_parent,7,False,2,375,323.13759508874926,83
1198,one_parent,7,False,2,231,64.21259842519683,160
1199,one_parent,7,False,2,234,127.26377952755902,157
1200,one_parent,7,False,2,375,323.13759508874926,74
1201,one_parent,7,False,3,669,723.2912875605442,34,639,705.6902478223419,157
1202,one_parent,7,False,4,1218,1433.0494323199728,2,14406,20321.8743829738,8,2991,4094.85274921461,118
1203,one_parent,7,False,2,210,41.14173228346455,163
1204,one_parent,7,True,3,1218,1433.0494323199728,29,14406,20321.8743829738,72
1205,one_parent,7,False,4,1218,1433.0494323199728,26,14406,20321.8743829738,23,2991,4094.85274921461,146
1206,one_parent,7,False,2,147,11.082677165354319,177
1207,one_parent,7,False,2,375,323.13759508874926,124
1208,one_parent,7,False,2,375,323.13759508874926,115
1209,one_parent,7,False,2,210,-23.996062992125978,166
1210,one_parent,7,False,3,669,694.0538215477875,36,639,695.4928552510687,158
1211,one_parent,7,False,2,96,-47.519685039370074,188
1212,one_parent,7,False,2,375,323.13759508874926,63
1213,one_parent,7,False,2,234,105.76771653543304,159
1214,one_parent,7,False,2,375,323.13759508874926,69
1215,one_parent,7,False,2,375,323.13759508874926,79
1216,one_parent,7,True,3,1218,1433.0494323199728,23,14406,20321.8743829738,67
1217,one_parent,7,False,2,96,-47.519685039370074,196
1218,one_parent,7,False,2,207,-86.33858267716535,175
1219,one_parent,7,False,2,210,-36.27952755905511,168
1220,one_parent,7,False,2,210,-51.14173228346456,169
1221,one_parent,7,False,2,96,-47.519685039370074,192
1222,one_parent,7,False,2,234,127.26377952755902,156
1223,one_parent,7,False,2,207,40.748031496062964,172
1224,one_parent,7,False,2,375,323.13759508874926,42
1225,one_parent,7,False,3,1230,1491.6092302681777,1,9198,13287.8197053266,125
1226,one_parent,7,False,2,375,323.13759508874926,56
1227,one_parent,7,False,2,375,323.13759508874926,110
1228,one_parent,7,False,2,375,323.13759508874926,59
1229,one_parent,7,False,2,210,7.598425196850393,164
1230,one_parent,7,False,2,375,323.13759508874926,45
1231,one_parent,7,False,4,1218,1433.0494323199728,3,14406,20321.8743829738,7,2991,4094.85274921461,42
1232,one_parent,7,False,2,369,301.4787134659013,146
1233,one_parent,7,False,2,144,11.929133858267704,180
1234,one_parent,7,False,2,351,259.102662484986,151
1235,one_parent,7,False,2,276,248.6417322834646,153
1236,one_parent,7,False,2,375,323.13759508874926,90
1237,one_parent,7,True,3,1218,1433.0494323199728,24,14406,20321.8743829738,59
1238,one_parent,7,False,2,375,323.13759508874926,57
1239,one_parent,7,False,2,375,323.13759508874926,92
1240,one_parent,7,False,2,96,-47.519685039370074,190
1241,one_parent,7,False,2,375,323.13759508874926,87
1242,one_parent,7,False,2,375,323.13759508874926,77
1243,one_parent,7,True,3,1218,1433.0494323199728,4,14406,20321.8743829738,46
1244,one_parent,7,False,2,375,323.13759508874926,118
1245,one_parent,7,False,2,351,262.7475643934339,150
1246,one_parent,7,False,2,375,323.13759508874926,72
1247,one_parent,7,False,2,375,323.13759508874926,111
1248,one_parent,7,False,2,375,323.13759508874926,88
1249,one_parent,7,False,2,375,323.13759508874926,50
1250,one_parent,7,False,2,96,-47.519685039370074,195
1251,one_parent,7,False,2,375,323.13759508874926,102
1252,one_parent,7,False,2,144,11.929133858267704,185
1253,one_parent,7,False,2,207,65.96456692913388,170
1254,one_parent,7,True,3,1218,1433.0494323199728,16,14406,20321.8743829738,70
1255,one_parent,7,False,2,375,323.13759508874926,40
1256,one_parent,7,False,2,96,-47.519685039370074,193
1257,one_parent,7,False,2,375,323.13759508874926,61
1258,one_parent,7,False,2,375,323.13759508874926,123
1259,one_parent,7,False,2,96,-47.519685039370074,197
1260,one_parent,7,False,2,144,11.929133858267704,184
1261,one_parent,7,False,2,147,10.551181102362193,178
1262,one_parent,7,True,3,1218,1433.0494323199728,13,14406,20321.8743829738,64
1263,one_parent,7,False,2,375,323.13759508874926,97
1264,one_parent,7,False,2,348,130.3496596823702,152
1265,one_parent,7,False,2,375,323.13759508874926,54
1266,one_parent,7,False,5,1218,1433.0494323199728,8,14406,20321.8743829738,5,2991,4094.85274921461,36,1500,1838.083815260601,55
1267,one_parent,7,False,2,210,-35.07874015748031,167
1268,one_parent,7,False,2,375,323.13759508874926,49
1269,one_parent,7,False,3,4530,6478.412415549271,0,11877,17772.732858506908,81
1270,one_parent,7,False,4,1218,1433.0494323199728,27,14406,20321.8743829738,39,2991,4094.85274921461,75
1271,one_parent,7,False,4,1218,1433.0494323199728,14,14406,20321.8743829738,15,2991,4094.85274921461,91
1272,one_parent,7,False,2,144,11.929133858267704,179
1273,one_parent,7,False,2,375,323.13759508874926,113
1274,one_parent,7,False,2,375,323.13759508874926,100
1275,one_parent,7,False,2,375,323.13759508874926,121
1276,one_parent,7,False,4,1218,1433.0494323199728,6,14406,20321.8743829738,6,2991,4094.85274921461,49
1277,one_parent,7,False,2,375,323.13759508874926,95
1278,one_parent,7,False,2,375,323.13759508874926,46
1279,one_parent,7,False,2,375,323.13759508874926,119
1280,one_parent,7,False,2,375,323.13759508874926,114
1281,one_parent,7,False,2,375,323.13759508874926,105
1282,one_parent,7,False,2,96,-47.519685039370074,198
1283,one_parent,7,False,2,375,323.13759508874926,94
1284,one_parent,7,False,2,225,178.22834645669292,161
1285,one_parent,7,False,3,801,890.2037185488924,32,6111,9028.667014223607,132
1286,one_parent,7,False,2,375,323.13759508874926,116
1287,one_parent,7,False,2,375,323.13759508874926,70
1288,one_parent,7,False,2,144,11.929133858267704,181
1289,one_parent,7,False,2,375,323.13759508874926,108
1290,one_parent,7,False,2,96,-47.519685039370074,189
1291,one_parent,7,False,2,96,-47.519685039370074,194
1292,one_parent,7,False,2,207,-66.02362204724409,174
1293,one_parent,7,False,2,141,-59.17322834645669,187
1294,one_parent,7,False,2,375,323.13759508874926,109
1295,one_parent,7,False,2,210,105.15748031496057,162
1296,one_parent,7,False,2,234,127.26377952755902,158
1297,one_parent,7,True,3,1218,1433.0494323199728,9,14406,20321.8743829738,63
1298,one_parent,7,False,4,1218,1433.0494323199728,25,14406,20321.8743829738,10,2991,4094.85274921461,63
1299,one_parent,7,False,2,207,-60.590551181102356,173
1300,one_parent,7,False,2,375,323.13759508874926,112
1301,one_parent,7,False,3,801,890.2037185488924,33,1791,2455.789470621341,134
1302,one_parent,7,False,3,801,921.173082085839,31,639,791.2184338898372,149
1303,one_parent,7,False,2,375,323.13759508874926,81
1304,one_parent,7,False,4,1218,1433.0494323199728,15,14406,20321.8743829738,33,2991,4094.85274921461,87
1305,one_parent,7,False,2,375,323.13759508874926,60
1306,one_parent,7,False,2,375,323.13759508874926,44
1307,one_parent,7,False,2,375,323.13759508874926,103
1308,one_parent,7,True,3,1218,1433.0494323199728,5,14406,20321.8743829738,53
1309,one_parent,7,False,3,378,342.13065527825955,38,525,612.7846288483556,159
1310,one_parent,7,True,3,1218,1433.0494323199728,10,14406,20321.8743829738,48
1311,one_parent,7,False,2,375,323.13759508874926,86
1312,one_parent,7,False,3,669,694.0538215477875,35,642,698.1714266796401,146
1313,one_parent,7,False,4,1218,1433.0494323199728,17,14406,20321.8743829738,13,2991,4094.85274921461,58
1314,one_parent,7,False,2,375,323.13759508874926,48
1315,one_parent,7,False,2,375,323.13759508874926,80
1316,one_parent,7,False,2,144,11.929133858267704,182
1317,one_parent,7,False,2,375,323.13759508874926,99
1318,one_parent,7,False,5,1218,1433.0494323199728,12,14406,20321.8743829738,0,2991,4094.85274921461,13,1500,1838.083815260601,43
1319,one_parent,7,False,2,375,323.13759508874926,66
1320,one_parent,8,False,2,216,128.4099264705882,169
1321,one_parent,8,False,3,14406,20321.8743829738,11,2991,4094.85274921461,127
1322,one_parent,8,False,3,14406,20321.8743829738,34,2991,4094.85274921461,109
1323,one_parent,8,False,2,11877,17772.732858506908,82
1324,one_parent,8,False,2,144,49.19117647058823,180
1325,one_parent,8,False,2,9198,13287.8197053266,113
1326,one_parent,8,False,2,642,700.6986481262508,145
1327,one_parent,8,False,2,11877,17772.732858506908,91
1328,one_parent,8,False,2,11877,17772.732858506908,98
1329,one_parent,8,False,2,11877,17772.732858506908,104
1330,one_parent,8,False,2,11871,17869.173741971987,108
1331,one_parent,8,True,2,14406,20321.8743829738,58
1332,one_parent,8,False,2,213,97.97794117647058,171
1333,one_parent,8,False,2,11877,17772.732858506908,90
1334,one_parent,8,False,2,9198,13287.8197053266,129
1335,one_parent,8,False,2,144,49.19117647058823,176
1336,one_parent,8,False,2,144,49.19117647058823,177
1337,one_parent,8,True,2,14406,20321.8743829738,42
1338,one_parent,8,False,2,642,697.9559811463243,147
1339,one_parent,8,False,2,1080,1449.0521565241231,138
1340,one_parent,8,False,2,711,820.9064796898382,142
1341,one_parent,8,False,2,9198,13287.8197053266,109
1342,one_parent,8,False,3,14406,20321.8743829738,2,2991,4094.85274921461,131
1343,one_parent,8,False,3,14406,20321.8743829738,37,2991,4094.85274921461,55
1344,one_parent,8,False,2,639,784.4076856570349,150
1345,one_parent,8,False,2,11877,17772.732858506908,79
1346,one_parent,8,False,3,14406,20321.8743829738,4,2991,4094.85274921461,137
1347,one_parent,8,False,2,11877,17772.732858506908,92
1348,one_parent,8,False,2,96,-12.555147058823522,197
1349,one_parent,8,False,2,795,1016.8273363329326,141
1350,one_parent,8,False,2,159,60.294117647058826,174
1351,one_parent,8,False,3,14406,20321.8743829738,20,2991,4094.85274921461,128
1352,one_parent,8,False,3,14406,20321.8743829738,35,2991,4094.85274921461,50
1353,one_parent,8,False,2,11877,17772.732858506908,76
1354,one_parent,8,False,2,9198,13287.8197053266,114
1355,one_parent,8,False,2,144,49.19117647058823,182
1356,one_parent,8,False,2,225,152.17830882352942,168
1357,one_parent,8,False,2,144,49.19117647058823,181
1358,one_parent,8,False,2,12741,18794.880292924285,73
1359,one_parent,8,True,2,14406,20321.8743829738,66
1360,one_parent,8,False,5,14406,20321.8743829738,17,2991,4094.85274921461,8,1500,1838.083815260601,2,528,594.6252245694354,140
1361,one_parent,8,False,2,11877,17772.732858506908,75
1362,one_parent,8,True,2,14406,20321.8743829738,71
1363,one_parent,8,False,2,351,291.68843624406276,166
1364,one_parent,8,False,2,11877,17772.732858506908,97
1365,one_parent,8,False,2,11877,17772.732858506908,100
1366,one_parent,8,True,2,14406,20321.8743829738,62
1367,one_parent,8,False,2,11877,17772.732858506908,85
1368,one_parent,8,False,2,96,-12.555147058823522,191
1369,one_parent,8,False,2,9198,13287.8197053266,115
1370,one_parent,8,False,2,147,51.10294117647058,175
1371,one_parent,8,False,2,144,49.19117647058823,179
1372,one_parent,8,False,2,9198,13287.8197053266,122
1373,one_parent,8,False,2,9198,13287.8197053266,120
1374,one_parent,8,False,2,96,-12.555147058823522,183
1375,one_parent,8,False,2,387,348.4513153087323,161
1376,one_parent,8,False,2,96,-12.555147058823522,199
1377,one_parent,8,False,2,96,-12.555147058823522,192
1378,one_parent,8,False,2,144,49.19117647058823,178
1379,one_parent,8,False,2,11877,17772.732858506908,105
1380,one_parent,8,False,2,9198,13287.8197053266,121
1381,one_parent,8,False,2,11877,17772.732858506908,96
1382,one_parent,8,False,3,14406,20321.8743829738,25,2991,4094.85274921461,84
1383,one_parent,8,False,2,639,735.1820091325592,152
1384,one_parent,8,False,2,11877,17772.732858506908,99
1385,one_parent,8,True,2,14406,20321.8743829738,41
1386,one_parent,8,True,2,14406,20321.8743829738,50
1387,one_parent,8,False,2,798,1020.5559012421595,140
1388,one_parent,8,False,2,11877,17772.732858506908,93
1389,one_parent,8,False,5,14406,20321.8743829738,31,2991,4094.85274921461,22,1500,1838.083815260601,24,528,594.6252245694354,147
1390,one_parent,8,False,2,9198,13287.8197053266,116
1391,one_parent,8,False,2,96,-12.555147058823522,189
1392,one_parent,8,False,2,9198,13287.8197053266,124
1393,one_parent,8,False,3,14406,20321.8743829738,30,2991,4094.85274921461,129
1394,one_parent,8,True,2,14406,20321.8743829738,56
1395,one_parent,8,False,5,14406,20321.8743829738,3,2991,4094.85274921461,38,1500,1838.083815260601,12,528,594.6252245694354,141
1396,one_parent,8,False,2,11877,17772.732858506908,102
1397,one_parent,8,False,2,213,108.24448529411771,170
1398,one_parent,8,False,2,648,827.3645959771028,144
1399,one_parent,8,False,2,9198,13287.8197053266,110
1400,one_parent,8,False,2,639,749.420374014168,151
1401,one_parent,8,False,2,11877,17772.732858506908,89
1402,one_parent,8,True,2,14406,20321.8743829738,54
1403,one_parent,8,False,2,639,733.7948231980622,153
1404,one_parent,8,False,2,96,-12.555147058823522,190
1405,one_parent,8,True,2,14406,20321.8743829738,68
1406,one_parent,8,False,2,1131,1362.4800193208641,136
1407,one_parent,8,False,5,14406,20321.8743829738,26,2991,4094.85274921461,20,1500,1838.083815260601,11,528,594.6252245694354,142
1408,one_parent,8,False,2,9198,13287.8197053266,118
1409,one_parent,8,False,2,384,340.1578484654733,163
1410,one_parent,8,False,2,96,-12.555147058823522,196
1411,one_parent,8,False,2,11877,17772.732858506908,101
1412,one_parent,8,False,3,14406,20321.8743829738,1,2991,4094.85274921461,103
1413,one_parent,8,False,3,14406,20321.8743829738,18,2991,4094.85274921461,99
1414,one_parent,8,False,2,11877,17772.732858506908,87
1415,one_parent,8,False,2,11877,17772.732858506908,84
1416,one_parent,8,False,2,11877,17772.732858506908,80
1417,one_parent,8,False,3,14406,20321.8743829738,19,2991,4094.85274921461,54
1418,one_parent,8,True,2,14406,20321.8743829738,44
1419,one_parent,8,False,3,14406,20321.8743829738,12,2991,4094.85274921461,80
1420,one_parent,8,False,2,11877,17772.732858506908,88
1421,one_parent,8,False,2,384,374.8506576543658,162
1422,one_parent,8,False,2,801,1029.699684464168,139
1423,one_parent,8,False,2,9198,13287.8197053266,127
1424,one_parent,8,False,2,11877,17772.732858506908,86
1425,one_parent,8,False,2,9198,13287.8197053266,128
1426,one_parent,8,False,3,14406,20321.8743829738,32,2991,4094.85274921461,81
1427,one_parent,8,False,3,14406,20321.8743829738,29,2991,4094.85274921461,96
1428,one_parent,8,False,2,11877,17772.732858506908,107
1429,one_parent,8,True,2,14406,20321.8743829738,43
1430,one_parent,8,False,2,12033,17941.446120422785,74
1431,one_parent,8,False,2,96,-12.555147058823522,188
1432,one_parent,8,False,2,96,-12.555147058823522,195
1433,one_parent,8,True,2,14406,20321.8743829738,60
1434,one_parent,8,False,2,9198,13287.8197053266,126
1435,one_parent,8,False,2,9198,13287.8197053266,123
1436,one_parent,8,False,2,96,-12.555147058823522,185
1437,one_parent,8,False,3,14406,20321.8743829738,36,2991,4094.85274921461,77
1438,one_parent,8,False,2,11877,17772.732858506908,106
1439,one_parent,8,False,2,390,402.21187659846544,160
1440,one_parent,8,False,2,96,-12.555147058823522,186
1441,one_parent,8,False,2,186,88.03308823529412,173
1442,one_parent,8,False,4,14406,20321.8743829738,28,2991,4094.85274921461,18,1500,1838.083815260601,59
1443,one_parent,8,True,2,14406,20321.8743829738,49
1444,one_parent,8,False,2,96,-12.555147058823522,187
1445,one_parent,8,False,2,11877,17772.732858506908,77
1446,one_parent,8,False,2,11877,17772.732858506908,83
1447,one_parent,8,False,2,666,785.530854396516,143
1448,one_parent,8,True,2,14406,20321.8743829738,69
1449,one_parent,8,True,2,14406,20321.8743829738,57
1450,one_parent,8,False,2,11877,17772.732858506908,78
1451,one_parent,8,False,2,11877,17772.732858506908,103
1452,one_parent,8,False,2,639,796.7362858255004,148
1453,one_parent,8,False,2,1791,2515.9640434928124,133
1454,one_parent,8,False,2,9198,13287.8197053266,112
1455,one_parent,8,False,2,639,715.8868483267419,155
1456,one_parent,8,True,2,14406,20321.8743829738,40
1457,one_parent,8,False,5,14406,20321.8743829738,38,2991,4094.85274921461,40,1500,1838.083815260601,21,528,594.6252245694354,115
1458,one_parent,8,False,2,354,237.5545761782975,165
1459,one_parent,8,False,2,9198,13287.8197053266,119
1460,one_parent,8,False,2,6114,9049.19016009955,131
1461,one_parent,8,False,2,96,-12.555147058823522,194
1462,one_parent,8,False,2,11877,17772.732858506908,94
1463,one_parent,8,False,2,639,711.9758108127733,156
1464,one_parent,8,True,2,14406,20321.8743829738,55
1465,one_parent,8,False,2,639,729.1612917110637,154
1466,one_parent,8,False,3,14406,20321.8743829738,14,2991,4094.85274921461,68
1467,one_parent,8,False,2,11877,17772.732858506908,95
1468,one_parent,8,False,2,282,217.92279411764702,167
1469,one_parent,8,False,2,96,-12.555147058823522,198
1470,one_parent,8,False,2,381,330.095736664231,164
1471,one_parent,8,True,2,14406,20321.8743829738,45
1472,one_parent,8,False,2,201,92.95955882352942,172
1473,one_parent,8,False,2,9198,13287.8197053266,111
1474,one_parent,8,False,2,9198,13287.8197053266,117
1475,one_parent,8,False,2,96,-12.555147058823522,193
1476,one_parent,8,False,3,14406,20321.8743829738,21,2991,4094.85274921461,133
1477,one_parent,8,True,2,14406,20321.8743829738,51
1478,one_parent,8,False,2,96,-12.555147058823522,184
1479,one_parent,8,True,2,14406,20321.8743829738,47
1480,one_parent,9,False,2,2991,4094.85274921461,105
1481,one_parent,9,False,2,2991,4094.85274921461,73
1482,one_parent,9,False,2,2991,4094.85274921461,82
1483,one_parent,9,False,2,144,-33.571428571428584,181
1484,one_parent,9,False,2,2991,4094.85274921461,89
1485,one_parent,9,False,2,2991,4094.85274921461,66
1486,one_parent,9,False,2,210,-108.35714285714288,167
1487,one_parent,9,False,2,186,26.738095238095212,175
1488,one_parent,9,False,3,2991,4094.85274921461,35,1500,1838.083815260601,49
1489,one_parent,9,False,2,96,-35.57142857142857,198
1490,one_parent,9,False,2,96,-35.57142857142857,194
1491,one_parent,9,False,2,210,-3.761904761904759,165
1492,one_parent,9,False,2,96,-35.57142857142857,196
1493,one_parent,9,False,2,2991,4094.85274921461,140
1494,one_parent,9,False,2,210,0.7142857142857153,163
1495,one_parent,9,False,2,2991,4094.85274921461,142
1496,one_parent,9,False,2,2991,4094.85274921461,47
1497,one_parent,9,False,2,96,-35.57142857142857,190
1498,one_parent,9,False,2,1359,1758.8332985133318,152
1499,one_parent,9,False,2,2991,4094.85274921461,132
1500,one_parent,9,False,2,2991,4094.85274921461,56
1501,one_parent,9,False,4,2991,4094.85274921461,27,1500,1838.083815260601,18,528,594.6252245694354,109
1502,one_parent,9,False,2,2991,4094.85274921461,69
1503,one_parent,9,False,2,1392,1970.2124254271948,150
1504,one_parent,9,False,2,2991,4094.85274921461,93
1505,one_parent,9,False,2,2991,4094.85274921461,101
1506,one_parent,9,False,2,162,-60.14285714285715,177
1507,one_parent,9,False,2,144,-33.571428571428584,182
1508,one_parent,9,False,4,2991,4094.85274921461,25,1500,1838.083815260601,5,528,594.6252245694354,119
1509,one_parent,9,False,2,2991,4094.85274921461,126
1510,one_parent,9,False,2,2991,4094.85274921461,145
1511,one_parent,9,False,2,159,-55.50000000000001,178
1512,one_parent,9,False,2,237,206.71428571428572,157
1513,one_parent,9,False,3,6270,8996.986541206952,0,927,1164.5777805611867,95
1514,one_parent,9,False,3,2991,4094.85274921461,9,1500,1838.083815260601,58
1515,one_parent,9,False,3,2991,4094.85274921461,10,1500,1838.083815260601,62
1516,one_parent,9,False,2,2991,4094.85274921461,124
1517,one_parent,9,False,2,2991,4094.85274921461,86
1518,one_parent,9,False,2,2991,4094.85274921461,98
1519,one_parent,9,False,2,2991,4094.85274921461,59
1520,one_parent,9,False,2,2991,4094.85274921461,85
1521,one_parent,9,False,2,3021,4085.193318030288,4
1522,one_parent,9,False,2,2991,4094.85274921461,130
1523,one_parent,9,False,2,2988,3927.1807149427104,147
1524,one_parent,9,False,2,2991,4094.85274921461,120
1525,one_parent,9,False,2,2991,4094.85274921461,115
1526,one_parent,9,False,2,210,-26.428571428571434,166
1527,one_parent,9,False,3,2991,4094.85274921461,28,1500,1838.083815260601,63
1528,one_parent,9,False,2,2991,4094.85274921461,112
1529,one_parent,9,False,2,210,14.214285714285708,160
1530,one_parent,9,False,2,96,-35.57142857142857,197
1531,one_parent,9,False,2,2991,4094.85274921461,60
1532,one_parent,9,False,2,207,51.714285714285694,172
1533,one_parent,9,False,2,2991,4094.85274921461,67
1534,one_parent,9,False,2,2991,4094.85274921461,135
1535,one_parent,9,False,2,2991,4094.85274921461,71
1536,one_parent,9,False,4,2991,4094.85274921461,37,1500,1838.083815260601,30,528,594.6252245694354,88
1537,one_parent,9,False,4,2991,4094.85274921461,34,1500,1838.083815260601,26,528,594.6252245694354,105
1538,one_parent,9,False,3,2991,4094.85274921461,33,1500,1838.083815260601,60
1539,one_parent,9,False,2,96,-35.57142857142857,195
1540,one_parent,9,False,2,2991,4094.85274921461,44
1541,one_parent,9,False,4,2991,4094.85274921461,11,1500,1838.083815260601,3,528,594.6252245694354,149
1542,one_parent,9,False,2,96,-35.57142857142857,183
1543,one_parent,9,False,2,207,58.21428571428572,171
1544,one_parent,9,False,2,2991,4094.85274921461,43
1545,one_parent,9,False,2,2991,4094.85274921461,41
1546,one_parent,9,False,2,243,162.1428571428572,155
1547,one_parent,9,False,2,96,-35.57142857142857,191
1548,one_parent,9,False,2,2991,4094.85274921461,117
1549,one_parent,9,False,2,246,188.99999999999997,154
1550,one_parent,9,False,2,2991,4094.85274921461,61
1551,one_parent,9,False,2,2991,4094.85274921461,122
1552,one_parent,9,False,2,2991,4094.85274921461,134
1553,one_parent,9,False,3,2991,4094.85274921461,32,1500,1838.083815260601,54
1554,one_parent,9,False,2,2991,4094.85274921461,106
1555,one_parent,9,False,2,2991,4094.85274921461,113
1556,one_parent,9,False,3,2991,4094.85274921461,6,1500,1838.083815260601,51
1557,one_parent,9,False,3,2991,4094.85274921461,39,1500,1838.083815260601,57
1558,one_parent,9,False,2,2991,4094.85274921461,143
1559,one_parent,9,False,2,2991,4094.85274921461,121
1560,one_parent,9,False,2,96,-35.57142857142857,193
1561,one_parent,9,False,2,96,-35.57142857142857,188
1562,one_parent,9,False,4,2991,4094.85274921461,21,1500,1838.083815260601,33,528,594.6252245694354,112
1563,one_parent,9,False,2,2991,4094.85274921461,104
1564,one_parent,9,False,2,210,0.7142857142857153,162
1565,one_parent,9,False,2,2991,4094.85274921461,90
1566,one_parent,9,False,2,2991,4094.85274921461,111
1567,one_parent,9,False,2,2991,4094.85274921461,108
1568,one_parent,9,False,2,2991,4094.85274921461,139
1569,one_parent,9,False,2,2991,4094.85274921461,102
1570,one_parent,9,False,4,2991,4094.85274921461,19,1500,1838.083815260601,19,528,594.6252245694354,161
1571,one_parent,9,False,2,243,143.28571428571422,156
1572,one_parent,9,False,4,2991,4094.85274921461,16,1500,1838.083815260601,8,528,594.6252245694354,118
1573,one_parent,9,False,4,2991,4094.85274921461,12,1500,1838.083815260601,28,528,594.6252245694354,123
1574,one_parent,9,False,2,210,-3.761904761904759,164
1575,one_parent,9,False,2,2991,4094.85274921461,119
1576,one_parent,9,False,2,210,2.6666666666666785,161
1577,one_parent,9,False,3,2991,4094.85274921461,29,1500,1838.083815260601,61
1578,one_parent,9,False,2,207,116.92857142857142,168
1579,one_parent,9,False,2,2991,4094.85274921461,46
1580,one_parent,9,False,4,2991,4094.85274921461,30,1500,1838.083815260601,9,528,594.6252245694354,116
1581,one_parent,9,False,2,2991,4094.85274921461,57
1582,one_parent,9,False,2,156,-47.85714285714286,179
1583,one_parent,9,False,2,210,29.92857142857143,159
1584,one_parent,9,False,2,2991,4094.85274921461,144
1585,one_parent,9,False,2,2991,4094.85274921461,125
1586,one_parent,9,False,2,96,-35.57142857142857,189
1587,one_parent,9,False,2,96,-35.57142857142857,184
1588,one_parent,9,False,2,96,-35.57142857142857,199
1589,one_parent,9,False,2,1857,2377.6871030247707,149
1590,one_parent,9,False,2,2991,4094.85274921461,65
1591,one_parent,9,False,2,2991,4094.85274921461,107
1592,one_parent,9,False,2,2991,4094.85274921461,141
1593,one_parent,9,False,2,2991,4094.85274921461,110
1594,one_parent,9,False,4,2991,4094.85274921461,17,1500,1838.083815260601,36,528,594.6252245694354,103
1595,one_parent,9,False,2,2991,4094.85274921461,88
1596,one_parent,9,False,2,2991,4094.85274921461,94
1597,one_parent,9,False,3,2991,4094.85274921461,31,1500,1838.083815260601,40
1598,one_parent,9,False,2,2991,4094.85274921461,64
1599,one_parent,9,False,2,2991,4094.85274921461,45
1600,one_parent,9,False,2,2991,4094.85274921461,62
1601,one_parent,9,False,2,213,86.49999999999997,158
1602,one_parent,9,False,2,2991,4094.85274921461,83
1603,one_parent,9,False,2,2991,4094.85274921461,95
1604,one_parent,9,False,2,207,58.21428571428572,170
1605,one_parent,9,False,4,2991,4094.85274921461,23,1500,1838.083815260601,17,528,594.6252245694354,94
1606,one_parent,9,False,2,156,-50.85714285714287,180
1607,one_parent,9,False,2,2367,3044.3206828260577,148
1608,one_parent,9,False,2,207,36.92857142857143,174
1609,one_parent,9,False,2,2991,4094.85274921461,138
1610,one_parent,9,False,2,207,43.357142857142875,173
1611,one_parent,9,False,2,162,-51.428571428571445,176
1612,one_parent,9,False,4,2991,4094.85274921461,5,1500,1838.083815260601,20,528,594.6252245694354,136
1613,one_parent,9,False,3,3534,5198.061500049187,2,666,819.0203544061309,135
1614,one_parent,9,False,2,1383,1834.7295686758803,151
1615,one_parent,9,False,2,207,105.5,169
1616,one_parent,9,False,2,96,-35.57142857142857,187
1617,one_parent,9,False,3,4251,6118.785660846133,1,927,1175.8540112101318,76
1618,one_parent,9,False,4,2991,4094.85274921461,14,1500,1838.083815260601,22,528,594.6252245694354,162
1619,one_parent,9,False,2,2991,4094.85274921461,136
1620,one_parent,9,False,2,2991,4094.85274921461,114
1621,one_parent,9,False,4,2991,4094.85274921461,24,1500,1838.083815260601,31,528,594.6252245694354,102
1622,one_parent,9,False,2,96,-35.57142857142857,192
1623,one_parent,9,False,2,2991,4094.85274921461,72
1624,one_parent,9,False,2,2991,4094.85274921461,92
1625,one_parent,9,False,2,2991,4094.85274921461,79
1626,one_parent,9,False,2,96,-35.57142857142857,185
1627,one_parent,9,False,2,942,1144.170370128901,153
1628,one_parent,9,False,3,3531,5130.812586584914,3,663,811.8487510310903,152
1629,one_parent,9,False,2,2991,4094.85274921461,76
1630,one_parent,9,False,2,2991,4094.85274921461,97
1631,one_parent,9,False,2,2991,4094.85274921461,78
1632,one_parent,9,False,2,2991,4094.85274921461,53
1633,one_parent,9,False,2,2991,4094.85274921461,100
1634,one_parent,9,False,2,2991,4094.85274921461,52
1635,one_parent,9,False,2,2991,4094.85274921461,74
1636,one_parent,9,False,2,96,-35.57142857142857,186
1637,one_parent,9,False,2,2991,4094.85274921461,48
1638,one_parent,9,False,3,2991,4094.85274921461,15,1500,1838.083815260601,50
1639,one_parent,9,False,4,2991,4094.85274921461,7,1500,1838.083815260601,37,528,594.6252245694354,97
1640,one_parent,10,False,2,96,-19.26056338028169,191
1641,one_parent,10,False,2,927,1164.5777805611867,109
1642,one_parent,10,False,2,927,1175.8540112101318,85
1643,one_parent,10,False,3,1500,1838.083815260601,38,528,594.6252245694354,113
1644,one_parent,10,False,2,927,1164.5777805611867,108
1645,one_parent,10,False,2,666,819.0203544061309,125
1646,one_parent,10,False,2,204,59.11971830985915,171
1647,one_parent,10,False,2,207,13.679577464788693,167
1648,one_parent,10,False,2,1500,1838.083815260601,64
1649,one_parent,10,False,2,96,-19.26056338028169,189
1650,one_parent,10,False,2,663,827.5716533877597,140
1651,one_parent,10,False,2,207,-0.36971830985917364,168
1652,one_parent,10,False,2,663,811.8487510310903,148
1653,one_parent,10,False,2,96,-19.26056338028169,198
1654,one_parent,10,False,2,96,-19.26056338028169,181
1655,one_parent,10,False,3,1500,1838.083815260601,4,528,594.6252245694354,158
1656,one_parent,10,False,3,1500,1838.083815260601,27,528,594.6252245694354,108
1657,one_parent,10,False,2,96,-19.26056338028169,179
1658,one_parent,10,False,2,927,1164.5777805611867,105
1659,one_parent,10,False,3,1500,1838.083815260601,34,528,594.6252245694354,157
1660,one_parent,10,False,3,1500,1838.083815260601,6,528,594.6252245694354,93
1661,one_parent,10,False,2,927,1164.5777805611867,107
1662,one_parent,10,False,2,927,1164.5777805611867,119
1663,one_parent,10,False,2,927,1175.8540112101318,84
1664,one_parent,10,False,3,1536,1911.8855887059833,1,537,582.3960698874498,80
1665,one_parent,10,False,2,927,1164.5777805611867,106
1666,one_parent,10,False,2,96,-19.26056338028169,192
1667,one_parent,10,False,3,1500,1838.083815260601,35,528,594.6252245694354,153
1668,one_parent,10,False,2,927,1175.8540112101318,72
1669,one_parent,10,False,2,927,1177.6553259066511,66
1670,one_parent,10,False,3,1500,1838.083815260601,16,528,594.6252245694354,83
1671,one_parent,10,False,2,927,1164.5777805611867,104
1672,one_parent,10,False,2,1500,1838.083815260601,42
1673,one_parent,10,False,2,660,793.160297994866,157
1674,one_parent,10,False,2,927,1175.8540112101318,79
1675,one_parent,10,False,2,927,1164.5777805611867,112
1676,one_parent,10,False,2,96,-19.26056338028169,185
1677,one_parent,10,False,2,927,1175.2519410606067,87
1678,one_parent,10,False,2,144,-8.873239436619713,176
1679,one_parent,10,False,2,210,27.975352112676077,161
1680,one_parent,10,False,2,927,1175.8540112101318,80
1681,one_parent,10,False,2,927,1175.8540112101318,75
1682,one_parent,10,False,2,927,1175.8540112101318,81
1683,one_parent,10,False,2,663,811.8487510310903,153
1684,one_parent,10,False,2,927,1164.5777805611867,120
1685,one_parent,10,False,2,927,1164.5777805611867,94
1686,one_parent,10,False,2,663,811.8487510310903,149
1687,one_parent,10,False,2,210,110.36971830985914,160
1688,one_parent,10,False,2,189,-29.7887323943662,174
1689,one_parent,10,False,2,927,1164.5777805611867,115
1690,one_parent,10,False,2,666,819.0203544061309,127
1691,one_parent,10,False,2,663,829.5146125796932,139
1692,one_parent,10,False,2,663,811.8487510310903,144
1693,one_parent,10,False,3,1500,1838.083815260601,29,528,594.6252245694354,143
1694,one_parent,10,False,2,927,1175.8540112101318,69
1695,one_parent,10,False,3,1500,1838.083815260601,32,528,594.6252245694354,104
1696,one_parent,10,False,2,927,1175.8540112101318,77
1697,one_parent,10,False,2,927,1164.5777805611867,89
1698,one_parent,10,False,2,96,-19.26056338028169,193
1699,one_parent,10,False,2,639,785.9212086696425,158
1700,one_parent,10,False,2,666,819.0203544061309,126
1701,one_parent,10,False,2,927,1175.8540112101318,83
1702,one_parent,10,False,2,1500,1838.083815260601,48
1703,one_parent,10,False,2,927,1164.5777805611867,116
1704,one_parent,10,False,2,666,819.0203544061309,133
1705,one_parent,10,False,2,96,-19.26056338028169,188
1706,one_parent,10,False,2,210,110.36971830985914,159
1707,one_parent,10,False,2,1392,1661.627012050089,65
1708,one_parent,10,False,3,1500,1838.083815260601,13,528,594.6252245694354,101
1709,one_parent,10,False,2,96,-19.26056338028169,197
1710,one_parent,10,False,2,96,-19.26056338028169,194
1711,one_parent,10,False,3,1500,1838.083815260601,39,528,594.6252245694354,91
1712,one_parent,10,False,2,96,-19.26056338028169,190
1713,one_parent,10,False,2,663,811.8487510310903,147
1714,one_parent,10,False,2,927,1175.8540112101318,68
1715,one_parent,10,False,2,927,1164.5777805611867,103
1716,one_parent,10,False,2,927,1164.5777805611867,101
1717,one_parent,10,False,2,927,1175.8540112101318,70
1718,one_parent,10,False,2,927,1164.5777805611867,102
1719,one_parent,10,False,2,666,819.0203544061309,130
1720,one_parent,10,False,2,666,819.0203544061309,137
1721,one_parent,10,False,2,666,819.0203544061309,131
1722,one_parent,10,False,2,666,819.0203544061309,122
1723,one_parent,10,False,2,663,821.5936566718319,141
1724,one_parent,10,False,2,927,1164.5777805611867,117
1725,one_parent,10,False,2,204,47.429577464788736,172
1726,one_parent,10,False,2,927,1164.5777805611867,100
1727,one_parent,10,False,2,96,-19.26056338028169,180
1728,one_parent,10,False,2,1500,1838.083815260601,46
1729,one_parent,10,False,2,927,1164.5777805611867,92
1730,one_parent,10,False,2,663,816.7691252881265,142
1731,one_parent,10,False,2,204,59.11971830985915,170
1732,one_parent,10,False,3,1500,1838.083815260601,10,528,594.6252245694354,159
1733,one_parent,10,False,3,1500,1838.083815260601,23,528,594.6252245694354,155
1734,one_parent,10,False,2,1500,1838.083815260601,41
1735,one_parent,10,False,2,927,1175.8540112101318,82
1736,one_parent,10,False,2,207,78.22183098591546,164
1737,one_parent,10,False,2,927,1164.5777805611867,111
1738,one_parent,10,False,2,663,811.8487510310903,145
1739,one_parent,10,False,2,96,-19.26056338028169,187
1740,one_parent,10,False,2,663,811.8487510310903,143
1741,one_parent,10,False,2,927,1164.5777805611867,118
1742,one_parent,10,False,2,663,845.5341594586682,138
1743,one_parent,10,False,2,927,1164.5777805611867,90
1744,one_parent,10,False,2,663,811.8487510310903,146
1745,one_parent,10,False,2,927,1164.5777805611867,110
1746,one_parent,10,False,2,666,819.0203544061309,123
1747,one_parent,10,False,3,1500,1838.083815260601,7,528,594.6252245694354,106
1748,one_parent,10,False,2,1500,1838.083815260601,56
1749,one_parent,10,False,2,204,65.88028169014085,169
1750,one_parent,10,False,2,666,819.0203544061309,132
1751,one_parent,10,False,2,666,819.0203544061309,136
1752,one_parent,10,False,2,144,-8.873239436619713,177
1753,one_parent,10,False,5,1551,1954.6872932168883,0,13608,20063.958069571236,2,10431,15459.636018118617,54,3813,5396.599372692077,87
1754,one_parent,10,False,2,1500,1838.083815260601,44
1755,one_parent,10,False,2,201,-34.08450704225351,173
1756,one_parent,10,False,2,666,819.0203544061309,129
1757,one_parent,10,False,2,96,-19.26056338028169,182
1758,one_parent,10,False,2,96,-19.26056338028169,196
1759,one_parent,10,False,2,927,1164.5777805611867,98
1760,one_parent,10,False,2,927,1164.5777805611867,113
1761,one_parent,10,False,3,1500,1838.083815260601,14,528,594.6252245694354,95
1762,one_parent,10,False,2,927,1175.8540112101318,71
1763,one_parent,10,False,2,207,60.47535211267608,166
1764,one_parent,10,False,2,666,819.0203544061309,124
1765,one_parent,10,False,2,927,1164.5777805611867,96
1766,one_parent,10,False,2,1500,1838.083815260601,53
1767,one_parent,10,False,2,927,1175.8540112101318,86
1768,one_parent,10,False,2,666,819.0203544061309,134
1769,one_parent,10,False,2,927,1164.5777805611867,93
1770,one_parent,10,False,2,207,134.89436619718316,162
1771,one_parent,10,False,2,663,811.8487510310903,150
1772,one_parent,10,False,2,96,-19.26056338028169,183
1773,one_parent,10,False,2,144,-8.873239436619713,175
1774,one_parent,10,False,2,96,-19.26056338028169,178
1775,one_parent,10,False,2,663,811.8487510310903,151
1776,one_parent,10,False,2,927,1164.5777805611867,97
1777,one_parent,10,False,2,666,831.4824360916456,121
1778,one_parent,10,False,2,927,1164.5777805611867,88
1779,one_parent,10,False,2,96,-19.26056338028169,186
1780,one_parent,10,False,2,663,811.8487510310903,156
1781,one_parent,10,False,3,1500,1838.083815260601,25,528,594.6252245694354,124
1782,one_parent,10,False,3,1500,1838.083815260601,15,528,594.6252245694354,156
1783,one_parent,10,False,2,666,819.0203544061309,128
1784,one_parent,10,False,2,1500,1838.083815260601,47
1785,one_parent,10,False,2,927,1164.5777805611867,99
1786,one_parent,10,False,2,663,811.8487510310903,154
1787,one_parent,10,False,2,927,1164.5777805611867,114
1788,one_parent,10,False,2,663,811.8487510310903,155
1789,one_parent,10,False,2,927,1175.8540112101318,74
1790,one_parent,10,False,2,927,1175.8540112101318,67
1791,one_parent,10,False,2,927,1164.5777805611867,91
1792,one_parent,10,False,2,207,111.65492957746474,163
1793,one_parent,10,False,2,927,1175.8540112101318,78
1794,one_parent,10,False,2,96,-19.26056338028169,184
1795,one_parent,10,False,2,96,-19.26056338028169,199
1796,one_parent,10,False,2,927,1175.8540112101318,73
1797,one_parent,10,False,2,96,-19.26056338028169,195
1798,one_parent,10,False,2,1500,1838.083815260601,45
1799,one_parent,10,False,2,207,67.13028169014082,165
1800,one_parent,11,False,2,96,-14.790794979079493,185
1801,one_parent,11,False,2,378,345.21915749278975,167
1802,one_parent,11,False,2,537,582.3960698874498,58
1803,one_parent,11,False,2,528,594.6252245694354,128
1804,one_parent,11,False,2,642,663.5219812145725,45
1805,one_parent,11,False,2,1080,1410.6281422861293,42
1806,one_parent,11,False,2,528,594.6252245694354,120
1807,one_parent,11,False,3,13608,20063.958069571236,20,10431,15459.636018118617,118
1808,one_parent,11,False,3,14406,20629.723324820345,1,5571,8070.314125239269,154
1809,one_parent,11,False,2,528,594.6252245694354,86
1810,one_parent,11,False,2,528,594.6252245694354,125
1811,one_parent,11,False,2,528,594.6252245694354,122
1812,one_parent,11,False,2,96,-14.790794979079493,191
1813,one_parent,11,False,2,528,594.6252245694354,130
1814,one_parent,11,False,2,528,594.6252245694354,126
1815,one_parent,11,False,2,528,594.6252245694354,107
1816,one_parent,11,False,2,528,594.6252245694354,134
1817,one_parent,11,False,3,10719,16076.543634576456,36,5535,8157.576348003563,164
1818,one_parent,11,False,2,96,-14.790794979079493,190
1819,one_parent,11,False,2,210,90.60669456066947,172
1820,one_parent,11,False,2,96,-14.790794979079493,187
1821,one_parent,11,False,2,537,582.3960698874498,70
1822,one_parent,11,False,2,96,-14.790794979079493,194
1823,one_parent,11,False,2,528,594.6252245694354,160
1824,one_parent,11,False,4,13608,20063.958069571236,21,10431,15459.636018118617,46,3813,5396.599372692077,40
1825,one_parent,11,False,2,159,51.349372384937226,178
1826,one_parent,11,False,2,531,588.6064655686408,82
1827,one_parent,11,False,2,96,-14.790794979079493,193
1828,one_parent,11,False,2,378,390.4039383352968,166
1829,one_parent,11,False,2,96,-14.790794979079493,192
1830,one_parent,11,False,2,537,582.3960698874498,53
1831,one_parent,11,False,2,537,582.3960698874498,57
1832,one_parent,11,False,2,669,757.0544076652159,43
1833,one_parent,11,False,3,13608,20063.958069571236,33,10431,15459.636018118617,103
1834,one_parent,11,False,2,207,81.22384937238496,174
1835,one_parent,11,False,2,537,582.3960698874498,74
1836,one_parent,11,False,3,13608,20063.958069571236,9,10431,15459.636018118617,113
1837,one_parent,11,False,2,528,594.6252245694354,111
1838,one_parent,11,False,2,498,487.65248608685044,164
1839,one_parent,11,False,2,162,53.169456066945585,177
1840,one_parent,11,False,3,5406,8064.472803682232,39,5571,8244.882637252318,127
1841,one_parent,11,False,2,240,174.15271966527203,170
1842,one_parent,11,False,2,537,582.3960698874498,67
1843,one_parent,11,False,2,528,594.6252245694354,145
1844,one_parent,11,False,3,13608,20063.958069571236,22,10431,15459.636018118617,110
1845,one_parent,11,False,2,204,79.97907949790792,176
1846,one_parent,11,False,4,13608,20063.958069571236,17,10431,15459.636018118617,39,3813,5396.599372692077,91
1847,one_parent,11,False,2,537,582.3960698874498,71
1848,one_parent,11,False,3,13608,20063.958069571236,26,10431,15459.636018118617,96
1849,one_parent,11,False,2,537,582.3960698874498,63
1850,one_parent,11,False,2,537,582.3960698874498,60
1851,one_parent,11,False,2,528,594.6252245694354,137
1852,one_parent,11,False,2,528,594.6252245694354,148
1853,one_parent,11,False,2,96,-14.790794979079493,186
1854,one_parent,11,False,2,537,582.3960698874498,78
1855,one_parent,11,False,2,150,45.418410041841014,180
1856,one_parent,11,False,3,13608,20063.958069571236,4,10431,15459.636018118617,115
1857,one_parent,11,False,2,207,81.22384937238496,175
1858,one_parent,11,False,2,537,582.3960698874498,79
1859,one_parent,11,False,4,13608,20063.958069571236,24,10431,15459.636018118617,62,3813,5396.599372692077,47
1860,one_parent,11,False,2,537,582.3960698874498,54
1861,one_parent,11,False,2,537,582.3960698874498,55
1862,one_parent,11,False,4,13608,20063.958069571236,31,10431,15459.636018118617,36,3813,5396.599372692077,102
1863,one_parent,11,False,2,207,95.3765690376569,173
1864,one_parent,11,False,2,528,594.6252245694354,92
1865,one_parent,11,False,2,153,47.36401673640168,179
1866,one_parent,11,False,3,13608,20063.958069571236,28,10431,15459.636018118617,120
1867,one_parent,11,False,2,537,582.3960698874498,69
1868,one_parent,11,False,4,13608,20063.958069571236,3,10431,15459.636018118617,42,3813,5396.599372692077,57
1869,one_parent,11,False,2,528,594.6252245694354,84
1870,one_parent,11,False,3,13608,20063.958069571236,25,10431,15459.636018118617,98
1871,one_parent,11,False,3,13608,20063.958069571236,7,10431,15459.636018118617,77
1872,one_parent,11,False,2,528,594.6252245694354,117
1873,one_parent,11,False,3,13608,20063.958069571236,19,10431,15459.636018118617,95
1874,one_parent,11,False,2,528,594.6252245694354,150
1875,one_parent,11,False,2,528,594.6252245694354,110
1876,one_parent,11,False,4,13608,20063.958069571236,29,10431,15459.636018118617,52,3813,5396.599372692077,109
1877,one_parent,11,False,4,13608,20063.958069571236,14,10431,15459.636018118617,63,3813,5396.599372692077,88
1878,one_parent,11,False,2,528,594.6252245694354,99
1879,one_parent,11,False,2,528,594.6252245694354,87
1880,one_parent,11,False,2,537,582.3960698874498,56
1881,one_parent,11,False,4,13608,20063.958069571236,15,10431,15459.636018118617,59,3813,5396.599372692077,116
1882,one_parent,11,False,2,96,-14.790794979079493,198
1883,one_parent,11,False,2,537,582.3960698874498,64
1884,one_parent,11,False,3,13608,20063.958069571236,32,10431,15459.636018118617,87
1885,one_parent,11,False,3,10722,15848.722345163804,35,5553,8071.185348385043,159
1886,one_parent,11,False,2,96,-14.790794979079493,199
1887,one_parent,11,False,2,528,594.6252245694354,151
1888,one_parent,11,False,3,13605,20011.889390142696,34,7125,10321.884697006766,126
1889,one_parent,11,False,2,555,580.6200139360817,52
1890,one_parent,11,False,2,537,582.3960698874498,76
1891,one_parent,11,False,3,13608,20063.958069571236,10,10431,15459.636018118617,97
1892,one_parent,11,False,2,537,582.3960698874498,65
1893,one_parent,11,False,2,528,594.6252245694354,146
1894,one_parent,11,False,2,528,594.6252245694354,163
1895,one_parent,11,False,2,96,-14.790794979079493,182
1896,one_parent,11,False,2,537,582.3960698874498,72
1897,one_parent,11,False,2,528,594.6252245694354,152
1898,one_parent,11,False,2,528,594.6252245694354,129
1899,one_parent,11,False,2,96,-14.790794979079493,189
1900,one_parent,11,False,3,5409,7971.067693291593,38,5568,8113.585795775565,156
1901,one_parent,11,False,2,528,594.6252245694354,135
1902,one_parent,11,False,2,639,734.2460950082628,47
1903,one_parent,11,False,2,213,112.42677824267787,171
1904,one_parent,11,False,2,639,741.7082999788535,46
1905,one_parent,11,False,2,528,594.6252245694354,121
1906,one_parent,11,False,4,13608,20063.958069571236,8,10431,15459.636018118617,57,3813,5396.599372692077,97
1907,one_parent,11,False,2,537,582.3960698874498,61
1908,one_parent,11,False,2,528,594.6252245694354,85
1909,one_parent,11,False,3,13608,20063.958069571236,27,10431,15459.636018118617,81
1910,one_parent,11,False,2,639,662.7162840207808,50
1911,one_parent,11,False,2,666,818.4191036366504,44
1912,one_parent,11,False,4,13608,20063.958069571236,16,10431,15459.636018118617,70,3813,5396.599372692077,105
1913,one_parent,11,False,2,96,-14.790794979079493,197
1914,one_parent,11,False,2,528,594.6252245694354,154
1915,one_parent,11,False,2,528,594.6252245694354,133
1916,one_parent,11,False,3,14406,20853.33816307731,0,10437,15440.442141082627,17
1917,one_parent,11,False,2,96,-14.790794979079493,184
1918,one_parent,11,False,2,639,715.2351228405792,49
1919,one_parent,11,False,2,639,717.2556742533372,48
1920,one_parent,11,False,2,537,582.3960698874498,68
1921,one_parent,11,False,2,96,-14.790794979079493,183
1922,one_parent,11,False,2,528,594.6252245694354,114
1923,one_parent,11,False,2,96,-14.790794979079493,196
1924,one_parent,11,False,2,96,-14.790794979079493,188
1925,one_parent,11,False,2,528,594.6252245694354,132
1926,one_parent,11,False,3,13608,20063.958069571236,11,10431,15459.636018118617,72
1927,one_parent,11,False,2,528,594.6252245694354,127
1928,one_parent,11,False,2,528,594.6252245694354,131
1929,one_parent,11,False,2,528,594.6252245694354,100
1930,one_parent,11,False,2,537,582.3960698874498,59
1931,one_parent,11,False,4,13608,20063.958069571236,12,10431,15459.636018118617,38,3813,5396.599372692077,44
1932,one_parent,11,False,2,528,594.6252245694354,98
1933,one_parent,11,False,3,13608,20063.958069571236,5,10431,15459.636018118617,102
1934,one_parent,11,False,2,378,334.80653613356617,168
1935,one_parent,11,False,2,528,594.6252245694354,89
1936,one_parent,11,False,3,13608,20063.958069571236,23,10431,15459.636018118617,73
1937,one_parent,11,False,3,13608,20063.958069571236,13,10431,15459.636018118617,107
1938,one_parent,11,False,4,13608,20063.958069571236,18,10431,15459.636018118617,47,3813,5396.599372692077,72
1939,one_parent,11,False,2,537,582.3960698874498,75
1940,one_parent,11,False,2,5400,7943.877437943451,40
1941,one_parent,11,False,2,528,594.6252245694354,138
1942,one_parent,11,False,2,537,582.3960698874498,77
1943,one_parent,11,False,3,5409,8036.173372725815,37,5535,8206.587994852387,161
1944,one_parent,11,False,2,537,582.3960698874498,81
1945,one_parent,11,False,3,13608,20063.958069571236,30,10431,15459.636018118617,117
1946,one_parent,11,False,2,375,337.29775155380435,169
1947,one_parent,11,False,2,537,582.3960698874498,66
1948,one_parent,11,False,2,5394,7819.980994959984,41
1949,one_parent,11,False,2,528,594.6252245694354,139
1950,one_parent,11,False,2,537,582.3960698874498,73
1951,one_parent,11,False,2,528,594.6252245694354,96
1952,one_parent,11,False,2,528,594.6252245694354,90
1953,one_parent,11,False,2,558,545.9269025666763,51
1954,one_parent,11,False,2,528,594.6252245694354,144
1955,one_parent,11,False,2,537,582.3960698874498,62
1956,one_parent,11,False,2,96,-14.790794979079493,195
1957,one_parent,11,False,2,144,42.53138075313808,181
1958,one_parent,11,False,3,13608,20063.958069571236,6,10431,15459.636018118617,112
1959,one_parent,11,False,2,495,454.93912874266,165
1960,one_parent,12,False,2,5571,8070.314125239269,147
1961,one_parent,12,False,2,10431,15459.636018118617,123
1962,one_parent,12,False,2,10431,15459.636018118617,116
1963,one_parent,12,False,2,10437,15440.442141082627,6
1964,one_parent,12,False,2,5571,8070.314125239269,136
1965,one_parent,12,False,2,10437,15440.442141082627,24
1966,one_parent,12,False,2,5571,8070.314125239269,135
1967,one_parent,12,False,2,207,53.599476439790564,182
1968,one_parent,12,False,2,96,-24.47643979057592,194
1969,one_parent,12,False,2,10437,15440.442141082627,3
1970,one_parent,12,False,3,10431,15459.636018118617,61,3813,5396.599372692077,75
1971,one_parent,12,False,2,5571,8070.314125239269,141
1972,one_parent,12,False,2,147,35.0,187
1973,one_parent,12,False,2,10437,15440.442141082627,28
1974,one_parent,12,False,2,10431,15459.636018118617,124
1975,one_parent,12,False,2,10437,15440.442141082627,19
1976,one_parent,12,False,2,198,58.07591623036656,186
1977,one_parent,12,False,2,10437,15440.442141082627,5
1978,one_parent,12,False,2,5571,8070.314125239269,131
1979,one_parent,12,False,2,5571,8070.314125239269,149
1980,one_parent,12,False,2,5571,8070.314125239269,138
1981,one_parent,12,False,2,10431,15459.636018118617,78
1982,one_parent,12,False,2,10431,15459.636018118617,82
1983,one_parent,12,False,2,7125,10377.1562806051,125
1984,one_parent,12,False,2,207,40.44502617801045,184
1985,one_parent,12,False,2,96,-24.47643979057592,196
1986,one_parent,12,False,2,10437,15440.442141082627,27
1987,one_parent,12,False,2,5571,8070.314125239269,143
1988,one_parent,12,False,2,144,34.554973821989535,188
1989,one_parent,12,False,2,5571,8070.314125239269,151
1990,one_parent,12,False,2,10431,15459.636018118617,101
1991,one_parent,12,False,3,10431,15459.636018118617,35,3813,5396.599372692077,54
1992,one_parent,12,False,2,10431,15459.636018118617,86
1993,one_parent,12,False,3,10431,15459.636018118617,51,3813,5396.599372692077,98
1994,one_parent,12,False,2,10437,15440.442141082627,26
1995,one_parent,12,False,2,10431,15459.636018118617,114
1996,one_parent,12,False,2,10431,15459.636018118617,79
1997,one_parent,12,False,2,5571,8070.314125239269,144
1998,one_parent,12,False,3,10431,15459.636018118617,44,3813,5396.599372692077,45
1999,one_parent,12,False,3,10431,15459.636018118617,56,3813,5396.599372692077,73
2000,one_parent,12,False,2,144,34.554973821989535,190
2001,one_parent,12,False,2,10437,15440.442141082627,7
2002,one_parent,12,False,2,5571,8070.314125239269,142
2003,one_parent,12,False,2,10437,15440.442141082627,29
2004,one_parent,12,False,2,372,350.04157684015996,174
2005,one_parent,12,False,2,207,46.49214659685866,183
2006,one_parent,12,False,2,10437,15440.442141082627,18
2007,one_parent,12,False,2,10431,15459.636018118617,90
2008,one_parent,12,False,2,10431,15459.636018118617,100
2009,one_parent,12,False,2,5571,8070.314125239269,134
2010,one_parent,12,False,2,1791,2510.8884488627173,169
2011,one_parent,12,False,2,10431,15459.636018118617,99
2012,one_parent,12,False,2,144,34.554973821989535,189
2013,one_parent,12,False,2,10437,15440.442141082627,20
2014,one_parent,12,False,2,5571,8070.314125239269,145
2015,one_parent,12,False,2,10437,15440.442141082627,11
2016,one_parent,12,False,2,96,-24.47643979057592,193
2017,one_parent,12,False,2,5571,8070.314125239269,130
2018,one_parent,12,False,2,363,277.78359511343814,175
2019,one_parent,12,False,2,5571,8070.314125239269,146
2020,one_parent,12,False,2,207,26.623036649214654,185
2021,one_parent,12,False,3,10431,15459.636018118617,41,3813,5396.599372692077,41
2022,one_parent,12,False,2,10437,15440.442141082627,14
2023,one_parent,12,False,2,5571,8070.314125239269,132
2024,one_parent,12,False,2,5571,8070.314125239269,152
2025,one_parent,12,False,2,10437,15440.442141082627,23
2026,one_parent,12,False,2,10437,15440.442141082627,8
2027,one_parent,12,False,2,10437,15440.442141082627,4
2028,one_parent,12,False,3,10431,15459.636018118617,68,3813,5396.599372692077,62
2029,one_parent,12,False,3,10431,15459.636018118617,69,3813,5396.599372692077,78
2030,one_parent,12,False,2,5571,8070.314125239269,150
2031,one_parent,12,False,3,10431,15459.636018118617,45,3813,5396.599372692077,43
2032,one_parent,12,False,2,210,40.6282722513089,178
2033,one_parent,12,False,2,5532,8013.946155143893,167
2034,one_parent,12,False,2,10431,15459.636018118617,94
2035,one_parent,12,False,2,96,-24.47643979057592,199
2036,one_parent,12,False,2,5571,8070.314125239269,137
2037,one_parent,12,False,2,144,34.554973821989535,191
2038,one_parent,12,False,2,10431,15459.636018118617,76
2039,one_parent,12,False,2,10431,15459.636018118617,85
2040,one_parent,12,False,2,10431,15459.636018118617,92
2041,one_parent,12,False,2,10431,15459.636018118617,93
2042,one_parent,12,False,2,10431,15459.636018118617,121
2043,one_parent,12,False,2,5571,8070.314125239269,140
2044,one_parent,12,False,3,10431,15459.636018118617,60,3813,5396.599372692077,48
2045,one_parent,12,False,2,10431,15459.636018118617,91
2046,one_parent,12,False,3,10431,15459.636018118617,64,3813,5396.599372692077,63
2047,one_parent,12,False,2,5535,8203.541280099727,162
2048,one_parent,12,False,2,10431,15459.636018118617,105
2049,one_parent,12,False,2,10437,15440.442141082627,21
2050,one_parent,12,False,3,10431,15459.636018118617,66,3813,5396.599372692077,70
2051,one_parent,12,False,2,246,197.36910994764392,176
2052,one_parent,12,False,2,10431,15459.636018118617,111
2053,one_parent,12,False,2,210,81.17801047120412,177
2054,one_parent,12,False,2,10431,15459.636018118617,84
2055,one_parent,12,False,2,10437,15440.442141082627,10
2056,one_parent,12,False,2,10431,15459.636018118617,83
2057,one_parent,12,False,3,12018,17438.453640626794,0,2652,3700.531104485267,140
2058,one_parent,12,False,2,10431,15459.636018118617,106
2059,one_parent,12,False,2,10437,15440.442141082627,12
2060,one_parent,12,False,2,96,-24.47643979057592,195
2061,one_parent,12,False,2,5535,8174.209436609078,163
2062,one_parent,12,False,2,1071,1241.8679234736946,173
2063,one_parent,12,False,2,5571,8070.314125239269,153
2064,one_parent,12,False,3,10431,15459.636018118617,67,3813,5396.599372692077,64
2065,one_parent,12,False,2,96,-24.47643979057592,197
2066,one_parent,12,False,2,10431,15459.636018118617,75
2067,one_parent,12,False,3,10431,15459.636018118617,43,3813,5396.599372692077,80
2068,one_parent,12,False,3,10431,15459.636018118617,58,3813,5396.599372692077,50
2069,one_parent,12,False,2,5571,8070.314125239269,133
2070,one_parent,12,False,3,10431,15459.636018118617,50,3813,5396.599372692077,89
2071,one_parent,12,False,3,10431,15459.636018118617,53,3813,5396.599372692077,103
2072,one_parent,12,False,2,96,-24.47643979057592,192
2073,one_parent,12,False,4,10431,15459.636018118617,33,3813,5396.599372692077,38,936,1266.7354217604395,143
2074,one_parent,12,False,2,10437,15440.442141082627,2
2075,one_parent,12,False,2,1365,1854.385054219271,172
2076,one_parent,12,False,2,1812,2495.37732975363,168
2077,one_parent,12,False,2,10437,15440.442141082627,25
2078,one_parent,12,False,2,10437,15440.442141082627,15
2079,one_parent,12,False,2,5571,8070.314125239269,128
2080,one_parent,12,False,2,10431,15459.636018118617,80
2081,one_parent,12,False,2,10431,15459.636018118617,74
2082,one_parent,12,False,2,10437,15440.442141082627,22
2083,one_parent,12,False,2,1791,2489.479007308413,170
2084,one_parent,12,False,2,10431,15459.636018118617,88
2085,one_parent,12,False,2,96,-24.47643979057592,198
2086,one_parent,12,False,2,10437,15440.442141082627,9
2087,one_parent,12,False,2,10437,15440.442141082627,16
2088,one_parent,12,False,2,5571,8070.314125239269,139
2089,one_parent,12,False,2,10437,15440.442141082627,32
2090,one_parent,12,False,2,5535,8140.449786409408,165
2091,one_parent,12,False,2,10437,15440.442141082627,31
2092,one_parent,12,False,2,5535,8247.016760872863,160
2093,one_parent,12,False,2,210,40.6282722513089,179
2094,one_parent,12,False,3,10431,15459.636018118617,48,3813,5396.599372692077,92
2095,one_parent,12,False,2,5568,8301.201008759981,155
2096,one_parent,12,False,2,10431,15459.636018118617,89
2097,one_parent,12,False,2,5571,8070.314125239269,129
2098,one_parent,12,False,2,5559,8064.084951356499,158
2099,one_parent,12,False,2,10431,15459.636018118617,122
2100,one_parent,12,False,2,10437,15440.442141082627,13
2101,one_parent,12,False,2,207,81.3219895287958,180
2102,one_parent,12,False,2,1416,1861.6333620180205,171
2103,one_parent,12,False,3,10431,15459.636018118617,55,3813,5396.599372692077,95
2104,one_parent,12,False,4,10437,15598.015862884373,1,9141,13390.500905592502,3,936,1282.0856348874233,133
2105,one_parent,12,False,3,10431,15459.636018118617,37,3813,5396.599372692077,106
2106,one_parent,12,False,2,5571,8070.314125239269,148
2107,one_parent,12,False,3,10431,15459.636018118617,34,3813,5396.599372692077,84
2108,one_parent,12,False,2,10431,15459.636018118617,71
2109,one_parent,12,False,2,10437,15440.442141082627,30
2110,one_parent,12,False,2,10431,15459.636018118617,108
2111,one_parent,12,False,3,10431,15459.636018118617,40,3813,5396.599372692077,58
2112,one_parent,12,False,2,5562,8183.025720280617,157
2113,one_parent,12,False,2,10431,15459.636018118617,119
2114,one_parent,12,False,3,10431,15459.636018118617,49,3813,5396.599372692077,49
2115,one_parent,12,False,2,10431,15459.636018118617,109
2116,one_parent,12,False,2,207,77.74869109947642,181
2117,one_parent,12,False,2,10431,15459.636018118617,104
2118,one_parent,12,False,2,5535,8022.239366282457,166
2119,one_parent,12,False,3,10431,15459.636018118617,65,3813,5396.599372692077,112
2120,one_parent,13,False,2,210,78.56837606837604,172
2121,one_parent,13,False,2,165,49.017094017094024,178
2122,one_parent,13,False,4,3840,5397.7830907457055,35,5694,8184.155683777313,0,966,1140.733620511989,111
2123,one_parent,13,False,2,3813,5396.599372692077,82
2124,one_parent,13,False,2,96,-12.884615384615387,196
2125,one_parent,13,False,2,3813,5396.599372692077,86
2126,one_parent,13,False,2,3813,5396.599372692077,115
2127,one_parent,13,False,3,9141,13390.500905592502,6,936,1282.0856348874233,127
2128,one_parent,13,False,2,3813,5396.599372692077,114
2129,one_parent,13,False,2,204,123.42948717948727,176
2130,one_parent,13,False,2,3813,5396.599372692077,93
2131,one_parent,13,False,3,9141,13390.500905592502,1,936,1282.0856348874233,86
2132,one_parent,13,False,2,216,123.86752136752128,167
2133,one_parent,13,False,2,144,38.269230769230774,183
2134,one_parent,13,False,2,3813,5396.599372692077,107
2135,one_parent,13,False,2,2652,3700.531104485267,151
2136,one_parent,13,False,2,2652,3700.531104485267,132
2137,one_parent,13,False,5,9141,13390.500905592502,30,936,1282.0856348874233,6,978,1168.2630827658065,8,1509,2110.4050265249975,121
2138,one_parent,13,False,2,3813,5396.599372692077,77
2139,one_parent,13,False,2,96,-12.884615384615387,189
2140,one_parent,13,False,2,3813,5396.599372692077,46
2141,one_parent,13,False,2,96,-12.884615384615387,199
2142,one_parent,13,False,2,3813,5396.599372692077,60
2143,one_parent,13,False,5,9141,13390.500905592502,2,936,1282.0856348874233,13,978,1168.2630827658065,31,1509,2110.4050265249975,87
2144,one_parent,13,False,2,495,488.3017528610749,166
2145,one_parent,13,False,2,2652,3700.531104485267,136
2146,one_parent,13,False,2,3813,5396.599372692077,52
2147,one_parent,13,False,2,144,38.269230769230774,182
2148,one_parent,13,False,2,3813,5396.599372692077,79
2149,one_parent,13,False,2,2652,3700.531104485267,137
2150,one_parent,13,False,2,3813,5396.599372692077,71
2151,one_parent,13,False,3,9141,13390.500905592502,7,936,1282.0856348874233,102
2152,one_parent,13,False,2,2652,3700.531104485267,135
2153,one_parent,13,False,2,2652,3700.531104485267,127
2154,one_parent,13,False,2,2652,3700.531104485267,144
2155,one_parent,13,False,2,213,113.39743589743591,169
2156,one_parent,13,False,2,3813,5396.599372692077,94
2157,one_parent,13,False,2,2652,3700.531104485267,131
2158,one_parent,13,False,2,3813,5396.599372692077,67
2159,one_parent,13,False,2,2652,3700.531104485267,145
2160,one_parent,13,False,2,3813,5396.599372692077,96
2161,one_parent,13,False,2,2652,3700.531104485267,123
2162,one_parent,13,False,2,144,38.269230769230774,184
2163,one_parent,13,False,2,3813,5396.599372692077,85
2164,one_parent,13,False,2,213,106.69871794871793,170
2165,one_parent,13,False,3,9141,13390.500905592502,18,936,1282.0856348874233,49
2166,one_parent,13,False,2,2652,3700.531104485267,146
2167,one_parent,13,False,2,144,38.269230769230774,185
2168,one_parent,13,False,4,9141,13390.500905592502,8,936,1282.0856348874233,31,978,1168.2630827658065,44
2169,one_parent,13,False,3,3879,5561.583179842171,33,936,1265.4713554803573,144
2170,one_parent,13,False,2,177,55.27777777777777,177
2171,one_parent,13,False,4,9141,13390.500905592502,20,936,1282.0856348874233,24,978,1168.2630827658065,53
2172,one_parent,13,False,2,3813,5396.599372692077,111
2173,one_parent,13,False,3,9141,13390.500905592502,16,936,1282.0856348874233,59
2174,one_parent,13,False,2,3813,5396.599372692077,59
2175,one_parent,13,False,2,2652,3700.531104485267,148
2176,one_parent,13,False,2,498,588.6058959872519,161
2177,one_parent,13,False,5,9141,13390.500905592502,15,936,1282.0856348874233,39,978,1168.2630827658065,9,1509,2110.4050265249975,127
2178,one_parent,13,False,2,2652,3700.531104485267,143
2179,one_parent,13,False,2,3813,5396.599372692077,56
2180,one_parent,13,False,2,3813,5396.599372692077,68
2181,one_parent,13,False,2,207,94.07051282051282,174
2182,one_parent,13,False,2,3813,5396.599372692077,101
2183,one_parent,13,False,2,3813,5396.599372692077,69
2184,one_parent,13,False,2,207,79.13461538461539,175
2185,one_parent,13,False,2,3813,5396.599372692077,74
2186,one_parent,13,False,2,1071,1406.2548450665397,156
2187,one_parent,13,False,4,3864,5468.057611352803,34,5691,8182.32226382246,1,978,1157.8865767417099,80
2188,one_parent,13,False,2,144,38.269230769230774,186
2189,one_parent,13,False,2,3813,5396.599372692077,99
2190,one_parent,13,False,2,2652,3700.531104485267,142
2191,one_parent,13,False,2,96,-12.884615384615387,191
2192,one_parent,13,False,2,213,117.4679487179487,168
2193,one_parent,13,False,2,495,556.224938432566,164
2194,one_parent,13,False,2,2652,3700.531104485267,125
2195,one_parent,13,False,3,9141,13390.500905592502,4,936,1282.0856348874233,110
2196,one_parent,13,False,3,9141,13390.500905592502,19,936,1282.0856348874233,114
2197,one_parent,13,False,2,513,653.0266550775029,160
2198,one_parent,13,False,2,498,505.32750253512927,162
2199,one_parent,13,False,2,3813,5396.599372692077,42
2200,one_parent,13,False,2,2652,3700.531104485267,138
2201,one_parent,13,False,2,2652,3700.531104485267,124
2202,one_parent,13,False,2,96,-12.884615384615387,195
2203,one_parent,13,False,3,3813,5432.672906551442,36,933,1250.5993310666747,152
2204,one_parent,13,False,5,9141,13390.500905592502,11,936,1282.0856348874233,26,978,1168.2630827658065,13,1509,2110.4050265249975,80
2205,one_parent,13,False,2,2652,3700.531104485267,134
2206,one_parent,13,False,2,2709,3845.3714566098033,117
2207,one_parent,13,False,2,3813,5396.599372692077,90
2208,one_parent,13,False,5,9141,13390.500905592502,14,936,1282.0856348874233,7,978,1168.2630827658065,26,1509,2110.4050265249975,112
2209,one_parent,13,False,2,2652,3700.531104485267,150
2210,one_parent,13,False,2,2652,3700.531104485267,147
2211,one_parent,13,False,2,2661,3651.626807175857,118
2212,one_parent,13,False,2,2652,3700.531104485267,126
2213,one_parent,13,False,3,9141,13390.500905592502,5,936,1282.0856348874233,104
2214,one_parent,13,False,2,96,-12.884615384615387,193
2215,one_parent,13,False,2,2652,3673.204194119165,154
2216,one_parent,13,False,2,2652,3700.531104485267,152
2217,one_parent,13,False,3,9141,13390.500905592502,26,936,1282.0856348874233,88
2218,one_parent,13,False,2,2652,3682.529972670332,153
2219,one_parent,13,False,2,705,784.3639499804912,157
2220,one_parent,13,False,2,96,-12.884615384615387,198
2221,one_parent,13,False,2,3813,5396.599372692077,61
2222,one_parent,13,False,3,3813,5396.599372692077,39,936,1266.7354217604395,142
2223,one_parent,13,False,2,2652,3700.531104485267,139
2224,one_parent,13,False,3,9141,13390.500905592502,22,936,1282.0856348874233,111
2225,one_parent,13,False,2,2652,3700.531104485267,121
2226,one_parent,13,False,3,3813,5396.599372692077,37,936,1266.7354217604395,141
2227,one_parent,13,False,3,9141,13390.500905592502,10,936,1282.0856348874233,115
2228,one_parent,13,False,3,9141,13390.500905592502,23,936,1282.0856348874233,130
2229,one_parent,13,False,4,9141,13390.500905592502,17,936,1282.0856348874233,30,978,1168.2630827658065,59
2230,one_parent,13,False,3,9141,13390.500905592502,0,936,1282.0856348874233,48
2231,one_parent,13,False,4,9141,13390.500905592502,12,936,1282.0856348874233,17,978,1168.2630827658065,56
2232,one_parent,13,False,2,2652,3700.531104485267,128
2233,one_parent,13,False,2,213,106.69871794871793,171
2234,one_parent,13,False,2,3813,5396.599372692077,81
2235,one_parent,13,False,2,2652,3700.531104485267,130
2236,one_parent,13,False,3,9141,13390.500905592502,28,936,1282.0856348874233,68
2237,one_parent,13,False,3,9141,13390.500905592502,29,936,1282.0856348874233,54
2238,one_parent,13,False,2,2652,3700.531104485267,133
2239,one_parent,13,False,3,9141,13390.500905592502,9,936,1282.0856348874233,94
2240,one_parent,13,False,2,2652,3700.531104485267,141
2241,one_parent,13,False,2,96,-12.884615384615387,187
2242,one_parent,13,False,3,9141,13390.500905592502,25,936,1282.0856348874233,108
2243,one_parent,13,False,3,9141,13390.500905592502,24,936,1282.0856348874233,131
2244,one_parent,13,False,2,528,629.207590902506,158
2245,one_parent,13,False,2,2652,3658.7574658191897,155
2246,one_parent,13,False,2,144,38.269230769230774,181
2247,one_parent,13,False,3,9141,13390.500905592502,32,936,1282.0856348874233,78
2248,one_parent,13,False,3,9141,13390.500905592502,13,936,1282.0856348874233,124
2249,one_parent,13,False,2,525,669.8963373412527,159
2250,one_parent,13,False,2,3813,5396.599372692077,108
2251,one_parent,13,False,5,9141,13390.500905592502,21,936,1282.0856348874233,8,978,1168.2630827658065,30,1509,2110.4050265249975,101
2252,one_parent,13,False,2,3813,5396.599372692077,113
2253,one_parent,13,False,2,3813,5396.599372692077,76
2254,one_parent,13,False,2,2652,3700.531104485267,120
2255,one_parent,13,False,2,3813,5396.599372692077,104
2256,one_parent,13,False,2,3813,5396.599372692077,55
2257,one_parent,13,False,2,153,42.27564102564102,180
2258,one_parent,13,False,2,96,-12.884615384615387,192
2259,one_parent,13,False,2,2652,3700.531104485267,122
2260,one_parent,13,False,2,96,-12.884615384615387,190
2261,one_parent,13,False,2,153,43.10897435897439,179
2262,one_parent,13,False,2,495,535.8669177652231,165
2263,one_parent,13,False,2,3813,5396.599372692077,66
2264,one_parent,13,False,2,3813,5396.599372692077,83
2265,one_parent,13,False,2,3813,5396.599372692077,100
2266,one_parent,13,False,2,96,-12.884615384615387,188
2267,one_parent,13,False,2,2655,3396.524029716956,119
2268,one_parent,13,False,2,3813,5396.599372692077,65
2269,one_parent,13,False,2,207,112.36111111111103,173
2270,one_parent,13,False,2,3813,5396.599372692077,110
2271,one_parent,13,False,2,2652,3700.531104485267,129
2272,one_parent,13,False,3,9141,13390.500905592502,31,936,1282.0856348874233,117
2273,one_parent,13,False,2,495,562.3933555458977,163
2274,one_parent,13,False,2,2652,3700.531104485267,149
2275,one_parent,13,False,2,3813,5396.599372692077,51
2276,one_parent,13,False,2,96,-12.884615384615387,197
2277,one_parent,13,False,2,3813,5396.599372692077,53
2278,one_parent,13,False,4,9141,13390.500905592502,27,936,1282.0856348874233,20,978,1168.2630827658065,47
2279,one_parent,13,False,2,96,-12.884615384615387,194
2280,one_parent,14,False,2,936,1282.0856348874233,125
2281,one_parent,14,False,2,933,1255.236272473757,151
2282,one_parent,14,False,2,936,1282.0856348874233,106
2283,one_parent,14,False,2,96,-27.64563106796117,199
2284,one_parent,14,False,2,96,-27.64563106796117,188
2285,one_parent,14,False,4,936,1282.0856348874233,29,978,1168.2630827658065,10,1509,2110.4050265249975,73
2286,one_parent,14,False,2,648,705.6273494283977,163
2287,one_parent,14,False,2,936,1282.0856348874233,43
2288,one_parent,14,False,2,237,165.84951456310677,169
2289,one_parent,14,False,4,936,1282.0856348874233,34,978,1168.2630827658065,18,1509,2110.4050265249975,75
2290,one_parent,14,False,2,936,1282.0856348874233,122
2291,one_parent,14,False,2,936,1282.0856348874233,42
2292,one_parent,14,False,2,240,168.84708737864077,168
2293,one_parent,14,False,2,936,1282.0856348874233,113
2294,one_parent,14,False,2,936,1282.0856348874233,50
2295,one_parent,14,False,2,936,1282.0856348874233,55
2296,one_parent,14,False,3,936,1282.0856348874233,4,978,1168.2630827658065,62
2297,one_parent,14,False,2,927,1138.0842138195758,157
2298,one_parent,14,False,2,936,1282.0856348874233,138
2299,one_parent,14,False,2,930,1229.889317977053,155
2300,one_parent,14,False,2,246,150.92233009708735,165
2301,one_parent,14,False,2,207,77.51213592233012,177
2302,one_parent,14,False,2,936,1282.0856348874233,57
2303,one_parent,14,False,2,936,1282.0856348874233,129
2304,one_parent,14,False,2,936,1282.0856348874233,81
2305,one_parent,14,False,4,936,1282.0856348874233,18,978,1168.2630827658065,20,1509,2110.4050265249975,74
2306,one_parent,14,False,2,936,1282.0856348874233,93
2307,one_parent,14,False,2,936,1282.0856348874233,64
2308,one_parent,14,False,2,144,43.47087378640775,186
2309,one_parent,14,False,2,936,1282.0856348874233,45
2310,one_parent,14,False,4,936,1282.0856348874233,27,978,1168.2630827658065,37,1509,2110.4050265249975,84
2311,one_parent,14,False,2,936,1282.0856348874233,105
2312,one_parent,14,False,2,936,1193.7412417617181,149
2313,one_parent,14,False,2,936,1282.0856348874233,62
2314,one_parent,14,False,2,936,1282.0856348874233,69
2315,one_parent,14,False,2,936,1282.0856348874233,52
2316,one_parent,14,False,2,936,1282.0856348874233,60
2317,one_parent,14,False,2,936,1282.0856348874233,100
2318,one_parent,14,False,2,96,-27.64563106796117,191
2319,one_parent,14,False,2,936,1282.0856348874233,51
2320,one_parent,14,False,2,936,1282.0856348874233,84
2321,one_parent,14,False,2,936,1282.0856348874233,118
2322,one_parent,14,False,2,162,55.449029126213645,180
2323,one_parent,14,False,2,153,49.11407766990291,181
2324,one_parent,14,False,2,936,1282.0856348874233,119
2325,one_parent,14,False,2,207,104.16262135922318,174
2326,one_parent,14,False,2,243,109.00485436893203,167
2327,one_parent,14,False,2,936,1282.0856348874233,95
2328,one_parent,14,False,2,936,1282.0856348874233,135
2329,one_parent,14,False,4,936,1282.0856348874233,23,978,1168.2630827658065,29,1509,2110.4050265249975,90
2330,one_parent,14,False,4,936,1282.0856348874233,35,978,1168.2630827658065,15,1509,2110.4050265249975,106
2331,one_parent,14,False,2,936,1282.0856348874233,107
2332,one_parent,14,False,2,936,1282.0856348874233,79
2333,one_parent,14,False,2,207,15.691747572815544,178
2334,one_parent,14,False,2,936,1282.0856348874233,67
2335,one_parent,14,False,2,936,1282.0856348874233,65
2336,one_parent,14,False,4,936,1282.0856348874233,5,978,1168.2630827658065,19,1509,2110.4050265249975,97
2337,one_parent,14,False,2,936,1269.9028974885948,140
2338,one_parent,14,False,2,936,1282.0856348874233,87
2339,one_parent,14,False,2,210,41.95388349514563,171
2340,one_parent,14,False,2,96,-27.64563106796117,192
2341,one_parent,14,False,3,936,1282.0856348874233,33,978,1168.2630827658065,48
2342,one_parent,14,False,2,936,1282.0856348874233,103
2343,one_parent,14,False,2,936,1282.0856348874233,73
2344,one_parent,14,False,3,936,1282.0856348874233,25,978,1168.2630827658065,46
2345,one_parent,14,False,2,936,1282.0856348874233,120
2346,one_parent,14,False,2,192,74.4660194174757,179
2347,one_parent,14,False,2,936,1282.0856348874233,56
2348,one_parent,14,False,2,936,1282.0856348874233,89
2349,one_parent,14,False,3,936,1282.0856348874233,19,978,1168.2630827658065,51
2350,one_parent,14,False,2,936,1282.0856348874233,132
2351,one_parent,14,False,2,936,1282.0856348874233,44
2352,one_parent,14,False,4,936,1282.0856348874233,36,978,1168.2630827658065,11,1509,2110.4050265249975,83
2353,one_parent,14,False,2,936,1282.0856348874233,61
2354,one_parent,14,False,2,96,-27.64563106796117,193
2355,one_parent,14,False,2,936,1282.0856348874233,40
2356,one_parent,14,False,2,936,1282.0856348874233,137
2357,one_parent,14,False,2,936,1264.821899964565,145
2358,one_parent,14,False,4,936,1282.0856348874233,10,978,1168.2630827658065,16,1509,2110.4050265249975,88
2359,one_parent,14,False,2,936,1282.0856348874233,123
2360,one_parent,14,False,2,936,1282.0856348874233,91
2361,one_parent,14,False,2,96,-27.64563106796117,189
2362,one_parent,14,False,2,936,1278.7725280913069,139
2363,one_parent,14,False,2,936,1282.0856348874233,97
2364,one_parent,14,False,2,936,1282.0856348874233,63
2365,one_parent,14,False,2,228,154.5266990291262,170
2366,one_parent,14,False,2,144,43.47087378640775,187
2367,one_parent,14,False,2,936,1282.0856348874233,96
2368,one_parent,14,False,2,936,1282.0856348874233,90
2369,one_parent,14,False,2,936,1282.0856348874233,121
2370,one_parent,14,False,2,936,1282.0856348874233,136
2371,one_parent,14,False,4,936,1282.0856348874233,16,978,1168.2630827658065,17,1509,2110.4050265249975,71
2372,one_parent,14,False,2,144,43.47087378640775,184
2373,one_parent,14,False,2,936,1282.0856348874233,77
2374,one_parent,14,False,4,936,1282.0856348874233,21,978,1168.2630827658065,27,1509,2110.4050265249975,79
2375,one_parent,14,False,2,96,-27.64563106796117,195
2376,one_parent,14,False,2,936,1282.0856348874233,74
2377,one_parent,14,False,3,936,1282.0856348874233,11,978,1168.2630827658065,40
2378,one_parent,14,False,2,144,43.47087378640775,185
2379,one_parent,14,False,2,930,1184.5271096813765,156
2380,one_parent,14,False,2,936,1282.0856348874233,71
2381,one_parent,14,False,2,936,1282.0856348874233,47
2382,one_parent,14,False,2,936,1282.0856348874233,53
2383,one_parent,14,False,2,924,1044.6887806466036,161
2384,one_parent,14,False,2,936,1282.0856348874233,134
2385,one_parent,14,False,2,936,1282.0856348874233,75
2386,one_parent,14,False,2,936,1282.0856348874233,72
2387,one_parent,14,False,2,936,1237.5367007633618,147
2388,one_parent,14,False,2,936,1282.0856348874233,80
2389,one_parent,14,False,2,210,28.56796116504856,173
2390,one_parent,14,False,3,3549,4895.3879151687415,2,519,568.1827939551351,153
2391,one_parent,14,False,2,96,-27.64563106796117,197
2392,one_parent,14,False,2,96,-27.64563106796117,194
2393,one_parent,14,False,2,243,169.58737864077676,166
2394,one_parent,14,False,2,936,1282.0856348874233,99
2395,one_parent,14,False,4,936,1282.0856348874233,12,978,1168.2630827658065,28,1509,2110.4050265249975,99
2396,one_parent,14,False,2,924,1079.2719504784354,160
2397,one_parent,14,False,2,936,1262.1582486842408,146
2398,one_parent,14,False,2,936,1282.0856348874233,128
2399,one_parent,14,False,3,936,1282.0856348874233,38,978,1168.2630827658065,43
2400,one_parent,14,False,2,210,41.95388349514563,172
2401,one_parent,14,False,2,936,1282.0856348874233,126
2402,one_parent,14,False,2,936,1282.0856348874233,109
2403,one_parent,14,False,2,936,1282.0856348874233,116
2404,one_parent,14,False,4,936,1282.0856348874233,22,978,1168.2630827658065,23,1509,2110.4050265249975,92
2405,one_parent,14,False,2,96,-27.64563106796117,198
2406,one_parent,14,False,2,936,1282.0856348874233,92
2407,one_parent,14,False,2,933,1245.893410984774,153
2408,one_parent,14,False,2,927,1120.515999260007,159
2409,one_parent,14,False,2,363,278.289778157855,164
2410,one_parent,14,False,2,936,1282.0856348874233,82
2411,one_parent,14,False,2,207,86.25,176
2412,one_parent,14,False,2,933,1146.1689328502293,154
2413,one_parent,14,False,3,1371,1827.8871936931978,3,501,514.2295293111158,158
2414,one_parent,14,False,2,96,-27.64563106796117,190
2415,one_parent,14,False,2,207,99.13834951456312,175
2416,one_parent,14,False,2,936,1282.0856348874233,98
2417,one_parent,14,False,2,666,645.2706041806968,162
2418,one_parent,14,False,2,936,1282.0856348874233,85
2419,one_parent,14,False,2,927,1125.939552645166,158
2420,one_parent,14,False,2,936,1282.0856348874233,101
2421,one_parent,14,False,3,936,1282.0856348874233,32,978,1168.2630827658065,54
2422,one_parent,14,False,2,933,1261.439350647189,150
2423,one_parent,14,False,3,936,1282.0856348874233,37,978,1168.2630827658065,57
2424,one_parent,14,False,2,936,1282.0856348874233,70
2425,one_parent,14,False,2,936,1282.0856348874233,83
2426,one_parent,14,False,2,936,1282.0856348874233,66
2427,one_parent,14,False,4,936,1282.0856348874233,14,978,1168.2630827658065,12,1509,2110.4050265249975,82
2428,one_parent,14,False,4,936,1282.0856348874233,28,978,1168.2630827658065,34,1509,2110.4050265249975,117
2429,one_parent,14,False,2,153,48.89563106796116,182
2430,one_parent,14,False,3,936,1282.0856348874233,15,978,1168.2630827658065,64
2431,one_parent,14,False,2,936,1282.0856348874233,41
2432,one_parent,14,False,2,936,1282.0856348874233,112
2433,one_parent,14,False,2,936,1282.0856348874233,46
2434,one_parent,14,False,2,936,1282.0856348874233,58
2435,one_parent,14,False,2,936,1202.532095361641,148
2436,one_parent,14,False,2,96,-27.64563106796117,196
2437,one_parent,14,False,3,936,1282.0856348874233,9,978,1168.2630827658065,61
2438,one_parent,14,False,2,936,1282.0856348874233,76
2439,one_parent,14,False,2,153,48.167475728155324,183
2440,one_parent,15,False,2,519,568.1827939551351,148
2441,one_parent,15,False,3,978,1168.2630827658065,32,1509,2110.4050265249975,113
2442,one_parent,15,False,2,519,568.1827939551351,135
2443,one_parent,15,False,2,207,153.75000000000006,169
2444,one_parent,15,False,2,519,568.1827939551351,137
2445,one_parent,15,False,2,966,1140.733620511989,100
2446,one_parent,15,False,2,252,161.2650602409638,167
2447,one_parent,15,False,2,96,-24.427710843373497,195
2448,one_parent,15,False,2,966,1140.733620511989,107
2449,one_parent,15,False,2,207,81.49096385542168,173
2450,one_parent,15,False,2,978,1168.2630827658065,66
2451,one_parent,15,False,2,978,1157.8865767417099,79
2452,one_parent,15,False,3,978,1168.2630827658065,7,1509,2110.4050265249975,81
2453,one_parent,15,False,2,519,568.1827939551351,142
2454,one_parent,15,False,2,144,20.03012048192774,184
2455,one_parent,15,False,2,966,1140.733620511989,95
2456,one_parent,15,False,2,966,1140.733620511989,102
2457,one_parent,15,False,2,144,20.03012048192774,181
2458,one_parent,15,False,2,978,1157.8865767417099,74
2459,one_parent,15,False,2,978,1168.2630827658065,52
2460,one_parent,15,False,2,501,514.2295293111158,161
2461,one_parent,15,False,2,966,1140.733620511989,119
2462,one_parent,15,False,2,966,1140.733620511989,124
2463,one_parent,15,False,2,966,1140.733620511989,122
2464,one_parent,15,False,2,978,1157.8865767417099,87
2465,one_parent,15,False,2,966,1140.733620511989,117
2466,one_parent,15,False,2,519,568.1827939551351,132
2467,one_parent,15,False,2,978,1157.8865767417099,73
2468,one_parent,15,False,2,978,1168.2630827658065,65
2469,one_parent,15,False,2,495,472.8622149803725,166
2470,one_parent,15,False,2,978,1168.2630827658065,63
2471,one_parent,15,False,2,966,1140.733620511989,103
2472,one_parent,15,False,2,966,1140.733620511989,110
2473,one_parent,15,False,2,519,568.1827939551351,139
2474,one_parent,15,False,2,966,1140.733620511989,113
2475,one_parent,15,False,2,978,1157.8865767417099,70
2476,one_parent,15,False,2,210,122.03313253012035,168
2477,one_parent,15,False,2,966,1140.733620511989,97
2478,one_parent,15,False,2,663,742.44232612292,129
2479,one_parent,15,False,2,207,66.03915662650606,175
2480,one_parent,15,False,2,978,1157.8865767417099,72
2481,one_parent,15,False,2,978,1168.2630827658065,41
2482,one_parent,15,False,2,519,568.1827939551351,146
2483,one_parent,15,False,2,96,-24.427710843373497,193
2484,one_parent,15,False,2,987,1126.4415475913931,3
2485,one_parent,15,False,2,519,568.1827939551351,138
2486,one_parent,15,False,2,660,812.8536117447105,130
2487,one_parent,15,False,2,978,1157.8865767417099,86
2488,one_parent,15,False,2,966,1140.733620511989,92
2489,one_parent,15,False,3,978,1168.2630827658065,36,1509,2110.4050265249975,107
2490,one_parent,15,False,2,96,-24.427710843373497,197
2491,one_parent,15,False,2,207,85.33132530120474,172
2492,one_parent,15,False,2,501,514.2295293111158,160
2493,one_parent,15,False,2,501,514.2295293111158,155
2494,one_parent,15,False,2,96,-24.427710843373497,194
2495,one_parent,15,False,2,207,106.02409638554221,171
2496,one_parent,15,False,3,978,1168.2630827658065,35,1509,2110.4050265249975,68
2497,one_parent,15,False,2,189,36.340361445783174,178
2498,one_parent,15,False,2,978,1157.8865767417099,82
2499,one_parent,15,False,2,96,-24.427710843373497,190
2500,one_parent,15,False,2,207,106.02409638554221,170
2501,one_parent,15,False,2,978,1157.8865767417099,71
2502,one_parent,15,False,3,978,1168.2630827658065,39,1509,2110.4050265249975,103
2503,one_parent,15,False,2,978,1157.8865767417099,85
2504,one_parent,15,False,3,978,1168.2630827658065,14,1509,2110.4050265249975,120
2505,one_parent,15,False,2,519,568.1827939551351,136
2506,one_parent,15,False,3,978,1168.2630827658065,6,1509,2110.4050265249975,78
2507,one_parent,15,False,2,966,1140.733620511989,114
2508,one_parent,15,False,2,519,568.1827939551351,134
2509,one_parent,15,False,2,978,1168.2630827658065,49
2510,one_parent,15,False,2,966,1140.733620511989,108
2511,one_parent,15,False,3,1935,2587.6311263889256,2,933,1216.030271099441,154
2512,one_parent,15,False,2,144,20.03012048192774,182
2513,one_parent,15,False,2,519,568.1827939551351,140
2514,one_parent,15,False,2,978,1157.8865767417099,89
2515,one_parent,15,False,4,1935,2666.21723249634,0,1509,2144.9660785708647,42,2256,3308.705458125873,48
2516,one_parent,15,False,2,924,1098.6586415143377,127
2517,one_parent,15,False,2,978,1157.8865767417099,67
2518,one_parent,15,False,4,972,1176.2732890165823,91,1506,2118.6534830321207,134,216,96.87022900763358,148
2519,one_parent,15,False,2,966,1140.733620511989,94
2520,one_parent,15,False,2,144,20.03012048192774,185
2521,one_parent,15,False,2,519,568.1827939551351,145
2522,one_parent,15,False,2,966,1140.733620511989,105
2523,one_parent,15,False,2,96,-24.427710843373497,189
2524,one_parent,15,False,2,96,-24.427710843373497,187
2525,one_parent,15,False,2,519,568.1827939551351,149
2526,one_parent,15,False,2,978,1157.8865767417099,68
2527,one_parent,15,False,2,519,568.1827939551351,150
2528,one_parent,15,False,2,519,568.1827939551351,143
2529,one_parent,15,False,3,978,1168.2630827658065,22,1509,2110.4050265249975,95
2530,one_parent,15,False,2,144,20.03012048192774,183
2531,one_parent,15,False,2,501,514.2295293111158,154
2532,one_parent,15,False,2,978,1157.8865767417099,88
2533,one_parent,15,False,2,519,568.1827939551351,141
2534,one_parent,15,False,2,978,1157.8865767417099,78
2535,one_parent,15,False,2,207,49.05120481927709,176
2536,one_parent,15,False,2,96,-24.427710843373497,198
2537,one_parent,15,False,2,978,1157.8865767417099,83
2538,one_parent,15,False,2,966,1140.733620511989,115
2539,one_parent,15,False,2,519,568.1827939551351,151
2540,one_parent,15,False,2,96,-24.427710843373497,196
2541,one_parent,15,False,2,966,1140.733620511989,93
2542,one_parent,15,False,3,978,1168.2630827658065,24,1509,2110.4050265249975,126
2543,one_parent,15,False,2,966,1140.733620511989,109
2544,one_parent,15,False,3,978,1168.2630827658065,25,1509,2110.4050265249975,64
2545,one_parent,15,False,2,978,1168.2630827658065,42
2546,one_parent,15,False,2,519,568.1827939551351,144
2547,one_parent,15,False,2,978,1168.2630827658065,60
2548,one_parent,15,False,2,207,76.20481927710838,174
2549,one_parent,15,False,2,96,-24.427710843373497,192
2550,one_parent,15,False,2,978,1157.8865767417099,90
2551,one_parent,15,False,2,978,1168.2630827658065,55
2552,one_parent,15,False,2,966,1140.733620511989,121
2553,one_parent,15,False,2,519,568.1827939551351,152
2554,one_parent,15,False,3,978,1168.2630827658065,33,1509,2110.4050265249975,70
2555,one_parent,15,False,2,978,1157.8865767417099,84
2556,one_parent,15,False,2,141,3.674698795180717,186
2557,one_parent,15,False,2,501,514.2295293111158,156
2558,one_parent,15,False,2,96,-24.427710843373497,199
2559,one_parent,15,False,2,501,514.2295293111158,163
2560,one_parent,15,False,2,96,-24.427710843373497,188
2561,one_parent,15,False,2,207,36.355421686746965,177
2562,one_parent,15,False,2,501,514.2295293111158,159
2563,one_parent,15,False,3,1935,2653.536381130941,1,1512,2118.1017389378694,30
2564,one_parent,15,False,2,978,1168.2630827658065,58
2565,one_parent,15,False,2,966,1140.733620511989,116
2566,one_parent,15,False,2,501,514.2295293111158,164
2567,one_parent,15,False,2,978,1168.2630827658065,45
2568,one_parent,15,False,2,501,514.2295293111158,157
2569,one_parent,15,False,2,519,568.1827939551351,147
2570,one_parent,15,False,2,978,1157.8865767417099,77
2571,one_parent,15,False,2,669,755.8641324879283,128
2572,one_parent,15,False,2,966,1140.733620511989,101
2573,one_parent,15,False,2,186,22.695783132530124,179
2574,one_parent,15,False,2,966,1140.733620511989,118
2575,one_parent,15,False,3,978,1168.2630827658065,38,1509,2110.4050265249975,96
2576,one_parent,15,False,3,978,1168.2630827658065,5,1509,2110.4050265249975,125
2577,one_parent,15,False,2,966,1140.733620511989,112
2578,one_parent,15,False,2,501,514.2295293111158,165
2579,one_parent,15,False,2,978,1168.2630827658065,50
2580,one_parent,15,False,3,978,1168.2630827658065,21,1509,2110.4050265249975,62
2581,one_parent,15,False,2,966,1140.733620511989,104
2582,one_parent,15,False,2,978,1157.8865767417099,76
2583,one_parent,15,False,2,144,20.03012048192774,180
2584,one_parent,15,False,2,966,1140.733620511989,98
2585,one_parent,15,False,2,933,1096.719712996842,125
2586,one_parent,15,False,2,966,1140.733620511989,99
2587,one_parent,15,False,2,966,1140.733620511989,123
2588,one_parent,15,False,2,501,514.2295293111158,162
2589,one_parent,15,False,2,927,1053.4917962209033,126
2590,one_parent,15,False,2,978,1157.8865767417099,69
2591,one_parent,15,False,2,966,1140.733620511989,106
2592,one_parent,15,False,3,978,1168.2630827658065,4,1509,2110.4050265249975,110
2593,one_parent,15,False,2,978,1157.8865767417099,75
2594,one_parent,15,False,2,519,568.1827939551351,133
2595,one_parent,15,False,2,96,-24.427710843373497,191
2596,one_parent,15,False,2,966,1140.733620511989,120
2597,one_parent,15,False,2,966,1140.733620511989,96
2598,one_parent,15,False,2,642,772.2135377135746,131
2599,one_parent,15,False,2,978,1157.8865767417099,81
2600,one_parent,16,False,4,1509,2144.9660785708647,48,2256,3308.705458125873,26,4248,6356.14932672304,73
2601,one_parent,16,False,3,1509,2144.9660785708647,41,2256,3308.705458125873,45
2602,one_parent,16,False,2,1509,2110.4050265249975,67
2603,one_parent,16,False,4,1509,2144.9660785708647,55,2256,3308.705458125873,22,4248,6356.14932672304,92
2604,one_parent,16,False,2,210,145.1526717557252,160
2605,one_parent,16,False,2,1509,2110.4050265249975,111
2606,one_parent,16,False,2,204,85.68702290076334,173
2607,one_parent,16,False,3,1512,2120.6116222796286,3,213,113.22519083969468,156
2608,one_parent,16,False,3,1509,2144.9660785708647,37,2256,3308.705458125873,66
2609,one_parent,16,False,2,1512,2118.1017389378694,12
2610,one_parent,16,False,3,1506,2118.6534830321207,138,216,96.87022900763358,149
2611,one_parent,16,False,2,1512,2118.1017389378694,13
2612,one_parent,16,False,2,207,32.576335877862576,169
2613,one_parent,16,False,2,207,-29.541984732824424,171
2614,one_parent,16,False,4,1509,2144.9660785708647,38,2256,3308.705458125873,33,4248,6356.14932672304,116
2615,one_parent,16,False,2,96,-14.160305343511453,193
2616,one_parent,16,False,2,1512,2118.1017389378694,23
2617,one_parent,16,False,2,1512,2118.1017389378694,24
2618,one_parent,16,False,2,1512,2118.1017389378694,6
2619,one_parent,16,False,3,1509,2144.9660785708647,56,2256,3308.705458125873,76
2620,one_parent,16,False,2,1509,2110.4050265249975,119
2621,one_parent,16,False,2,195,-75.64885496183206,174
2622,one_parent,16,False,2,1512,2118.1017389378694,22
2623,one_parent,16,False,2,504,588.9944973274006,158
2624,one_parent,16,False,3,1506,2118.6534830321207,133,216,96.87022900763358,147
2625,one_parent,16,False,3,1509,2144.9660785708647,40,2256,3308.705458125873,70
2626,one_parent,16,False,2,1509,2110.4050265249975,130
2627,one_parent,16,False,3,1506,2118.6534830321207,136,216,96.87022900763358,151
2628,one_parent,16,False,2,1512,2118.1017389378694,26
2629,one_parent,16,False,2,1509,2110.4050265249975,85
2630,one_parent,16,False,3,1506,2118.6534830321207,135,216,96.87022900763358,150
2631,one_parent,16,False,2,1512,2118.1017389378694,16
2632,one_parent,16,False,2,96,-14.160305343511453,190
2633,one_parent,16,False,4,1509,2144.9660785708647,50,2256,3308.705458125873,5,4248,6356.14932672304,63
2634,one_parent,16,False,3,1506,2118.6534830321207,131,216,96.87022900763358,153
2635,one_parent,16,False,3,3384,4762.437623844788,0,2256,3229.485830980594,97
2636,one_parent,16,False,2,1509,2110.4050265249975,115
2637,one_parent,16,False,2,1512,2118.1017389378694,5
2638,one_parent,16,False,2,933,1216.030271099441,148
2639,one_parent,16,False,2,1512,2118.1017389378694,20
2640,one_parent,16,False,2,933,1216.030271099441,145
2641,one_parent,16,False,2,1509,2110.4050265249975,104
2642,one_parent,16,False,2,1509,2110.4050265249975,102
2643,one_parent,16,False,2,933,1216.030271099441,149
2644,one_parent,16,False,2,1512,2118.1017389378694,18
2645,one_parent,16,False,2,1509,2110.4050265249975,108
2646,one_parent,16,False,3,1509,2144.9660785708647,60,2256,3308.705458125873,55
2647,one_parent,16,False,2,933,1216.030271099441,151
2648,one_parent,16,False,3,1509,2144.9660785708647,54,2256,3308.705458125873,51
2649,one_parent,16,False,2,210,-11.030534351145043,166
2650,one_parent,16,False,2,1509,2110.4050265249975,116
2651,one_parent,16,False,2,96,-14.160305343511453,187
2652,one_parent,16,False,2,96,-14.160305343511453,195
2653,one_parent,16,False,2,933,1216.030271099441,143
2654,one_parent,16,False,4,1509,2144.9660785708647,46,2256,3308.705458125873,34,4248,6356.14932672304,105
2655,one_parent,16,False,2,210,-93.87404580152673,167
2656,one_parent,16,False,2,1509,2110.4050265249975,69
2657,one_parent,16,False,2,96,-14.160305343511453,199
2658,one_parent,16,False,2,1512,2118.1017389378694,7
2659,one_parent,16,False,2,1512,2118.1017389378694,25
2660,one_parent,16,False,2,144,-31.946564885496187,176
2661,one_parent,16,False,2,1509,2110.4050265249975,94
2662,one_parent,16,False,2,1509,2110.4050265249975,93
2663,one_parent,16,False,2,1509,2110.4050265249975,122
2664,one_parent,16,False,2,1509,2110.4050265249975,118
2665,one_parent,16,False,2,1509,2110.4050265249975,109
2666,one_parent,16,False,2,96,-14.160305343511453,198
2667,one_parent,16,False,2,249,216.6793893129771,159
2668,one_parent,16,False,2,162,-47.80534351145039,175
2669,one_parent,16,False,2,1512,2118.1017389378694,17
2670,one_parent,16,False,3,1509,2144.9660785708647,35,2256,3308.705458125873,54
2671,one_parent,16,False,3,1509,2144.9660785708647,43,2256,3308.705458125873,56
2672,one_parent,16,False,2,1512,2118.1017389378694,21
2673,one_parent,16,False,2,1509,2110.4050265249975,63
2674,one_parent,16,False,2,1509,2110.4050265249975,65
2675,one_parent,16,False,4,1509,2144.9660785708647,53,2256,3308.705458125873,38,4248,6356.14932672304,50
2676,one_parent,16,False,2,1512,2118.1017389378694,29
2677,one_parent,16,False,3,1509,2144.9660785708647,58,2256,3308.705458125873,75
2678,one_parent,16,False,3,1509,2144.9660785708647,57,2256,3308.705458125873,77
2679,one_parent,16,False,3,1506,2118.6534830321207,137,216,96.87022900763358,152
2680,one_parent,16,False,2,1509,2110.4050265249975,86
2681,one_parent,16,False,2,933,1216.030271099441,146
2682,one_parent,16,False,3,1506,2118.6534830321207,132,216,96.87022900763358,154
2683,one_parent,16,False,2,1509,2110.4050265249975,91
2684,one_parent,16,False,2,1509,2110.4050265249975,129
2685,one_parent,16,False,2,1512,2118.1017389378694,19
2686,one_parent,16,False,2,1512,2101.2637276054174,32
2687,one_parent,16,False,4,1509,2144.9660785708647,51,2256,3308.705458125873,31,4248,6356.14932672304,84
2688,one_parent,16,False,2,96,-14.160305343511453,178
2689,one_parent,16,False,2,1509,2110.4050265249975,128
2690,one_parent,16,False,2,207,60.11450381679391,168
2691,one_parent,16,False,3,1509,2144.9660785708647,39,2256,3308.705458125873,46
2692,one_parent,16,False,2,96,-14.160305343511453,182
2693,one_parent,16,False,2,1509,2110.4050265249975,76
2694,one_parent,16,False,2,96,-14.160305343511453,177
2695,one_parent,16,False,2,96,-14.160305343511453,185
2696,one_parent,16,False,4,1509,2144.9660785708647,45,2256,3308.705458125873,6,4248,6356.14932672304,41
2697,one_parent,16,False,2,96,-14.160305343511453,191
2698,one_parent,16,False,3,3378,4739.724588041683,1,2244,3195.7641644034434,128
2699,one_parent,16,False,2,1509,2110.4050265249975,114
2700,one_parent,16,False,2,210,134.48473282442745,161
2701,one_parent,16,False,2,96,-14.160305343511453,192
2702,one_parent,16,False,2,96,-14.160305343511453,197
2703,one_parent,16,False,2,1512,2118.1017389378694,11
2704,one_parent,16,False,2,1512,2118.1017389378694,8
2705,one_parent,16,False,3,1509,2144.9660785708647,44,2256,3308.705458125873,41
2706,one_parent,16,False,3,1509,2144.9660785708647,33,2256,3308.705458125873,59
2707,one_parent,16,False,2,933,1216.030271099441,156
2708,one_parent,16,False,2,930,1201.940911056643,157
2709,one_parent,16,False,2,1512,2118.1017389378694,15
2710,one_parent,16,False,2,1509,2110.4050265249975,98
2711,one_parent,16,False,2,1524,2106.0343513118223,2
2712,one_parent,16,False,2,1509,2116.617813092774,61
2713,one_parent,16,False,2,1512,2118.1017389378694,27
2714,one_parent,16,False,2,1512,2118.1017389378694,14
2715,one_parent,16,False,2,942,1299.945359031862,141
2716,one_parent,16,False,5,1509,2144.9660785708647,59,2256,3308.705458125873,15,4248,6356.14932672304,25,5412,8209.588384953942,84
2717,one_parent,16,False,2,1506,2118.6534830321207,139
2718,one_parent,16,False,2,1509,2110.4050265249975,77
2719,one_parent,16,False,2,933,1216.030271099441,155
2720,one_parent,16,False,2,207,-13.225190839694676,170
2721,one_parent,16,False,2,1509,2110.4050265249975,89
2722,one_parent,16,False,2,1509,2110.4050265249975,72
2723,one_parent,16,False,2,933,1216.030271099441,142
2724,one_parent,16,False,2,1509,2110.4050265249975,124
2725,one_parent,16,False,2,96,-14.160305343511453,184
2726,one_parent,16,False,2,96,-14.160305343511453,179
2727,one_parent,16,False,2,1509,2110.4050265249975,66
2728,one_parent,16,False,2,96,-14.160305343511453,196
2729,one_parent,16,False,2,210,119.50381679389307,163
2730,one_parent,16,False,2,207,-51.870229007633604,172
2731,one_parent,16,False,2,1509,2110.4050265249975,105
2732,one_parent,16,False,2,1512,2118.1017389378694,10
2733,one_parent,16,False,2,933,1216.030271099441,150
2734,one_parent,16,False,2,1509,2110.4050265249975,123
2735,one_parent,16,False,2,1509,2110.4050265249975,100
2736,one_parent,16,False,2,96,-14.160305343511453,188
2737,one_parent,16,False,2,933,1216.030271099441,152
2738,one_parent,16,False,3,1509,2144.9660785708647,47,2256,3308.705458125873,57
2739,one_parent,16,False,2,210,114.52290076335879,165
2740,one_parent,16,False,2,210,116.52671755725189,164
2741,one_parent,16,False,2,96,-14.160305343511453,180
2742,one_parent,16,False,2,96,-14.160305343511453,194
2743,one_parent,16,False,2,1512,2118.1017389378694,28
2744,one_parent,16,False,2,933,1216.030271099441,147
2745,one_parent,16,False,2,96,-14.160305343511453,189
2746,one_parent,16,False,2,933,1216.030271099441,153
2747,one_parent,16,False,3,1512,2119.7103257791855,4,2256,3275.4266537162184,80
2748,one_parent,16,False,3,1509,2144.9660785708647,49,2256,3308.705458125873,61
2749,one_parent,16,False,2,933,1216.030271099441,144
2750,one_parent,16,False,2,1512,2118.1017389378694,31
2751,one_parent,16,False,4,1509,2144.9660785708647,36,2256,3308.705458125873,28,4248,6356.14932672304,93
2752,one_parent,16,False,2,96,-14.160305343511453,181
2753,one_parent,16,False,2,96,-14.160305343511453,186
2754,one_parent,16,False,2,1503,2027.462499366269,140
2755,one_parent,16,False,2,96,-14.160305343511453,183
2756,one_parent,16,False,2,1512,2118.1017389378694,9
2757,one_parent,16,False,2,210,128.37786259541986,162
2758,one_parent,16,False,3,1509,2144.9660785708647,52,2256,3308.705458125873,63
2759,one_parent,16,False,5,1509,2144.9660785708647,34,2256,3308.705458125873,35,4248,6356.14932672304,26,5412,8209.588384953942,121
2760,one_parent,17,False,2,2256,3308.705458125873,43
2761,one_parent,17,False,2,2256,3229.485830980594,94
2762,one_parent,17,False,2,2256,3308.705458125873,69
2763,one_parent,17,False,2,2244,3195.7641644034434,124
2764,one_parent,17,False,4,2256,3308.705458125873,36,4248,6356.14932672304,11,5412,8209.588384953942,58
2765,one_parent,17,False,2,2256,3229.485830980594,86
2766,one_parent,17,False,2,2256,3229.485830980594,85
2767,one_parent,17,False,3,2256,3308.705458125873,18,4248,6356.14932672304,43
2768,one_parent,17,False,2,2244,3195.7641644034434,129
2769,one_parent,17,False,2,96,-66.37404580152672,194
2770,one_parent,17,False,2,2256,3308.705458125873,42
2771,one_parent,17,False,2,2244,3195.7641644034434,132
2772,one_parent,17,False,3,2256,3308.705458125873,20,4248,6356.14932672304,100
2773,one_parent,17,False,2,204,5.362595419847331,178
2774,one_parent,17,False,4,2256,3308.705458125873,39,4248,6356.14932672304,39,5412,8209.588384953942,117
2775,one_parent,17,False,2,255,188.4351145038168,144
2776,one_parent,17,False,2,2244,3195.7641644034434,123
2777,one_parent,17,False,3,2256,3308.705458125873,8,4248,6356.14932672304,78
2778,one_parent,17,False,2,210,-1.8129770992366474,161
2779,one_parent,17,False,2,144,22.67175572519082,187
2780,one_parent,17,False,2,204,16.755725190839684,177
2781,one_parent,17,False,2,2256,3229.485830980594,96
2782,one_parent,17,False,2,2244,3195.7641644034434,137
2783,one_parent,17,False,3,3675,4943.280761795275,0,4239,5826.6195455190045,141
2784,one_parent,17,False,2,2244,3195.7641644034434,133
2785,one_parent,17,False,2,2244,3195.7641644034434,118
2786,one_parent,17,False,2,2256,3308.705458125873,49
2787,one_parent,17,False,2,144,22.67175572519082,190
2788,one_parent,17,False,2,2256,3229.485830980594,100
2789,one_parent,17,False,2,2244,3195.7641644034434,121
2790,one_parent,17,False,2,2256,3229.485830980594,95
2791,one_parent,17,False,2,219,74.04580152671755,145
2792,one_parent,17,False,4,2256,3308.705458125873,9,4248,6356.14932672304,28,5412,8209.588384953942,86
2793,one_parent,17,False,2,210,-83.22519083969468,165
2794,one_parent,17,False,2,159,27.118320610686993,181
2795,one_parent,17,False,2,156,28.473282442748058,182
2796,one_parent,17,False,2,2244,3195.7641644034434,115
2797,one_parent,17,False,2,2244,3195.7641644034434,114
2798,one_parent,17,False,2,204,41.087786259542,176
2799,one_parent,17,False,2,96,-66.37404580152672,192
2800,one_parent,17,False,4,2256,3308.705458125873,23,4248,6356.14932672304,36,5412,8209.588384953942,90
2801,one_parent,17,False,4,2256,3308.705458125873,21,4248,6356.14932672304,13,5412,8209.588384953942,101
2802,one_parent,17,False,2,2256,3229.485830980594,93
2803,one_parent,17,False,2,2256,3229.485830980594,88
2804,one_parent,17,False,2,2256,3229.485830980594,81
2805,one_parent,17,False,2,144,22.67175572519082,189
2806,one_parent,17,False,2,2256,3229.485830980594,87
2807,one_parent,17,False,3,2256,3308.705458125873,11,4248,6356.14932672304,76
2808,one_parent,17,False,2,2256,3229.485830980594,84
2809,one_parent,17,False,2,2244,3195.7641644034434,122
2810,one_parent,17,False,2,2244,3195.7641644034434,113
2811,one_parent,17,False,2,2244,3195.7641644034434,134
2812,one_parent,17,False,2,213,20.419847328244273,159
2813,one_parent,17,False,4,2256,3308.705458125873,3,4248,6356.14932672304,38,5412,8209.588384953942,66
2814,one_parent,17,False,3,2256,3308.705458125873,4,4248,6356.14932672304,53
2815,one_parent,17,False,2,207,92.46183206106872,169
2816,one_parent,17,False,4,2256,3308.705458125873,7,4248,6356.14932672304,22,5412,8209.588384953942,76
2817,one_parent,17,False,2,2256,3229.485830980594,91
2818,one_parent,17,False,2,207,113.98854961832055,168
2819,one_parent,17,False,2,204,-19.713740458015266,179
2820,one_parent,17,False,2,2244,3195.7641644034434,116
2821,one_parent,17,False,4,2256,3308.705458125873,14,4248,6356.14932672304,20,5412,8209.588384953942,127
2822,one_parent,17,False,2,144,22.67175572519082,186
2823,one_parent,17,False,2,210,14.90458015267177,160
2824,one_parent,17,False,2,2256,3229.485830980594,109
2825,one_parent,17,False,2,207,24.618320610687036,172
2826,one_parent,17,False,2,2256,3229.485830980594,103
2827,one_parent,17,False,2,2256,3308.705458125873,67
2828,one_parent,17,False,3,2256,3308.705458125873,24,4248,6356.14932672304,45
2829,one_parent,17,False,2,96,-66.37404580152672,199
2830,one_parent,17,False,2,216,87.76717557251914,155
2831,one_parent,17,False,2,2244,3195.7641644034434,119
2832,one_parent,17,False,4,2256,3308.705458125873,19,4248,6356.14932672304,35,5412,8209.588384953942,120
2833,one_parent,17,False,4,2256,3308.705458125873,12,4248,6356.14932672304,29,5412,8209.588384953942,93
2834,one_parent,17,False,3,2256,3308.705458125873,29,4248,6356.14932672304,77
2835,one_parent,17,False,4,2256,3308.705458125873,10,4248,6356.14932672304,34,5412,8209.588384953942,88
2836,one_parent,17,False,2,219,25.78244274809161,146
2837,one_parent,17,False,2,2244,3255.881154331724,110
2838,one_parent,17,False,2,2256,3229.485830980594,90
2839,one_parent,17,False,2,2256,3308.705458125873,58
2840,one_parent,17,False,2,2244,3195.7641644034434,127
2841,one_parent,17,False,4,2256,3308.705458125873,17,4248,6356.14932672304,31,5412,8209.588384953942,103
2842,one_parent,17,False,2,2244,3195.7641644034434,138
2843,one_parent,17,False,2,786,832.6465901169597,143
2844,one_parent,17,False,2,2244,3190.643673804895,139
2845,one_parent,17,False,2,96,-66.37404580152672,193
2846,one_parent,17,False,2,2256,3229.485830980594,102
2847,one_parent,17,False,2,2244,3195.7641644034434,136
2848,one_parent,17,False,2,2256,3308.705458125873,44
2849,one_parent,17,False,2,2256,3308.705458125873,71
2850,one_parent,17,False,2,210,-75.95419847328243,164
2851,one_parent,17,False,2,207,1.1450381679389352,174
2852,one_parent,17,False,2,819,881.319260884186,141
2853,one_parent,17,False,2,2256,3229.485830980594,107
2854,one_parent,17,False,4,2256,3308.705458125873,40,4248,6356.14932672304,10,5412,8209.588384953942,74
2855,one_parent,17,False,2,207,40.4198473282443,171
2856,one_parent,17,False,2,144,22.67175572519082,188
2857,one_parent,17,False,2,2244,3195.7641644034434,135
2858,one_parent,17,False,3,2256,3308.705458125873,2,4248,6356.14932672304,111
2859,one_parent,17,False,2,96,-66.37404580152672,195
2860,one_parent,17,False,2,144,22.67175572519082,185
2861,one_parent,17,False,2,147,23.72137404580151,184
2862,one_parent,17,False,2,2256,3308.705458125873,78
2863,one_parent,17,False,2,789,773.7900104746615,142
2864,one_parent,17,False,2,2256,3308.705458125873,64
2865,one_parent,17,False,2,2256,3229.485830980594,89
2866,one_parent,17,False,2,2256,3229.485830980594,101
2867,one_parent,17,False,2,210,-141.14503816793894,166
2868,one_parent,17,False,2,2256,3308.705458125873,52
2869,one_parent,17,False,2,2256,3308.705458125873,65
2870,one_parent,17,False,2,2244,3195.7641644034434,125
2871,one_parent,17,False,2,213,108.01526717557255,157
2872,one_parent,17,False,4,2256,3308.705458125873,13,4248,6356.14932672304,7,5412,8209.588384953942,106
2873,one_parent,17,False,2,207,16.774809160305338,173
2874,one_parent,17,False,2,2256,3229.485830980594,104
2875,one_parent,17,False,2,207,-19.58015267175572,175
2876,one_parent,17,False,2,2256,3229.485830980594,82
2877,one_parent,17,False,2,2256,3308.705458125873,47
2878,one_parent,17,False,2,213,88.8931297709924,158
2879,one_parent,17,False,2,2256,3229.485830980594,106
2880,one_parent,17,False,2,2256,3229.485830980594,99
2881,one_parent,17,False,2,2244,3195.7641644034434,130
2882,one_parent,17,False,2,2244,3195.7641644034434,117
2883,one_parent,17,False,2,2256,3229.485830980594,108
2884,one_parent,17,False,2,2256,3229.485830980594,105
2885,one_parent,17,False,2,96,-66.37404580152672,198
2886,one_parent,17,False,2,2244,3195.7641644034434,120
2887,one_parent,17,False,2,144,22.67175572519082,191
2888,one_parent,17,False,2,2256,3308.705458125873,53
2889,one_parent,17,False,3,2256,3308.705458125873,27,4248,6356.14932672304,80
2890,one_parent,17,False,2,2256,3308.705458125873,73
2891,one_parent,17,False,2,2256,3308.705458125873,72
2892,one_parent,17,False,2,2259,3157.905326909244,1
2893,one_parent,17,False,2,2256,3308.705458125873,50
2894,one_parent,17,False,2,2256,3308.705458125873,74
2895,one_parent,17,False,2,96,-66.37404580152672,196
2896,one_parent,17,False,2,2256,3308.705458125873,60
2897,one_parent,17,False,2,2244,3195.7641644034434,112
2898,one_parent,17,False,2,2256,3308.705458125873,68
2899,one_parent,17,False,2,210,-19.503816793893137,162
2900,one_parent,17,False,2,2256,3229.485830980594,98
2901,one_parent,17,False,2,2244,3195.7641644034434,111
2902,one_parent,17,False,2,2256,3308.705458125873,62
2903,one_parent,17,False,2,210,-39.083969465648856,163
2904,one_parent,17,False,2,2244,3195.7641644034434,131
2905,one_parent,17,False,2,210,-146.18320610687022,167
2906,one_parent,17,False,4,2256,3308.705458125873,16,4248,6356.14932672304,21,5412,8209.588384953942,91
2907,one_parent,17,False,2,207,56.45038167938935,170
2908,one_parent,17,False,3,2256,3308.705458125873,37,4248,6356.14932672304,74
2909,one_parent,17,False,3,2256,3308.705458125873,30,4248,6356.14932672304,71
2910,one_parent,17,False,2,2226,3198.7971187941166,140
2911,one_parent,17,False,2,2256,3229.485830980594,92
2912,one_parent,17,False,3,2256,3308.705458125873,32,4248,6356.14932672304,81
2913,one_parent,17,False,2,96,-66.37404580152672,197
2914,one_parent,17,False,2,2256,3308.705458125873,79
2915,one_parent,17,False,2,156,-76.18320610687023,183
2916,one_parent,17,False,2,2256,3229.485830980594,83
2917,one_parent,17,False,2,2244,3195.7641644034434,126
2918,one_parent,17,False,3,2256,3308.705458125873,25,4248,6356.14932672304,51
2919,one_parent,17,False,2,204,-25.782442748091604,180
2920,one_parent,18,False,2,96,-12.79220779220779,194
2921,one_parent,18,False,2,360,335.29616527750875,172
2922,one_parent,18,False,2,4239,5826.6195455190045,148
2923,one_parent,18,False,2,4248,6356.14932672304,95
2924,one_parent,18,False,2,4248,6356.14932672304,55
2925,one_parent,18,False,2,4239,5826.6195455190045,130
2926,one_parent,18,False,2,144,37.012987012987,189
2927,one_parent,18,False,2,4248,6356.14932672304,112
2928,one_parent,18,False,2,4248,6356.14932672304,114
2929,one_parent,18,False,2,204,96.5800865800866,180
2930,one_parent,18,False,2,4248,6356.14932672304,58
2931,one_parent,18,False,2,4239,5826.6195455190045,146
2932,one_parent,18,False,2,96,-12.79220779220779,193
2933,one_parent,18,False,3,4248,6356.14932672304,8,5412,8209.588384953942,71
2934,one_parent,18,False,3,4248,6356.14932672304,37,5412,8209.588384953942,107
2935,one_parent,18,False,2,4248,6356.14932672304,94
2936,one_parent,18,False,2,4248,6356.14932672304,52
2937,one_parent,18,False,2,4248,6356.14932672304,108
2938,one_parent,18,False,3,4248,6356.14932672304,24,5412,8209.588384953942,59
2939,one_parent,18,False,2,4248,6356.14932672304,85
2940,one_parent,18,False,2,4239,5826.6195455190045,142
2941,one_parent,18,False,2,96,-12.79220779220779,196
2942,one_parent,18,False,2,4248,6356.14932672304,104
2943,one_parent,18,False,2,96,-12.79220779220779,190
2944,one_parent,18,False,2,4248,6356.14932672304,65
2945,one_parent,18,False,2,4248,6356.14932672304,42
2946,one_parent,18,False,2,96,-12.79220779220779,197
2947,one_parent,18,False,2,642,809.4222980921841,163
2948,one_parent,18,False,3,4248,6356.14932672304,19,5412,8209.588384953942,56
2949,one_parent,18,False,2,4239,5826.6195455190045,143
2950,one_parent,18,False,2,4248,6356.14932672304,115
2951,one_parent,18,False,2,4239,5826.6195455190045,144
2952,one_parent,18,False,2,210,66.17965367965365,176
2953,one_parent,18,False,3,4248,6356.14932672304,6,5412,8209.588384953942,115
2954,one_parent,18,False,3,4248,6356.14932672304,17,5412,8209.588384953942,111
2955,one_parent,18,False,2,168,44.24242424242421,183
2956,one_parent,18,False,2,381,358.7443464495703,171
2957,one_parent,18,False,3,4248,6356.14932672304,12,5412,8209.588384953942,122
2958,one_parent,18,False,2,642,785.5247943148869,164
2959,one_parent,18,False,2,381,364.2160948504233,170
2960,one_parent,18,False,2,4248,6356.14932672304,49
2961,one_parent,18,False,2,4239,5826.6195455190045,122
2962,one_parent,18,False,2,210,92.0346320346321,175
2963,one_parent,18,False,2,4248,6356.14932672304,61
2964,one_parent,18,False,3,4248,6356.14932672304,23,5412,8209.588384953942,75
2965,one_parent,18,False,4,14190,21654.7715699216,0,9294,13981.499768908528,9,660,780.6989167625036,102
2966,one_parent,18,False,2,4239,5826.6195455190045,152
2967,one_parent,18,False,2,381,377.97772501130703,169
2968,one_parent,18,False,2,4239,5826.6195455190045,134
2969,one_parent,18,False,2,4248,6356.14932672304,68
2970,one_parent,18,False,2,156,42.121212121212096,184
2971,one_parent,18,False,2,4248,6356.14932672304,57
2972,one_parent,18,False,2,4239,5826.6195455190045,147
2973,one_parent,18,False,2,4248,6356.14932672304,75
2974,one_parent,18,False,2,936,1192.1320065304367,161
2975,one_parent,18,False,2,351,339.13129159397823,173
2976,one_parent,18,False,2,4248,6356.14932672304,110
2977,one_parent,18,False,2,4248,6356.14932672304,101
2978,one_parent,18,False,2,213,117.98701298701292,174
2979,one_parent,18,False,2,4248,6356.14932672304,56
2980,one_parent,18,False,2,4239,5826.6195455190045,131
2981,one_parent,18,False,3,4248,6356.14932672304,15,5412,8209.588384953942,69
2982,one_parent,18,False,3,4248,6356.14932672304,18,5412,8209.588384953942,132
2983,one_parent,18,False,2,4239,5826.6195455190045,137
2984,one_parent,18,False,2,96,-12.79220779220779,198
2985,one_parent,18,False,2,4239,5826.6195455190045,140
2986,one_parent,18,False,2,4248,6356.14932672304,117
2987,one_parent,18,False,2,96,-12.79220779220779,195
2988,one_parent,18,False,2,4239,5826.6195455190045,132
2989,one_parent,18,False,2,4239,5826.6195455190045,123
2990,one_parent,18,False,2,4248,6356.14932672304,106
2991,one_parent,18,False,2,144,37.012987012987,187
2992,one_parent,18,False,2,4248,6356.14932672304,67
2993,one_parent,18,False,2,4248,6356.14932672304,46
2994,one_parent,18,False,2,4239,5826.6195455190045,151
2995,one_parent,18,False,2,96,-12.79220779220779,192
2996,one_parent,18,False,2,4248,6356.14932672304,86
2997,one_parent,18,False,2,144,37.012987012987,186
2998,one_parent,18,False,2,936,1265.7328380023382,157
2999,one_parent,18,False,2,207,86.39610389610388,177
3000,one_parent,18,False,2,4248,6356.14932672304,103
3001,one_parent,18,False,2,4239,6124.96836173659,120
3002,one_parent,18,False,2,4239,5826.6195455190045,121
3003,one_parent,18,False,3,4248,6356.14932672304,4,5412,8209.588384953942,89
3004,one_parent,18,False,2,4239,5826.6195455190045,150
3005,one_parent,18,False,2,4248,6356.14932672304,44
3006,one_parent,18,False,2,4248,6356.14932672304,64
3007,one_parent,18,False,2,4248,6356.14932672304,87
3008,one_parent,18,False,2,4239,5826.6195455190045,129
3009,one_parent,18,False,2,4236,5764.003758774962,155
3010,one_parent,18,False,2,207,78.60389610389612,178
3011,one_parent,18,False,2,936,1258.7249638353555,159
3012,one_parent,18,False,2,4239,5826.6195455190045,126
3013,one_parent,18,False,2,4239,5826.6195455190045,154
3014,one_parent,18,False,2,4248,6356.14932672304,89
3015,one_parent,18,False,3,14106,20721.445532372243,2,4443,6406.507424708643,139
3016,one_parent,18,False,2,204,73.78787878787881,181
3017,one_parent,18,False,2,96,-12.79220779220779,199
3018,one_parent,18,False,2,4248,6356.14932672304,62
3019,one_parent,18,False,2,4248,6356.14932672304,79
3020,one_parent,18,False,2,4248,6356.14932672304,113
3021,one_parent,18,False,3,4248,6356.14932672304,16,5412,8209.588384953942,129
3022,one_parent,18,False,2,4278,5895.446336650588,3
3023,one_parent,18,False,7,14187,21710.11357409953,1,5418,8238.446536127965,39,663,787.4901152643764,17,1521,2218.0498638301624,28,1245,1748.349465869381,25,2535,3702.801315597679,49
3024,one_parent,18,False,2,4248,6356.14932672304,88
3025,one_parent,18,False,3,4248,6356.14932672304,9,5412,8209.588384953942,113
3026,one_parent,18,False,2,96,-12.79220779220779,191
3027,one_parent,18,False,2,4239,5826.6195455190045,138
3028,one_parent,18,False,3,4248,6356.14932672304,40,5412,8209.588384953942,63
3029,one_parent,18,False,2,4248,6356.14932672304,69
3030,one_parent,18,False,2,4248,6356.14932672304,118
3031,one_parent,18,False,2,642,783.277378984037,165
3032,one_parent,18,False,2,4239,6231.300431036614,119
3033,one_parent,18,False,2,4248,6356.14932672304,54
3034,one_parent,18,False,2,669,736.7885409987737,162
3035,one_parent,18,False,2,639,774.276171496849,167
3036,one_parent,18,False,2,4248,6356.14932672304,66
3037,one_parent,18,False,2,4248,6356.14932672304,47
3038,one_parent,18,False,2,4239,5826.6195455190045,133
3039,one_parent,18,False,3,4248,6356.14932672304,5,5412,8209.588384953942,128
3040,one_parent,18,False,3,4248,6356.14932672304,27,5412,8209.588384953942,95
3041,one_parent,18,False,2,4239,5826.6195455190045,128
3042,one_parent,18,False,2,4248,6356.14932672304,97
3043,one_parent,18,False,2,4248,6356.14932672304,48
3044,one_parent,18,False,2,4248,6356.14932672304,82
3045,one_parent,18,False,2,4239,5826.6195455190045,139
3046,one_parent,18,False,2,144,37.012987012987,185
3047,one_parent,18,False,2,4248,6356.14932672304,98
3048,one_parent,18,False,2,4239,5826.6195455190045,149
3049,one_parent,18,False,2,207,71.26623376623375,179
3050,one_parent,18,False,2,4248,6356.14932672304,109
3051,one_parent,18,False,3,4248,6356.14932672304,33,5412,8209.588384953942,126
3052,one_parent,18,False,2,4248,6356.14932672304,70
3053,one_parent,18,False,2,936,1260.9894222234093,158
3054,one_parent,18,False,2,4239,5826.6195455190045,153
3055,one_parent,18,False,2,144,37.012987012987,188
3056,one_parent,18,False,2,936,1245.966901120183,160
3057,one_parent,18,False,2,174,51.92640692640691,182
3058,one_parent,18,False,3,4248,6356.14932672304,30,5412,8209.588384953942,100
3059,one_parent,18,False,2,4239,5826.6195455190045,145
3060,one_parent,18,False,2,4248,6356.14932672304,83
3061,one_parent,18,False,2,4248,6356.14932672304,60
3062,one_parent,18,False,2,4239,5826.6195455190045,127
3063,one_parent,18,False,2,4248,6356.14932672304,96
3064,one_parent,18,False,2,4239,5826.6195455190045,135
3065,one_parent,18,False,2,4248,6356.14932672304,91
3066,one_parent,18,False,2,4248,6356.14932672304,99
3067,one_parent,18,False,2,4248,6356.14932672304,102
3068,one_parent,18,False,3,4248,6356.14932672304,32,5412,8209.588384953942,96
3069,one_parent,18,False,2,4248,6356.14932672304,59
3070,one_parent,18,False,3,4248,6356.14932672304,14,5412,8209.588384953942,70
3071,one_parent,18,False,2,4239,5826.6195455190045,124
3072,one_parent,18,False,2,4239,5826.6195455190045,136
3073,one_parent,18,False,2,4239,5826.6195455190045,125
3074,one_parent,18,False,2,939,1231.0761391171604,156
3075,one_parent,18,False,2,4248,6356.14932672304,90
3076,one_parent,18,False,2,384,350.202962460425,168
3077,one_parent,18,False,2,642,750.5022403295285,166
3078,one_parent,18,False,2,4248,6356.14932672304,72
3079,one_parent,18,False,2,4248,6356.14932672304,107
3080,one_parent,19,False,2,4443,6406.507424708643,137
3081,one_parent,19,False,2,5412,8209.588384953942,78
3082,one_parent,19,False,2,4443,6406.507424708643,148
3083,one_parent,19,False,2,5412,8209.588384953942,62
3084,one_parent,19,False,2,96,-40.70552147239264,190
3085,one_parent,19,False,2,4443,6406.507424708643,138
3086,one_parent,19,False,2,144,33.128834355828204,180
3087,one_parent,19,False,2,4443,6406.507424708643,144
3088,one_parent,19,False,2,144,33.128834355828204,179
3089,one_parent,19,False,2,5418,8238.446536127965,54
3090,one_parent,19,False,3,9294,13981.499768908528,16,660,780.6989167625036,115
3091,one_parent,19,False,2,204,98.68098159509208,175
3092,one_parent,19,False,4,5418,8238.446536127965,25,663,787.4901152643764,19,1521,2218.0498638301624,41
3093,one_parent,19,False,2,96,-40.70552147239264,187
3094,one_parent,19,False,2,96,-40.70552147239264,197
3095,one_parent,19,False,2,207,38.52760736196316,173
3096,one_parent,19,False,2,5412,8209.588384953942,68
3097,one_parent,19,False,2,207,72.94478527607362,171
3098,one_parent,19,False,6,5418,8238.446536127965,34,663,787.4901152643764,25,1521,2218.0498638301624,34,1245,1748.349465869381,21,2535,3702.801315597679,46
3099,one_parent,19,False,2,4443,6406.507424708643,147
3100,one_parent,19,False,2,4455,6514.138126911297,134
3101,one_parent,19,False,2,5412,8209.588384953942,123
3102,one_parent,19,False,2,4443,6406.507424708643,135
3103,one_parent,19,False,2,96,-40.70552147239264,188
3104,one_parent,19,False,2,198,60.690184049079704,176
3105,one_parent,19,False,3,9294,13981.499768908528,3,660,780.6989167625036,77
3106,one_parent,19,False,2,5418,8238.446536127965,50
3107,one_parent,19,False,2,5412,8209.588384953942,67
3108,one_parent,19,False,2,5412,8209.588384953942,64
3109,one_parent,19,False,2,1653,2379.5610492318738,153
3110,one_parent,19,False,2,5412,8209.588384953942,108
3111,one_parent,19,False,2,5412,8209.588384953942,72
3112,one_parent,19,False,2,5412,8209.588384953942,105
3113,one_parent,19,False,2,4443,6406.507424708643,142
3114,one_parent,19,False,2,1935,2645.138739975975,152
3115,one_parent,19,False,2,144,33.128834355828204,185
3116,one_parent,19,False,2,210,-29.693251533742316,169
3117,one_parent,19,False,2,144,33.128834355828204,184
3118,one_parent,19,False,2,1938,2534.5509415122956,151
3119,one_parent,19,False,4,5418,8238.446536127965,33,663,787.4901152643764,33,1521,2218.0498638301624,45
3120,one_parent,19,False,2,4443,6406.507424708643,136
3121,one_parent,19,False,2,210,7.239263803680942,167
3122,one_parent,19,False,4,5418,8238.446536127965,35,663,787.4901152643764,15,1521,2218.0498638301624,39
3123,one_parent,19,False,2,5418,8238.446536127965,49
3124,one_parent,19,False,2,5418,8238.446536127965,52
3125,one_parent,19,False,2,5418,8238.446536127965,44
3126,one_parent,19,False,2,5418,8238.446536127965,45
3127,one_parent,19,False,2,231,128.48159509202452,157
3128,one_parent,19,False,4,5418,8238.446536127965,30,663,787.4901152643764,21,1521,2218.0498638301624,42
3129,one_parent,19,False,2,1938,2662.853221387381,150
3130,one_parent,19,False,6,5418,8238.446536127965,28,663,787.4901152643764,22,1521,2218.0498638301624,35,1245,1748.349465869381,29,2535,3702.801315597679,54
3131,one_parent,19,False,2,1380,1955.7570620877389,154
3132,one_parent,19,False,2,5418,8238.446536127965,47
3133,one_parent,19,False,2,96,-40.70552147239264,196
3134,one_parent,19,False,3,9294,13981.499768908528,10,660,780.6989167625036,117
3135,one_parent,19,False,3,9294,13981.499768908528,0,660,780.6989167625036,162
3136,one_parent,19,False,2,210,-3.2515337423313184,168
3137,one_parent,19,False,2,207,75.92024539877296,170
3138,one_parent,19,False,6,5418,8238.446536127965,20,663,787.4901152643764,31,1521,2218.0498638301624,26,1245,1748.349465869381,24,2535,3702.801315597679,44
3139,one_parent,19,False,3,9294,13981.499768908528,7,660,780.6989167625036,62
3140,one_parent,19,False,2,5412,8209.588384953942,130
3141,one_parent,19,False,2,5418,8159.639937123528,55
3142,one_parent,19,False,2,5412,8209.588384953942,114
3143,one_parent,19,False,2,4443,6406.507424708643,145
3144,one_parent,19,False,3,9294,13981.499768908528,4,660,780.6989167625036,139
3145,one_parent,19,False,2,144,33.128834355828204,183
3146,one_parent,19,False,2,4443,6406.507424708643,141
3147,one_parent,19,False,2,210,21.64110429447848,163
3148,one_parent,19,False,5,5421,8268.373341563922,19,666,819.2166878278357,4,1521,2233.0251884537192,16,1248,1742.589042482044,9
3149,one_parent,19,False,2,168,39.8773006134969,178
3150,one_parent,19,False,2,5412,8209.588384953942,65
3151,one_parent,19,False,2,5412,8209.588384953942,57
3152,one_parent,19,False,3,9294,13981.499768908528,12,660,780.6989167625036,101
3153,one_parent,19,False,2,5412,8209.588384953942,124
3154,one_parent,19,False,2,5412,8209.588384953942,119
3155,one_parent,19,False,4,9294,13981.499768908528,1,660,780.6989167625036,39,1518,2212.8138449560965,60
3156,one_parent,19,False,4,5418,8238.446536127965,26,663,787.4901152643764,24,1521,2218.0498638301624,38
3157,one_parent,19,False,2,210,16.855828220858854,165
3158,one_parent,19,False,3,9294,13981.499768908528,8,660,780.6989167625036,125
3159,one_parent,19,False,2,207,38.52760736196316,174
3160,one_parent,19,False,2,210,37.19325153374231,162
3161,one_parent,19,False,2,5412,8209.588384953942,83
3162,one_parent,19,False,2,5412,8209.588384953942,81
3163,one_parent,19,False,2,5412,8209.588384953942,99
3164,one_parent,19,False,2,5418,8238.446536127965,51
3165,one_parent,19,False,2,96,-40.70552147239264,192
3166,one_parent,19,False,2,144,33.128834355828204,182
3167,one_parent,19,False,2,207,65.30674846625767,172
3168,one_parent,19,False,2,210,7.239263803680942,166
3169,one_parent,19,False,2,5412,8209.588384953942,104
3170,one_parent,19,False,4,5418,8238.446536127965,37,663,787.4901152643764,14,1521,2218.0498638301624,43
3171,one_parent,19,False,2,5412,8209.588384953942,61
3172,one_parent,19,False,2,225,144.43251533742338,158
3173,one_parent,19,False,4,5418,8238.446536127965,21,663,787.4901152643764,20,1521,2218.0498638301624,44
3174,one_parent,19,False,2,5412,8209.588384953942,87
3175,one_parent,19,False,2,4443,6406.507424708643,143
3176,one_parent,19,False,2,96,-40.70552147239264,195
3177,one_parent,19,False,2,5412,8209.588384953942,73
3178,one_parent,19,False,2,5412,8209.588384953942,118
3179,one_parent,19,False,2,5418,8238.446536127965,43
3180,one_parent,19,False,2,5418,8238.446536127965,48
3181,one_parent,19,False,2,5412,8209.588384953942,94
3182,one_parent,19,False,2,210,63.23619631901833,160
3183,one_parent,19,False,2,5418,8238.446536127965,42
3184,one_parent,19,False,2,5412,8209.588384953942,125
3185,one_parent,19,False,6,5418,8238.446536127965,24,663,787.4901152643764,29,1521,2218.0498638301624,32,1245,1748.349465869381,28,2535,3702.801315597679,53
3186,one_parent,19,False,2,5412,8209.588384953942,82
3187,one_parent,19,False,2,96,-40.70552147239264,191
3188,one_parent,19,False,2,5412,8209.588384953942,102
3189,one_parent,19,False,2,144,33.128834355828204,181
3190,one_parent,19,False,3,9294,13981.499768908528,2,660,780.6989167625036,50
3191,one_parent,19,False,3,9294,13981.499768908528,6,660,780.6989167625036,160
3192,one_parent,19,False,4,8610,12858.683102799669,18,666,787.0077640056583,7,1518,2188.565419210006,127
3193,one_parent,19,False,2,5412,8209.588384953942,92
3194,one_parent,19,False,2,4443,6406.507424708643,140
3195,one_parent,19,False,2,5412,8209.588384953942,131
3196,one_parent,19,False,6,5418,8238.446536127965,36,663,787.4901152643764,18,1521,2218.0498638301624,30,1245,1748.349465869381,30,2535,3702.801315597679,51
3197,one_parent,19,False,2,5418,8238.446536127965,41
3198,one_parent,19,False,2,5412,8209.588384953942,60
3199,one_parent,19,False,2,96,-40.70552147239264,193
3200,one_parent,19,False,2,5418,8238.446536127965,40
3201,one_parent,19,False,3,9294,13981.499768908528,15,660,780.6989167625036,99
3202,one_parent,19,False,3,9294,13981.499768908528,13,660,780.6989167625036,40
3203,one_parent,19,False,2,210,16.855828220858854,164
3204,one_parent,19,False,2,195,60.398773006134945,177
3205,one_parent,19,False,6,5418,8238.446536127965,27,663,787.4901152643764,27,1521,2218.0498638301624,27,1245,1748.349465869381,22,2535,3702.801315597679,40
3206,one_parent,19,False,2,1089,1417.9530951291092,155
3207,one_parent,19,False,2,5412,8209.588384953942,79
3208,one_parent,19,False,6,5418,8238.446536127965,22,663,787.4901152643764,28,1521,2218.0498638301624,29,1245,1748.349465869381,23,2535,3702.801315597679,48
3209,one_parent,19,False,2,96,-40.70552147239264,189
3210,one_parent,19,False,2,3981,5994.709938945579,149
3211,one_parent,19,False,2,96,-40.70552147239264,199
3212,one_parent,19,False,2,5412,8209.588384953942,133
3213,one_parent,19,False,2,5412,8209.588384953942,77
3214,one_parent,19,False,2,5412,8209.588384953942,97
3215,one_parent,19,False,2,4443,6406.507424708643,146
3216,one_parent,19,False,5,9165,13867.853540578664,17,663,791.3840062941844,13,1521,2239.0328229755537,1,1245,1738.1471506999965,85
3217,one_parent,19,False,6,5418,8238.446536127965,32,663,787.4901152643764,30,1521,2218.0498638301624,37,1245,1748.349465869381,26,2535,3702.801315597679,55
3218,one_parent,19,False,2,5418,8238.446536127965,53
3219,one_parent,19,False,2,5412,8209.588384953942,116
3220,one_parent,19,False,2,210,53.0674846625767,161
3221,one_parent,19,False,2,5412,8209.588384953942,98
3222,one_parent,19,False,4,5418,8238.446536127965,23,663,787.4901152643764,26,1521,2218.0498638301624,40
3223,one_parent,19,False,6,5418,8238.446536127965,38,663,787.4901152643764,23,1521,2218.0498638301624,36,1245,1748.349465869381,31,2535,3702.801315597679,42
3224,one_parent,19,False,2,210,74.41717791411043,159
3225,one_parent,19,False,3,9294,13981.499768908528,11,660,780.6989167625036,93
3226,one_parent,19,False,2,96,-40.70552147239264,198
3227,one_parent,19,False,3,9294,13981.499768908528,14,660,780.6989167625036,94
3228,one_parent,19,False,6,5418,8238.446536127965,29,663,787.4901152643764,16,1521,2218.0498638301624,33,1245,1748.349465869381,27,2535,3702.801315597679,50
3229,one_parent,19,False,2,5412,8209.588384953942,112
3230,one_parent,19,False,2,5412,8209.588384953942,85
3231,one_parent,19,False,2,144,33.128834355828204,186
3232,one_parent,19,False,2,5418,8238.446536127965,46
3233,one_parent,19,False,2,5412,8209.588384953942,110
3234,one_parent,19,False,2,5412,8209.588384953942,80
3235,one_parent,19,False,2,96,-40.70552147239264,194
3236,one_parent,19,False,2,5412,8209.588384953942,109
3237,one_parent,19,False,2,231,179.96932515337423,156
3238,one_parent,19,False,3,9294,13981.499768908528,5,660,780.6989167625036,163
3239,one_parent,19,False,4,5418,8238.446536127965,31,663,787.4901152643764,32,1521,2218.0498638301624,46
3240,one_parent,20,False,3,639,793.5675524892205,166,516,638.1555352542192,132
3241,one_parent,20,False,2,660,780.6989167625036,45
3242,one_parent,20,False,2,660,780.6989167625036,95
3243,one_parent,20,False,2,660,780.6989167625036,69
3244,one_parent,20,False,2,660,780.6989167625036,70
3245,one_parent,20,False,2,96,-19.132231404958677,198
3246,one_parent,20,False,2,660,780.6989167625036,147
3247,one_parent,20,False,2,210,-37.58264462809918,178
3248,one_parent,20,False,2,660,780.6989167625036,67
3249,one_parent,20,False,2,660,780.6989167625036,68
3250,one_parent,20,False,2,660,780.6989167625036,84
3251,one_parent,20,False,2,660,780.6989167625036,97
3252,one_parent,20,False,2,660,780.6989167625036,81
3253,one_parent,20,False,2,660,780.6989167625036,79
3254,one_parent,20,False,2,660,780.6989167625036,82
3255,one_parent,20,False,2,660,780.6989167625036,83
3256,one_parent,20,False,2,660,780.6989167625036,105
3257,one_parent,20,False,2,660,780.6989167625036,107
3258,one_parent,20,False,2,660,780.6989167625036,78
3259,one_parent,20,False,2,660,780.6989167625036,90
3260,one_parent,20,False,2,96,-19.132231404958677,195
3261,one_parent,20,False,2,660,780.6989167625036,43
3262,one_parent,20,False,2,660,780.6989167625036,129
3263,one_parent,20,False,2,216,38.49173553719005,171
3264,one_parent,20,False,2,660,780.6989167625036,136
3265,one_parent,20,False,2,660,780.6989167625036,122
3266,one_parent,20,False,2,660,780.6989167625036,152
3267,one_parent,20,False,2,660,780.6989167625036,143
3268,one_parent,20,False,2,660,780.6989167625036,108
3269,one_parent,20,False,2,660,780.6989167625036,127
3270,one_parent,20,False,2,96,-19.132231404958677,196
3271,one_parent,20,False,2,660,780.6989167625036,131
3272,one_parent,20,False,2,660,780.6989167625036,154
3273,one_parent,20,False,2,660,780.6989167625036,100
3274,one_parent,20,False,2,660,780.6989167625036,52
3275,one_parent,20,False,2,660,780.6989167625036,137
3276,one_parent,20,False,2,660,780.6989167625036,98
3277,one_parent,20,False,2,204,71.73553719008262,183
3278,one_parent,20,False,2,660,780.6989167625036,124
3279,one_parent,20,False,2,210,143.90495867768604,174
3280,one_parent,20,False,2,204,52.02479338842974,184
3281,one_parent,20,False,2,660,780.6989167625036,59
3282,one_parent,20,False,2,660,744.556815800815,164
3283,one_parent,20,False,2,660,780.6989167625036,144
3284,one_parent,20,False,2,660,780.6989167625036,138
3285,one_parent,20,False,2,660,780.6989167625036,134
3286,one_parent,20,False,2,660,780.6989167625036,159
3287,one_parent,20,False,2,660,780.6989167625036,104
3288,one_parent,20,False,3,1365,1764.1244503185173,0,1518,2207.4411660398264,77
3289,one_parent,20,False,2,660,780.6989167625036,57
3290,one_parent,20,False,2,660,780.6989167625036,123
3291,one_parent,20,False,2,660,780.6989167625036,47
3292,one_parent,20,False,2,660,780.6989167625036,103
3293,one_parent,20,False,2,660,780.6989167625036,61
3294,one_parent,20,False,2,660,780.6989167625036,140
3295,one_parent,20,False,2,660,780.6989167625036,53
3296,one_parent,20,False,2,144,-35.950413223140494,187
3297,one_parent,20,False,3,660,780.6989167625036,35,1518,2212.8138449560965,59
3298,one_parent,20,False,2,660,780.6989167625036,85
3299,one_parent,20,False,2,96,-19.132231404958677,197
3300,one_parent,20,False,2,660,780.6989167625036,65
3301,one_parent,20,False,2,660,780.6989167625036,133
3302,one_parent,20,False,2,96,-19.132231404958677,199
3303,one_parent,20,False,2,660,780.6989167625036,158
3304,one_parent,20,False,2,96,-19.132231404958677,194
3305,one_parent,20,False,2,660,780.6989167625036,48
3306,one_parent,20,False,2,660,780.6989167625036,109
3307,one_parent,20,False,2,210,174.21487603305786,172
3308,one_parent,20,False,2,660,780.6989167625036,112
3309,one_parent,20,False,2,660,780.6989167625036,146
3310,one_parent,20,False,2,144,-35.950413223140494,188
3311,one_parent,20,False,2,660,780.6989167625036,80
3312,one_parent,20,False,2,96,-19.132231404958677,192
3313,one_parent,20,False,2,660,780.6989167625036,60
3314,one_parent,20,False,2,660,780.6989167625036,142
3315,one_parent,20,False,2,669,773.4129548311763,3
3316,one_parent,20,False,4,663,807.5582140450641,11,1521,2235.7334357005184,10,501,608.9429357684412,142
3317,one_parent,20,False,2,249,180.1446280991736,169
3318,one_parent,20,False,3,1365,1741.5896816112872,1,1518,2206.8770991280458,105
3319,one_parent,20,False,2,660,780.6989167625036,128
3320,one_parent,20,False,2,660,780.6989167625036,118
3321,one_parent,20,False,2,660,780.6989167625036,130
3322,one_parent,20,False,2,207,79.21487603305783,180
3323,one_parent,20,False,2,210,128.22314049586777,177
3324,one_parent,20,False,2,660,780.6989167625036,155
3325,one_parent,20,False,2,660,780.6989167625036,91
3326,one_parent,20,False,2,660,780.6989167625036,71
3327,one_parent,20,False,2,660,780.6989167625036,151
3328,one_parent,20,False,3,660,780.6989167625036,38,1518,2212.8138449560965,62
3329,one_parent,20,False,2,660,780.6989167625036,126
3330,one_parent,20,False,2,207,91.98347107438016,179
3331,one_parent,20,False,2,660,780.6989167625036,49
3332,one_parent,20,False,6,663,802.3652523208845,12,1521,2226.1336722335823,25,1245,1751.0886023671192,18,2535,3705.7658637037066,33,936,1252.6614437829724,14
3333,one_parent,20,False,2,258,212.99586776859508,168
3334,one_parent,20,False,2,660,780.6989167625036,116
3335,one_parent,20,False,2,660,780.6989167625036,87
3336,one_parent,20,False,2,660,780.6989167625036,149
3337,one_parent,20,False,2,660,780.6989167625036,58
3338,one_parent,20,False,2,660,780.6989167625036,86
3339,one_parent,20,False,2,660,780.6989167625036,106
3340,one_parent,20,False,3,660,780.6989167625036,37,1518,2212.8138449560965,58
3341,one_parent,20,False,3,663,845.9806382755833,8,513,650.5703375571806,142
3342,one_parent,20,False,2,651,643.944134517169,165
3343,one_parent,20,False,2,660,780.6989167625036,157
3344,one_parent,20,False,3,669,788.9139843175227,2,1521,2187.9799667953816,55
3345,one_parent,20,False,2,141,3.9669421487603174,189
3346,one_parent,20,False,2,660,780.6989167625036,89
3347,one_parent,20,False,2,660,780.6989167625036,76
3348,one_parent,20,False,2,264,206.57024793388433,167
3349,one_parent,20,False,2,660,780.6989167625036,63
3350,one_parent,20,False,2,660,780.6989167625036,72
3351,one_parent,20,False,2,660,780.6989167625036,114
3352,one_parent,20,False,2,660,780.6989167625036,111
3353,one_parent,20,False,3,660,780.6989167625036,36,1518,2212.8138449560965,61
3354,one_parent,20,False,2,660,780.6989167625036,96
3355,one_parent,20,False,2,660,780.6989167625036,41
3356,one_parent,20,False,2,198,-88.82231404958677,185
3357,one_parent,20,False,2,660,780.6989167625036,42
3358,one_parent,20,False,2,660,780.6989167625036,161
3359,one_parent,20,False,2,660,780.6989167625036,120
3360,one_parent,20,False,2,660,780.6989167625036,121
3361,one_parent,20,False,2,660,780.6989167625036,55
3362,one_parent,20,False,2,96,-19.132231404958677,191
3363,one_parent,20,False,2,660,780.6989167625036,141
3364,one_parent,20,False,2,660,780.6989167625036,156
3365,one_parent,20,False,4,660,786.5873465145698,34,1521,2244.0617125992326,0,1245,1745.151570554539,57
3366,one_parent,20,False,2,660,780.6989167625036,92
3367,one_parent,20,False,2,660,780.6989167625036,54
3368,one_parent,20,False,2,660,780.6989167625036,145
3369,one_parent,20,False,2,96,-19.132231404958677,193
3370,one_parent,20,False,2,660,780.6989167625036,46
3371,one_parent,20,False,2,660,780.6989167625036,74
3372,one_parent,20,False,2,660,780.6989167625036,150
3373,one_parent,20,False,2,210,143.90495867768604,176
3374,one_parent,20,False,2,660,780.6989167625036,44
3375,one_parent,20,False,3,666,795.748758157914,6,1521,2217.634961179591,49
3376,one_parent,20,False,2,660,780.6989167625036,75
3377,one_parent,20,False,4,663,821.4188945417893,10,1521,2237.373112224011,5,1245,1733.8996177494146,134
3378,one_parent,20,False,2,660,780.6989167625036,88
3379,one_parent,20,False,2,660,780.6989167625036,119
3380,one_parent,20,False,2,207,51.26033057851241,182
3381,one_parent,20,False,2,210,170.99173553719007,173
3382,one_parent,20,False,2,660,780.6989167625036,73
3383,one_parent,20,False,2,210,143.90495867768604,175
3384,one_parent,20,False,2,660,780.6989167625036,153
3385,one_parent,20,False,3,666,802.4704379081943,5,1521,2212.655756985233,53
3386,one_parent,20,False,2,660,780.6989167625036,51
3387,one_parent,20,False,2,660,780.6989167625036,148
3388,one_parent,20,False,2,660,780.6989167625036,135
3389,one_parent,20,False,2,96,-19.132231404958677,190
3390,one_parent,20,False,2,660,780.6989167625036,64
3391,one_parent,20,False,2,159,-55.51652892561983,186
3392,one_parent,20,False,3,663,838.9557493493913,9,1518,2202.9093047144024,113
3393,one_parent,20,False,2,660,780.6989167625036,110
3394,one_parent,20,False,2,660,780.6989167625036,66
3395,one_parent,20,False,2,660,780.6989167625036,56
3396,one_parent,20,False,2,660,780.6989167625036,113
3397,one_parent,20,False,2,660,780.6989167625036,132
3398,one_parent,20,False,2,219,151.28099173553716,170
3399,one_parent,20,False,2,207,73.7603305785124,181
3400,one_parent,21,False,2,1518,2202.9093047144024,119
3401,one_parent,21,False,3,1521,2237.373112224011,8,1245,1733.8996177494146,124
3402,one_parent,21,False,2,1518,2207.4411660398264,81
3403,one_parent,21,False,2,1518,2180.1680200633637,128
3404,one_parent,21,False,2,96,-18.434065934065934,190
3405,one_parent,21,False,3,1521,2233.0251884537192,14,1248,1742.589042482044,8
3406,one_parent,21,False,3,1521,2233.0251884537192,12,1248,1742.589042482044,12
3407,one_parent,21,False,2,1518,2206.8770991280458,109
3408,one_parent,21,False,2,207,77.3763736263736,165
3409,one_parent,21,False,2,219,111.00274725274727,154
3410,one_parent,21,False,2,513,650.5703375571806,144
3411,one_parent,21,False,2,1518,2206.8770991280458,96
3412,one_parent,21,False,3,1521,2237.373112224011,7,1245,1733.8996177494146,119
3413,one_parent,21,False,3,1521,2235.7334357005184,9,501,608.9429357684412,144
3414,one_parent,21,False,2,1518,2202.9093047144024,114
3415,one_parent,21,False,2,207,109.68406593406593,159
3416,one_parent,21,False,2,1518,2202.9093047144024,118
3417,one_parent,21,False,2,96,-18.434065934065934,192
3418,one_parent,21,False,2,144,22.005494505494525,184
3419,one_parent,21,False,2,1518,2207.4411660398264,68
3420,one_parent,21,False,2,1521,2212.655756985233,50
3421,one_parent,21,False,2,1518,2207.4411660398264,67
3422,one_parent,21,False,3,1521,2227.923795690373,22,1248,1745.004531570658,5
3423,one_parent,21,False,2,141,10.728021978021964,186
3424,one_parent,21,False,2,516,638.1555352542192,133
3425,one_parent,21,False,2,207,56.53846153846153,167
3426,one_parent,21,False,2,210,106.71703296703296,157
3427,one_parent,21,False,2,96,-18.434065934065934,195
3428,one_parent,21,False,2,207,90.97527472527472,163
3429,one_parent,21,False,2,1518,2207.4411660398264,72
3430,one_parent,21,False,2,168,25.439560439560438,175
3431,one_parent,21,False,2,144,22.005494505494525,185
3432,one_parent,21,False,2,1518,2206.8770991280458,99
3433,one_parent,21,False,2,513,650.5703375571806,147
3434,one_parent,21,False,2,96,-18.434065934065934,199
3435,one_parent,21,False,2,162,21.26373626373625,176
3436,one_parent,21,False,2,147,21.950549450549445,179
3437,one_parent,21,False,3,1521,2231.9715068399055,21,1248,1727.222187497652,15
3438,one_parent,21,False,2,96,-18.434065934065934,191
3439,one_parent,21,False,2,96,-18.434065934065934,194
3440,one_parent,21,False,2,207,97.60989010989007,161
3441,one_parent,21,False,2,144,22.005494505494525,181
3442,one_parent,21,False,3,1521,2237.373112224011,6,1245,1733.8996177494146,122
3443,one_parent,21,False,2,207,70.78296703296704,166
3444,one_parent,21,False,2,207,95.054945054945,162
3445,one_parent,21,False,2,1518,2207.4411660398264,66
3446,one_parent,21,False,2,96,-18.434065934065934,198
3447,one_parent,21,False,2,1518,2207.4411660398264,87
3448,one_parent,21,False,2,1518,2207.4411660398264,86
3449,one_parent,21,False,3,1521,2233.0251884537192,18,1248,1742.589042482044,14
3450,one_parent,21,False,2,1518,2206.8770991280458,95
3451,one_parent,21,False,2,1521,2206.8399480388775,54
3452,one_parent,21,False,2,513,650.5703375571806,139
3453,one_parent,21,False,2,1521,2217.634961179591,47
3454,one_parent,21,False,2,1518,2209.939772208031,63
3455,one_parent,21,False,2,516,624.8074885640676,136
3456,one_parent,21,False,2,1518,2207.4411660398264,65
3457,one_parent,21,False,2,1518,2207.4411660398264,78
3458,one_parent,21,False,2,507,533.6185196382565,152
3459,one_parent,21,False,2,96,-18.434065934065934,196
3460,one_parent,21,False,2,555,668.9425442978074,130
3461,one_parent,21,False,2,186,77.9945054945055,174
3462,one_parent,21,False,2,1518,2202.9093047144024,112
3463,one_parent,21,False,2,1518,2207.4411660398264,84
3464,one_parent,21,False,3,1521,2233.0251884537192,20,1248,1742.589042482044,7
3465,one_parent,21,False,2,1518,2207.4411660398264,89
3466,one_parent,21,False,2,1518,2202.9093047144024,123
3467,one_parent,21,False,2,1518,2206.8770991280458,98
3468,one_parent,21,False,5,1521,2226.1336722335823,23,1245,1751.0886023671192,17,2535,3705.7658637037066,37,936,1252.6614437829724,26
3469,one_parent,21,False,2,1518,2207.4411660398264,76
3470,one_parent,21,False,2,144,22.005494505494525,183
3471,one_parent,21,False,3,1521,2233.0251884537192,15,1248,1742.589042482044,11
3472,one_parent,21,False,2,1518,2202.9093047144024,115
3473,one_parent,21,False,2,1518,2207.4411660398264,82
3474,one_parent,21,False,2,1518,2202.9093047144024,124
3475,one_parent,21,False,2,1518,2207.4411660398264,75
3476,one_parent,21,False,2,513,650.5703375571806,145
3477,one_parent,21,False,2,1518,2206.8770991280458,110
3478,one_parent,21,False,2,1518,2206.8770991280458,108
3479,one_parent,21,False,2,1518,2206.8770991280458,101
3480,one_parent,21,False,3,1518,2235.64635960981,57,1245,1743.497771516141,59
3481,one_parent,21,False,3,1518,2235.9729253752157,56,540,674.0347563131724,141
3482,one_parent,21,False,2,516,635.882807981492,135
3483,one_parent,21,False,2,513,650.5703375571806,146
3484,one_parent,21,False,2,513,650.5703375571806,143
3485,one_parent,21,False,2,147,21.950549450549445,177
3486,one_parent,21,False,2,1518,2202.9093047144024,116
3487,one_parent,21,False,2,513,650.5703375571806,148
3488,one_parent,21,False,2,513,650.5703375571806,141
3489,one_parent,21,False,3,1521,2233.0251884537192,13,1248,1742.589042482044,6
3490,one_parent,21,False,2,1518,2207.4411660398264,79
3491,one_parent,21,False,2,210,123.15934065934064,155
3492,one_parent,21,False,2,1518,2207.4411660398264,83
3493,one_parent,21,False,2,204,52.88461538461539,173
3494,one_parent,21,False,2,1518,2207.4411660398264,74
3495,one_parent,21,False,2,210,92.45879120879121,158
3496,one_parent,21,False,2,1518,2207.4411660398264,70
3497,one_parent,21,False,2,144,22.005494505494525,182
3498,one_parent,21,False,2,1518,2207.4411660398264,69
3499,one_parent,21,False,2,1518,2206.8770991280458,107
3500,one_parent,21,False,2,1518,2207.4411660398264,93
3501,one_parent,21,False,2,513,588.965067826909,151
3502,one_parent,21,False,2,513,650.5703375571806,150
3503,one_parent,21,False,2,1518,2207.4411660398264,80
3504,one_parent,21,False,2,1518,2206.8770991280458,106
3505,one_parent,21,False,2,516,624.0570679320678,137
3506,one_parent,21,False,2,210,110.46703296703296,156
3507,one_parent,21,False,2,1518,2206.8770991280458,103
3508,one_parent,21,False,2,204,65.46703296703296,169
3509,one_parent,21,False,2,1518,2202.9093047144024,122
3510,one_parent,21,False,4,1521,2218.0498638301624,31,1245,1748.349465869381,20,2535,3702.801315597679,52
3511,one_parent,21,False,2,147,21.579670329670336,180
3512,one_parent,21,False,2,1521,2212.655756985233,52
3513,one_parent,21,False,2,516,655.3942373416065,131
3514,one_parent,21,False,2,1518,2207.4411660398264,90
3515,one_parent,21,False,2,1515,2174.1038255931676,129
3516,one_parent,21,False,2,1518,2207.4411660398264,73
3517,one_parent,21,False,3,1521,2233.0251884537192,17,1248,1742.589042482044,10
3518,one_parent,21,False,2,1518,2202.9093047144024,120
3519,one_parent,21,False,2,513,650.5703375571806,149
3520,one_parent,21,False,2,204,62.00549450549451,171
3521,one_parent,21,False,2,1518,2206.8770991280458,104
3522,one_parent,21,False,2,207,81.00274725274724,164
3523,one_parent,21,False,2,1518,2206.8770991280458,97
3524,one_parent,21,False,2,513,650.5703375571806,140
3525,one_parent,21,False,2,1518,2202.9093047144024,121
3526,one_parent,21,False,2,96,-18.434065934065934,187
3527,one_parent,21,False,2,516,638.1555352542192,134
3528,one_parent,21,False,2,96,-18.434065934065934,188
3529,one_parent,21,False,2,1518,2207.4411660398264,92
3530,one_parent,21,False,2,1518,2202.9093047144024,111
3531,one_parent,21,False,2,1518,2202.9093047144024,125
3532,one_parent,21,False,2,96,-18.434065934065934,193
3533,one_parent,21,False,2,228,151.1263736263736,153
3534,one_parent,21,False,2,204,52.88461538461539,172
3535,one_parent,21,False,2,96,-18.434065934065934,197
3536,one_parent,21,False,2,204,107.77472527472531,168
3537,one_parent,21,False,2,1518,2207.4411660398264,91
3538,one_parent,21,False,2,1518,2207.4411660398264,64
3539,one_parent,21,False,2,1521,2212.655756985233,51
3540,one_parent,21,False,2,513,650.5703375571806,138
3541,one_parent,21,False,2,204,62.00549450549451,170
3542,one_parent,21,False,2,1518,2207.4411660398264,94
3543,one_parent,21,False,3,1521,2237.373112224011,3,1245,1733.8996177494146,130
3544,one_parent,21,False,2,1518,2207.4411660398264,71
3545,one_parent,21,False,2,1518,2206.8770991280458,100
3546,one_parent,21,False,3,1521,2233.0251884537192,19,1248,1742.589042482044,13
3547,one_parent,21,False,2,1518,2194.942695862223,126
3548,one_parent,21,False,3,1521,2237.373112224011,4,1245,1733.8996177494146,95
3549,one_parent,21,False,2,207,107.08791208791206,160
3550,one_parent,21,False,2,1521,2217.634961179591,48
3551,one_parent,21,False,2,1518,2207.4411660398264,88
3552,one_parent,21,False,2,96,-18.434065934065934,189
3553,one_parent,21,False,2,147,21.950549450549445,178
3554,one_parent,21,False,2,1518,2202.9093047144024,117
3555,one_parent,21,False,2,1518,2207.4411660398264,85
3556,one_parent,21,False,5,1521,2226.1336722335823,24,1245,1751.0886023671192,16,2535,3705.7658637037066,23,936,1252.6614437829724,11
3557,one_parent,21,False,3,1521,2237.373112224011,2,1245,1733.8996177494146,97
3558,one_parent,21,False,3,1521,2235.7334357005184,11,501,608.9429357684412,143
3559,one_parent,21,False,2,1518,2206.8770991280458,102
3560,one_parent,22,False,2,501,601.7223869047889,146
3561,one_parent,22,False,2,1245,1733.8996177494146,101
3562,one_parent,22,False,2,1245,1733.8996177494146,92
3563,one_parent,22,False,2,207,26.9108280254777,166
3564,one_parent,22,False,2,1245,1738.1471506999965,82
3565,one_parent,22,False,2,147,-2.6592356687898118,175
3566,one_parent,22,False,2,1245,1733.8996177494146,120
3567,one_parent,22,False,2,210,106.3853503184713,162
3568,one_parent,22,False,2,210,131.9426751592357,156
3569,one_parent,22,False,2,162,-6.958598726114651,172
3570,one_parent,22,False,4,1245,1745.151570554539,38,2532,3721.5385807564526,71,933,1263.7245001512845,72
3571,one_parent,22,False,2,96,-15.509554140127385,199
3572,one_parent,22,False,2,1245,1733.8996177494146,121
3573,one_parent,22,False,2,1245,1733.8996177494146,102
3574,one_parent,22,False,2,1245,1733.8996177494146,133
3575,one_parent,22,False,2,201,-16.41719745222929,169
3576,one_parent,22,False,2,1245,1738.1471506999965,67
3577,one_parent,22,False,2,1245,1745.151570554539,51
3578,one_parent,22,False,2,1245,1745.151570554539,52
3579,one_parent,22,False,2,96,-15.509554140127385,188
3580,one_parent,22,False,4,1245,1745.151570554539,43,2532,3721.5385807564526,60,933,1263.7245001512845,128
3581,one_parent,22,False,2,1245,1733.8996177494146,114
3582,one_parent,22,False,3,4830,6797.453918282985,0,2406,3420.58788053246,106
3583,one_parent,22,False,2,96,-15.509554140127385,186
3584,one_parent,22,False,2,210,-23.869426751592364,163
3585,one_parent,22,False,2,144,-1.1783439490445886,181
3586,one_parent,22,False,2,144,-1.1783439490445886,179
3587,one_parent,22,False,2,1245,1738.1471506999965,74
3588,one_parent,22,False,2,1245,1738.1471506999965,63
3589,one_parent,22,False,2,1245,1733.8996177494146,131
3590,one_parent,22,False,2,96,-15.509554140127385,196
3591,one_parent,22,False,2,1245,1738.1471506999965,84
3592,one_parent,22,False,2,1245,1733.8996177494146,117
3593,one_parent,22,False,2,1245,1733.8996177494146,129
3594,one_parent,22,False,2,1245,1738.1471506999965,66
3595,one_parent,22,False,2,1245,1733.8996177494146,127
3596,one_parent,22,False,2,501,591.1954741250647,147
3597,one_parent,22,False,2,948,1058.7812711089327,140
3598,one_parent,22,False,2,144,-1.1783439490445886,180
3599,one_parent,22,False,2,1245,1733.8996177494146,100
3600,one_parent,22,False,2,1245,1738.1471506999965,89
3601,one_parent,22,False,2,96,-15.509554140127385,191
3602,one_parent,22,False,2,1245,1733.8996177494146,96
3603,one_parent,22,False,4,1245,1745.151570554539,33,2532,3721.5385807564526,59,933,1263.7245001512845,143
3604,one_parent,22,False,2,96,-15.509554140127385,182
3605,one_parent,22,False,2,1245,1733.8996177494146,128
3606,one_parent,22,False,2,1242,1658.0330598639719,138
3607,one_parent,22,False,6,1245,1745.151570554539,35,2532,3721.5385807564526,58,933,1263.7245001512845,53,1959,2961.458761631896,0,3681,5469.104894825423,78
3608,one_parent,22,False,2,150,-4.426751592356695,174
3609,one_parent,22,False,2,1245,1733.8996177494146,106
3610,one_parent,22,False,2,1245,1738.1471506999965,68
3611,one_parent,22,False,2,210,126.97452229299367,158
3612,one_parent,22,False,2,1245,1733.8996177494146,125
3613,one_parent,22,False,2,1245,1733.8996177494146,104
3614,one_parent,22,False,2,1245,1738.1471506999965,79
3615,one_parent,22,False,2,96,-15.509554140127385,192
3616,one_parent,22,False,4,1245,1745.151570554539,47,2532,3721.5385807564526,74,933,1263.7245001512845,86
3617,one_parent,22,False,2,210,174.17197452229308,154
3618,one_parent,22,False,4,1245,1745.151570554539,44,2532,3721.5385807564526,65,933,1263.7245001512845,114
3619,one_parent,22,False,2,1245,1738.1471506999965,91
3620,one_parent,22,False,2,1245,1738.1471506999965,65
3621,one_parent,22,False,2,153,-5.907643312101911,173
3622,one_parent,22,False,3,4416,6437.7686643147135,1,2538,3661.3693544426296,15
3623,one_parent,22,False,2,1245,1733.8996177494146,108
3624,one_parent,22,False,3,4413,6447.532148688159,2,2373,3477.7793886977197,122
3625,one_parent,22,False,2,96,-15.509554140127385,193
3626,one_parent,22,False,2,1245,1738.1471506999965,72
3627,one_parent,22,False,2,201,-16.41719745222929,170
3628,one_parent,22,False,4,1245,1748.628373260048,19,2535,3711.58952778328,20,936,1255.772776647274,9
3629,one_parent,22,False,2,213,162.38853503184717,153
3630,one_parent,22,False,2,1245,1738.1471506999965,71
3631,one_parent,22,False,2,1245,1738.1471506999965,69
3632,one_parent,22,False,2,1245,1745.151570554539,56
3633,one_parent,22,False,2,1245,1745.151570554539,55
3634,one_parent,22,False,4,1245,1745.151570554539,36,2532,3721.5385807564526,66,933,1263.7245001512845,104
3635,one_parent,22,False,2,1245,1745.151570554539,53
3636,one_parent,22,False,2,1245,1738.1471506999965,77
3637,one_parent,22,False,2,1245,1738.1471506999965,73
3638,one_parent,22,False,2,951,1031.1524101758923,139
3639,one_parent,22,False,2,369,395.04249078109285,150
3640,one_parent,22,False,7,1245,1745.151570554539,41,2532,3721.5385807564526,69,933,1263.7245001512845,49,1959,2961.458761631896,38,3681,5469.104894825423,8,351,373.0672636556581,132
3641,one_parent,22,False,2,501,604.254234038547,145
3642,one_parent,22,False,2,96,-15.509554140127385,187
3643,one_parent,22,False,2,1245,1738.1471506999965,62
3644,one_parent,22,False,2,1245,1733.8996177494146,116
3645,one_parent,22,False,6,1245,1745.151570554539,48,2532,3721.5385807564526,57,933,1263.7245001512845,47,1959,2961.458761631896,12,3681,5469.104894825423,151
3646,one_parent,22,False,2,1245,1733.8996177494146,110
3647,one_parent,22,False,2,1245,1738.1471506999965,81
3648,one_parent,22,False,2,1245,1733.8996177494146,135
3649,one_parent,22,False,2,96,-15.509554140127385,189
3650,one_parent,22,False,2,96,-15.509554140127385,195
3651,one_parent,22,False,2,1245,1738.1471506999965,80
3652,one_parent,22,False,2,498,545.6473107885321,149
3653,one_parent,22,False,2,1245,1733.8996177494146,112
3654,one_parent,22,False,2,1245,1738.1471506999965,70
3655,one_parent,22,False,2,1245,1738.1471506999965,87
3656,one_parent,22,False,2,1245,1738.1471506999965,75
3657,one_parent,22,False,2,207,89.07643312101914,164
3658,one_parent,22,False,2,210,115.7961783439491,161
3659,one_parent,22,False,2,1245,1738.1471506999965,90
3660,one_parent,22,False,2,144,-1.1783439490445886,177
3661,one_parent,22,False,2,1245,1733.8996177494146,111
3662,one_parent,22,False,3,4395,6013.843532515237,3,2391,3313.7845829068838,117
3663,one_parent,22,False,2,96,-15.509554140127385,198
3664,one_parent,22,False,2,204,64.87261146496814,167
3665,one_parent,22,False,2,1245,1733.8996177494146,118
3666,one_parent,22,False,2,1245,1733.8996177494146,123
3667,one_parent,22,False,2,1245,1738.1471506999965,78
3668,one_parent,22,False,2,1245,1733.8996177494146,107
3669,one_parent,22,False,2,1245,1738.1471506999965,83
3670,one_parent,22,False,2,207,53.24840764331212,165
3671,one_parent,22,False,4,1245,1745.151570554539,34,2532,3721.5385807564526,63,933,1263.7245001512845,116
3672,one_parent,22,False,2,1245,1733.8996177494146,98
3673,one_parent,22,False,6,1245,1745.151570554539,39,2532,3721.5385807564526,68,933,1263.7245001512845,42,1959,2961.458761631896,27,3681,5469.104894825423,111
3674,one_parent,22,False,2,144,-1.1783439490445886,176
3675,one_parent,22,False,2,210,158.48726114649682,155
3676,one_parent,22,False,4,1245,1745.151570554539,40,2532,3721.5385807564526,70,933,1263.7245001512845,136
3677,one_parent,22,False,2,144,-1.1783439490445886,178
3678,one_parent,22,False,2,96,-15.509554140127385,183
3679,one_parent,22,False,2,210,123.15286624203813,160
3680,one_parent,22,False,2,210,126.97452229299367,157
3681,one_parent,22,False,6,1245,1745.151570554539,32,2532,3721.5385807564526,67,933,1263.7245001512845,44,1959,2961.458761631896,9,3681,5469.104894825423,107
3682,one_parent,22,False,2,1245,1733.8996177494146,99
3683,one_parent,22,False,2,210,126.97452229299367,159
3684,one_parent,22,False,2,204,64.87261146496814,168
3685,one_parent,22,False,2,249,230.95541401273886,151
3686,one_parent,22,False,4,1245,1745.151570554539,45,2532,3721.5385807564526,73,933,1263.7245001512845,70
3687,one_parent,22,False,2,1245,1733.8996177494146,137
3688,one_parent,22,False,2,1245,1745.151570554539,54
3689,one_parent,22,False,4,1245,1745.151570554539,50,2532,3721.5385807564526,72,933,1263.7245001512845,122
3690,one_parent,22,False,2,1245,1738.1471506999965,64
3691,one_parent,22,False,2,1245,1745.151570554539,58
3692,one_parent,22,False,3,2430,3356.1027735896396,4,2364,3293.855095716726,146
3693,one_parent,22,False,2,1245,1733.8996177494146,105
3694,one_parent,22,False,2,1245,1733.8996177494146,93
3695,one_parent,22,False,2,1245,1738.1471506999965,76
3696,one_parent,22,False,2,96,-15.509554140127385,184
3697,one_parent,22,False,2,96,-15.509554140127385,190
3698,one_parent,22,False,2,1245,1733.8996177494146,126
3699,one_parent,22,False,4,1245,1745.151570554539,42,2532,3721.5385807564526,64,933,1263.7245001512845,105
3700,one_parent,22,False,2,96,-15.509554140127385,197
3701,one_parent,22,False,2,96,-15.509554140127385,194
3702,one_parent,22,False,2,96,-15.509554140127385,185
3703,one_parent,22,False,2,1245,1738.1471506999965,60
3704,one_parent,22,False,4,1245,1745.151570554539,46,2532,3721.5385807564526,75,933,1263.7245001512845,65
3705,one_parent,22,False,2,1245,1733.8996177494146,94
3706,one_parent,22,False,2,1245,1738.1471506999965,86
3707,one_parent,22,False,2,1245,1733.8996177494146,136
3708,one_parent,22,False,2,1245,1733.8996177494146,103
3709,one_parent,22,False,7,1245,1745.151570554539,37,2532,3721.5385807564526,61,933,1263.7245001512845,36,1959,2961.458761631896,29,3681,5469.104894825423,5,351,373.0672636556581,102
3710,one_parent,22,False,4,1245,1745.151570554539,49,2532,3721.5385807564526,62,933,1263.7245001512845,69
3711,one_parent,22,False,2,183,45.92356687898091,171
3712,one_parent,22,False,2,240,172.43630573248393,152
3713,one_parent,22,False,2,1245,1738.1471506999965,88
3714,one_parent,22,False,2,1245,1733.8996177494146,109
3715,one_parent,22,False,2,1245,1733.8996177494146,132
3716,one_parent,22,False,2,501,586.959201456657,148
3717,one_parent,22,False,2,1245,1738.1471506999965,61
3718,one_parent,22,False,2,1245,1733.8996177494146,115
3719,one_parent,22,False,2,1245,1733.8996177494146,113
3720,one_parent,23,False,2,2406,3420.58788053246,102
3721,one_parent,23,False,2,2373,3477.7793886977197,128
3722,one_parent,23,False,2,2373,3477.7793886977197,131
3723,one_parent,23,False,2,2373,3477.7793886977197,133
3724,one_parent,23,False,2,2538,3661.3693544426296,18
3725,one_parent,23,False,2,2538,3661.3693544426296,5
3726,one_parent,23,False,2,2406,3420.58788053246,89
3727,one_parent,23,False,2,207,71.10576923076921,171
3728,one_parent,23,False,2,144,3.9423076923076934,183
3729,one_parent,23,False,2,2373,3477.7793886977197,135
3730,one_parent,23,False,2,2364,3448.4697122096063,140
3731,one_parent,23,False,3,2535,3705.7658637037066,39,936,1252.6614437829724,23
3732,one_parent,23,False,2,2538,3661.3693544426296,13
3733,one_parent,23,False,2,2538,3661.3693544426296,12
3734,one_parent,23,False,2,2406,3420.58788053246,104
3735,one_parent,23,False,2,2391,3313.7845829068838,118
3736,one_parent,23,False,2,2406,3420.58788053246,79
3737,one_parent,23,False,2,210,170.19230769230762,164
3738,one_parent,23,False,3,2535,3705.7658637037066,29,936,1252.6614437829724,19
3739,one_parent,23,False,2,2406,3420.58788053246,78
3740,one_parent,23,False,2,2391,3313.7845829068838,114
3741,one_parent,23,False,2,2406,3420.58788053246,86
3742,one_parent,23,False,2,2391,3313.7845829068838,116
3743,one_parent,23,False,2,165,-0.5769230769230802,177
3744,one_parent,23,False,3,2535,3705.7658637037066,36,936,1252.6614437829724,27
3745,one_parent,23,False,2,2373,3477.7793886977197,121
3746,one_parent,23,False,2,2538,3661.3693544426296,7
3747,one_parent,23,False,2,2406,3420.58788053246,99
3748,one_parent,23,False,2,2535,3702.801315597679,43
3749,one_parent,23,False,2,2538,3661.3693544426296,17
3750,one_parent,23,False,2,144,3.9423076923076934,181
3751,one_parent,23,False,2,369,374.6445741758241,157
3752,one_parent,23,False,2,2406,3420.58788053246,87
3753,one_parent,23,False,2,2406,3420.58788053246,93
3754,one_parent,23,False,2,2391,3313.7845829068838,109
3755,one_parent,23,False,2,2535,3702.801315597679,45
3756,one_parent,23,False,2,2538,3661.3693544426296,2
3757,one_parent,23,False,2,96,-18.94230769230769,188
3758,one_parent,23,False,3,2535,3705.7658637037066,31,936,1252.6614437829724,15
3759,one_parent,23,False,2,2406,3420.58788053246,77
3760,one_parent,23,False,3,2535,3705.7658637037066,35,936,1252.6614437829724,10
3761,one_parent,23,False,2,2391,3313.7845829068838,119
3762,one_parent,23,False,2,96,-18.94230769230769,199
3763,one_parent,23,False,2,144,3.9423076923076934,185
3764,one_parent,23,False,2,174,-3.509615384615387,176
3765,one_parent,23,False,2,2538,3661.3693544426296,9
3766,one_parent,23,False,2,207,109.71153846153851,169
3767,one_parent,23,False,2,2364,3293.855095716726,147
3768,one_parent,23,False,2,2406,3420.58788053246,101
3769,one_parent,23,False,2,210,127.98076923076925,167
3770,one_parent,23,False,2,153,-0.3365384615384599,179
3771,one_parent,23,False,2,2406,3420.58788053246,83
3772,one_parent,23,False,2,207,22.163461538461533,175
3773,one_parent,23,False,2,96,-18.94230769230769,193
3774,one_parent,23,False,2,2364,3293.855095716726,142
3775,one_parent,23,False,3,2535,3705.7658637037066,22,936,1252.6614437829724,22
3776,one_parent,23,False,2,261,232.54807692307702,160
3777,one_parent,23,False,2,411,406.0782967032968,153
3778,one_parent,23,False,3,2535,3705.7658637037066,25,936,1252.6614437829724,16
3779,one_parent,23,False,2,2373,3477.7793886977197,124
3780,one_parent,23,False,2,2373,3477.7793886977197,123
3781,one_parent,23,False,3,2535,3705.7658637037066,24,936,1252.6614437829724,17
3782,one_parent,23,False,2,210,8.221153846153847,168
3783,one_parent,23,False,2,369,380.9478021978023,154
3784,one_parent,23,False,2,2406,3420.58788053246,88
3785,one_parent,23,False,2,366,355.99587912087884,158
3786,one_parent,23,False,2,2373,3477.7793886977197,137
3787,one_parent,23,False,2,282,253.0288461538462,159
3788,one_parent,23,False,2,96,-18.94230769230769,192
3789,one_parent,23,False,2,96,-18.94230769230769,187
3790,one_parent,23,False,2,2364,3293.855095716726,144
3791,one_parent,23,False,2,2406,3420.58788053246,103
3792,one_parent,23,False,2,2406,3420.58788053246,96
3793,one_parent,23,False,2,156,-1.7307692307692264,178
3794,one_parent,23,False,2,144,3.9423076923076934,182
3795,one_parent,23,False,2,207,57.596153846153854,172
3796,one_parent,23,False,2,2538,3661.3693544426296,11
3797,one_parent,23,False,2,2391,3313.7845829068838,112
3798,one_parent,23,False,2,2391,3313.7845829068838,110
3799,one_parent,23,False,3,2535,3711.58952778328,21,936,1255.772776647274,8
3800,one_parent,23,False,2,2364,3293.855095716726,145
3801,one_parent,23,False,2,2364,3293.855095716726,143
3802,one_parent,23,False,2,2406,3420.58788053246,94
3803,one_parent,23,False,2,96,-18.94230769230769,190
3804,one_parent,23,False,2,2535,3702.801315597679,41
3805,one_parent,23,False,3,2541,3704.703251867382,0,933,1241.1605311621786,149
3806,one_parent,23,False,2,2406,3420.58788053246,76
3807,one_parent,23,False,2,2373,3477.7793886977197,129
3808,one_parent,23,False,3,2535,3705.7658637037066,26,936,1252.6614437829724,20
3809,one_parent,23,False,2,2406,3420.58788053246,90
3810,one_parent,23,False,2,2406,3420.58788053246,85
3811,one_parent,23,False,2,2373,3477.7793886977197,125
3812,one_parent,23,False,2,2538,3661.3693544426296,19
3813,one_parent,23,False,2,2406,3420.58788053246,105
3814,one_parent,23,False,2,2373,3477.7793886977197,120
3815,one_parent,23,False,2,96,-18.94230769230769,196
3816,one_parent,23,False,2,96,-18.94230769230769,198
3817,one_parent,23,False,2,2541,3679.2615415675837,1
3818,one_parent,23,False,2,2535,3702.801315597679,47
3819,one_parent,23,False,2,2538,3661.3693544426296,10
3820,one_parent,23,False,3,2535,3705.7658637037066,28,936,1252.6614437829724,18
3821,one_parent,23,False,2,2364,3266.993813383927,149
3822,one_parent,23,False,2,2538,3661.3693544426296,8
3823,one_parent,23,False,2,2406,3420.58788053246,100
3824,one_parent,23,False,3,2535,3705.7658637037066,27,936,1252.6614437829724,24
3825,one_parent,23,False,2,216,170.24038461538464,161
3826,one_parent,23,False,2,2538,3661.3693544426296,6
3827,one_parent,23,False,2,2535,3688.4205231061374,56
3828,one_parent,23,False,2,2373,3477.7793886977197,134
3829,one_parent,23,False,2,2373,3477.7793886977197,136
3830,one_parent,23,False,2,96,-18.94230769230769,189
3831,one_parent,23,False,2,144,3.9423076923076934,184
3832,one_parent,23,False,2,2259,2952.9164559730098,150
3833,one_parent,23,False,2,2406,3420.58788053246,92
3834,one_parent,23,False,2,210,135.0961538461538,165
3835,one_parent,23,False,2,207,48.65384615384619,174
3836,one_parent,23,False,2,2373,3477.7793886977197,138
3837,one_parent,23,False,2,2406,3420.58788053246,95
3838,one_parent,23,False,2,2391,3313.7845829068838,107
3839,one_parent,23,False,2,210,135.0961538461538,166
3840,one_parent,23,False,2,213,144.8557692307693,163
3841,one_parent,23,False,2,2406,3420.58788053246,81
3842,one_parent,23,False,2,2364,3319.138960574009,141
3843,one_parent,23,False,3,2535,3705.7658637037066,34,936,1252.6614437829724,12
3844,one_parent,23,False,2,2115,3181.2043329564995,151
3845,one_parent,23,False,2,2406,3420.58788053246,98
3846,one_parent,23,False,2,2406,3420.58788053246,82
3847,one_parent,23,False,2,207,57.596153846153854,173
3848,one_parent,23,False,3,2535,3705.7658637037066,32,936,1252.6614437829724,25
3849,one_parent,23,False,2,2538,3661.3693544426296,3
3850,one_parent,23,False,2,2391,3313.7845829068838,108
3851,one_parent,23,False,2,2391,3313.7845829068838,111
3852,one_parent,23,False,2,2373,3477.7793886977197,130
3853,one_parent,23,False,2,96,-18.94230769230769,194
3854,one_parent,23,False,2,2391,3313.7845829068838,113
3855,one_parent,23,False,2,213,151.53846153846152,162
3856,one_parent,23,False,2,369,376.9333791208792,155
3857,one_parent,23,False,2,2538,3661.3693544426296,14
3858,one_parent,23,False,2,2364,3293.855095716726,148
3859,one_parent,23,False,2,2406,3420.58788053246,97
3860,one_parent,23,False,2,2082,2839.629210579451,152
3861,one_parent,23,False,2,2367,3161.7414273870127,139
3862,one_parent,23,False,2,2538,3661.3693544426296,16
3863,one_parent,23,False,2,2373,3477.7793886977197,126
3864,one_parent,23,False,2,207,89.75961538461536,170
3865,one_parent,23,False,2,144,3.9423076923076934,180
3866,one_parent,23,False,2,2406,3420.58788053246,84
3867,one_parent,23,False,2,96,-18.94230769230769,186
3868,one_parent,23,False,2,369,376.9333791208792,156
3869,one_parent,23,False,2,2391,3313.7845829068838,115
3870,one_parent,23,False,2,96,-18.94230769230769,195
3871,one_parent,23,False,3,2535,3705.7658637037066,30,936,1252.6614437829724,21
3872,one_parent,23,False,2,2538,3661.3693544426296,4
3873,one_parent,23,False,2,2373,3477.7793886977197,127
3874,one_parent,23,False,3,2535,3705.7658637037066,38,936,1252.6614437829724,13
3875,one_parent,23,False,2,2406,3420.58788053246,80
3876,one_parent,23,False,2,2406,3420.58788053246,91
3877,one_parent,23,False,2,96,-18.94230769230769,191
3878,one_parent,23,False,2,96,-18.94230769230769,197
3879,one_parent,23,False,2,2373,3477.7793886977197,132
3880,one_parent,24,False,2,96,-19.574898785425106,192
3881,one_parent,24,False,2,933,1263.7245001512845,77
3882,one_parent,24,False,2,933,1263.7245001512845,83
3883,one_parent,24,False,2,933,1263.7245001512845,80
3884,one_parent,24,False,2,96,-19.574898785425106,199
3885,one_parent,24,False,2,207,95.0101214574899,166
3886,one_parent,24,False,2,96,-19.574898785425106,189
3887,one_parent,24,False,2,933,1263.7245001512845,71
3888,one_parent,24,False,4,933,1263.7245001512845,38,1959,2961.458761631896,39,3681,5469.104894825423,49
3889,one_parent,24,False,2,933,1263.7245001512845,113
3890,one_parent,24,False,4,933,1263.7245001512845,41,1959,2961.458761631896,11,3681,5469.104894825423,70
3891,one_parent,24,False,2,204,57.024291497975724,171
3892,one_parent,24,False,2,933,1263.7245001512845,73
3893,one_parent,24,False,2,933,1263.7245001512845,138
3894,one_parent,24,False,2,207,102.29757085020239,165
3895,one_parent,24,False,5,933,1263.7245001512845,56,1959,2961.458761631896,5,3681,5469.104894825423,36,351,373.0672636556581,82
3896,one_parent,24,False,2,144,49.8582995951417,186
3897,one_parent,24,False,2,933,1263.7245001512845,75
3898,one_parent,24,False,2,933,1263.7245001512845,119
3899,one_parent,24,False,2,933,1263.7245001512845,64
3900,one_parent,24,False,2,942,1250.7236400793022,6
3901,one_parent,24,False,2,933,1263.7245001512845,91
3902,one_parent,24,False,4,933,1263.7245001512845,57,1959,2961.458761631896,1,3681,5469.104894825423,139
3903,one_parent,24,False,2,933,1263.7245001512845,135
3904,one_parent,24,False,2,210,95.33400809716593,163
3905,one_parent,24,False,2,231,203.11740890688247,159
3906,one_parent,24,False,2,933,1263.7245001512845,110
3907,one_parent,24,False,2,231,192.58097165991902,160
3908,one_parent,24,False,2,933,1263.7245001512845,74
3909,one_parent,24,False,5,933,1263.7245001512845,39,1959,2961.458761631896,19,3681,5469.104894825423,34,351,373.0672636556581,110
3910,one_parent,24,False,2,933,1263.7245001512845,134
3911,one_parent,24,False,2,933,1263.7245001512845,98
3912,one_parent,24,False,2,933,1263.7245001512845,129
3913,one_parent,24,False,3,2994,4295.567705802469,0,642,863.7902323977537,99
3914,one_parent,24,False,2,933,1263.7245001512845,90
3915,one_parent,24,False,3,1215,1625.3094670446142,5,642,838.6468086256918,130
3916,one_parent,24,False,2,936,1169.2568068240923,28
3917,one_parent,24,False,2,144,49.8582995951417,180
3918,one_parent,24,False,2,933,1263.7245001512845,123
3919,one_parent,24,False,2,933,1263.7245001512845,78
3920,one_parent,24,False,2,927,955.8336270514188,152
3921,one_parent,24,False,3,933,1265.7813716755086,29,1959,2936.301418986441,67
3922,one_parent,24,False,2,783,932.083180923631,156
3923,one_parent,24,False,5,933,1263.7245001512845,52,1959,2961.458761631896,34,3681,5469.104894825423,22,351,373.0672636556581,127
3924,one_parent,24,False,2,933,1263.7245001512845,85
3925,one_parent,24,False,3,1218,1562.0120614979928,4,642,792.9009399201564,160
3926,one_parent,24,False,2,210,118.31983805668011,162
3927,one_parent,24,False,2,933,1263.7245001512845,100
3928,one_parent,24,False,2,924,1204.0476013616642,154
3929,one_parent,24,False,2,783,953.9022846985829,155
3930,one_parent,24,False,2,933,1263.7245001512845,148
3931,one_parent,24,False,2,933,1263.7245001512845,82
3932,one_parent,24,False,2,933,1263.7245001512845,131
3933,one_parent,24,False,2,96,-19.574898785425106,194
3934,one_parent,24,False,4,933,1263.7245001512845,43,1959,2961.458761631896,6,3681,5469.104894825423,140
3935,one_parent,24,False,2,933,1263.7245001512845,145
3936,one_parent,24,False,4,933,1263.7245001512845,37,1959,2961.458761631896,35,3681,5469.104894825423,54
3937,one_parent,24,False,2,96,-19.574898785425106,197
3938,one_parent,24,False,4,933,1263.7245001512845,45,1959,2961.458761631896,14,3681,5469.104894825423,148
3939,one_parent,24,False,2,933,1263.7245001512845,139
3940,one_parent,24,False,2,933,1263.7245001512845,79
3941,one_parent,24,False,2,933,1263.7245001512845,84
3942,one_parent,24,False,2,216,162.05465587044537,161
3943,one_parent,24,False,4,933,1263.7245001512845,30,1959,2961.458761631896,30,3681,5469.104894825423,81
3944,one_parent,24,False,2,144,49.8582995951417,178
3945,one_parent,24,False,2,159,61.1336032388664,175
3946,one_parent,24,False,4,933,1263.7245001512845,59,1959,2961.458761631896,25,3681,5469.104894825423,113
3947,one_parent,24,False,2,933,1263.7245001512845,124
3948,one_parent,24,False,2,933,1263.7245001512845,66
3949,one_parent,24,False,2,144,49.8582995951417,182
3950,one_parent,24,False,2,933,1263.7245001512845,89
3951,one_parent,24,False,2,165,66.48785425101215,174
3952,one_parent,24,False,2,927,1186.12578583995,151
3953,one_parent,24,False,2,933,1263.7245001512845,67
3954,one_parent,24,False,5,933,1263.7245001512845,35,1959,2961.458761631896,22,3681,5469.104894825423,2,351,373.0672636556581,134
3955,one_parent,24,False,2,933,1263.7245001512845,126
3956,one_parent,24,False,2,933,1263.7245001512845,93
3957,one_parent,24,False,2,933,1263.7245001512845,81
3958,one_parent,24,False,2,210,91.75101214574897,164
3959,one_parent,24,False,2,933,1263.7245001512845,68
3960,one_parent,24,False,4,933,1263.7245001512845,34,1959,2961.458761631896,7,3681,5469.104894825423,56
3961,one_parent,24,False,2,933,1263.7245001512845,112
3962,one_parent,24,False,4,933,1263.7245001512845,32,1959,2961.458761631896,20,3681,5469.104894825423,141
3963,one_parent,24,False,2,933,1263.7245001512845,117
3964,one_parent,24,False,2,933,1263.7245001512845,95
3965,one_parent,24,False,2,933,1263.7245001512845,87
3966,one_parent,24,False,2,933,1263.7245001512845,109
3967,one_parent,24,False,2,933,1263.7245001512845,121
3968,one_parent,24,False,2,933,1263.7245001512845,127
3969,one_parent,24,False,5,933,1263.7245001512845,61,1959,2961.458761631896,18,3681,5469.104894825423,11,351,373.0672636556581,125
3970,one_parent,24,False,2,144,49.8582995951417,184
3971,one_parent,24,False,2,933,1263.7245001512845,99
3972,one_parent,24,False,2,96,-19.574898785425106,195
3973,one_parent,24,False,4,933,1263.7245001512845,31,1959,2961.458761631896,23,3681,5469.104894825423,84
3974,one_parent,24,False,2,933,1263.7245001512845,140
3975,one_parent,24,False,2,207,83.13765182186236,168
3976,one_parent,24,False,5,933,1263.7245001512845,62,1959,2961.458761631896,2,3681,5469.104894825423,10,351,373.0672636556581,112
3977,one_parent,24,False,5,933,1263.7245001512845,51,1959,2961.458761631896,4,3681,5469.104894825423,16,351,373.0672636556581,108
3978,one_parent,24,False,2,96,-19.574898785425106,187
3979,one_parent,24,False,2,933,1263.7245001512845,137
3980,one_parent,24,False,2,933,1263.7245001512845,103
3981,one_parent,24,False,2,933,1263.7245001512845,96
3982,one_parent,24,False,2,933,1263.7245001512845,144
3983,one_parent,24,False,2,933,1263.7245001512845,118
3984,one_parent,24,False,3,1374,1783.6337031814503,2,1959,2921.795973345925,81
3985,one_parent,24,False,2,939,1248.8217886361463,7
3986,one_parent,24,False,2,930,1031.8174359815707,150
3987,one_parent,24,False,2,96,-19.574898785425106,196
3988,one_parent,24,False,2,933,1263.7245001512845,107
3989,one_parent,24,False,2,150,53.663967611336034,177
3990,one_parent,24,False,2,204,67.63157894736847,170
3991,one_parent,24,False,2,153,55.50607287449394,176
3992,one_parent,24,False,2,933,1263.7245001512845,120
3993,one_parent,24,False,2,933,1263.7245001512845,94
3994,one_parent,24,False,2,144,49.8582995951417,185
3995,one_parent,24,False,4,933,1263.7245001512845,55,1959,2961.458761631896,15,3681,5469.104894825423,43
3996,one_parent,24,False,5,933,1263.7245001512845,40,1959,2961.458761631896,24,3681,5469.104894825423,38,351,373.0672636556581,143
3997,one_parent,24,False,2,783,923.6637356149465,157
3998,one_parent,24,False,2,96,-19.574898785425106,191
3999,one_parent,24,False,2,933,1263.7245001512845,141
4000,one_parent,24,False,2,933,1263.7245001512845,133
4001,one_parent,24,False,5,933,1263.7245001512845,48,1959,2961.458761631896,10,3681,5469.104894825423,32,351,373.0672636556581,122
4002,one_parent,24,False,3,1380,1853.9647279410215,1,1959,2950.5137063314755,55
4003,one_parent,24,False,2,144,49.8582995951417,179
4004,one_parent,24,False,2,933,1263.7245001512845,142
4005,one_parent,24,False,2,207,83.13765182186236,167
4006,one_parent,24,False,2,933,1263.7245001512845,115
4007,one_parent,24,False,2,96,-19.574898785425106,188
4008,one_parent,24,False,2,96,-19.574898785425106,198
4009,one_parent,24,False,3,1218,1578.0456369942538,3,642,823.6843804163314,151
4010,one_parent,24,False,5,933,1263.7245001512845,60,1959,2961.458761631896,17,3681,5469.104894825423,39,351,373.0672636556581,100
4011,one_parent,24,False,2,279,271.5182186234817,158
4012,one_parent,24,False,2,204,113.54251012145752,169
4013,one_parent,24,False,4,933,1263.7245001512845,58,1959,2961.458761631896,36,3681,5469.104894825423,95
4014,one_parent,24,False,2,144,49.8582995951417,183
4015,one_parent,24,False,2,933,1263.7245001512845,88
4016,one_parent,24,False,2,96,-19.574898785425106,190
4017,one_parent,24,False,2,204,50.61740890688256,172
4018,one_parent,24,False,2,933,1263.7245001512845,106
4019,one_parent,24,False,2,933,1263.7245001512845,108
4020,one_parent,24,False,4,933,1263.7245001512845,54,1959,2961.458761631896,3,3681,5469.104894825423,145
4021,one_parent,24,False,5,933,1263.7245001512845,33,1959,2961.458761631896,13,3681,5469.104894825423,3,351,373.0672636556581,131
4022,one_parent,24,False,2,933,1263.7245001512845,147
4023,one_parent,24,False,2,924,1242.7078896856083,153
4024,one_parent,24,False,2,933,1263.7245001512845,132
4025,one_parent,24,False,2,933,1263.7245001512845,111
4026,one_parent,24,False,2,933,1263.7245001512845,125
4027,one_parent,24,False,2,933,1263.7245001512845,92
4028,one_parent,24,False,2,96,-19.574898785425106,193
4029,one_parent,24,False,2,933,1263.7245001512845,102
4030,one_parent,24,False,2,933,1263.7245001512845,76
4031,one_parent,24,False,5,933,1263.7245001512845,50,1959,2961.458761631896,33,3681,5469.104894825423,31,351,373.0672636556581,144
4032,one_parent,24,False,4,933,1263.7245001512845,46,1959,2961.458761631896,8,3681,5469.104894825423,118
4033,one_parent,24,False,2,174,72.98582995951415,173
4034,one_parent,24,False,2,933,1263.7245001512845,97
4035,one_parent,24,False,2,933,1263.7245001512845,63
4036,one_parent,24,False,2,144,49.8582995951417,181
4037,one_parent,24,False,2,933,1263.7245001512845,130
4038,one_parent,24,False,2,933,1263.7245001512845,146
4039,one_parent,24,False,2,933,1263.7245001512845,101
4040,one_parent,25,False,2,1959,2958.675929619654,40
4041,one_parent,25,False,2,642,788.0514372704739,162
4042,one_parent,25,False,2,1959,2921.795973345925,78
4043,one_parent,25,False,2,642,838.6468086256918,137
4044,one_parent,25,False,2,1959,2950.5137063314755,60
4045,one_parent,25,False,2,642,863.7902323977537,92
4046,one_parent,25,False,2,642,838.6468086256918,135
4047,one_parent,25,False,2,1959,2921.795973345925,84
4048,one_parent,25,False,2,96,-12.612781954887211,185
4049,one_parent,25,False,2,642,863.7902323977537,118
4050,one_parent,25,False,2,96,-12.612781954887211,183
4051,one_parent,25,False,2,1938,2781.2684457904447,87
4052,one_parent,25,False,2,642,792.9009399201564,158
4053,one_parent,25,False,2,207,99.53947368421055,172
4054,one_parent,25,False,2,1959,2950.5137063314755,48
4055,one_parent,25,False,2,144,47.74436090225565,181
4056,one_parent,25,False,2,642,826.6643885981366,142
4057,one_parent,25,False,2,1959,2950.5137063314755,49
4058,one_parent,25,False,2,642,863.7902323977537,101
4059,one_parent,25,False,2,1959,2921.795973345925,79
4060,one_parent,25,False,2,1959,2921.795973345925,75
4061,one_parent,25,False,2,147,49.54887218045113,177
4062,one_parent,25,False,3,1959,2961.458761631896,28,3681,5469.104894825423,71
4063,one_parent,25,False,2,1959,2950.5137063314755,61
4064,one_parent,25,False,2,1959,2950.5137063314755,45
4065,one_parent,25,False,2,96,-12.612781954887211,190
4066,one_parent,25,False,2,96,-12.612781954887211,184
4067,one_parent,25,False,2,642,838.6468086256918,139
4068,one_parent,25,False,2,642,838.6468086256918,127
4069,one_parent,25,False,2,642,838.6468086256918,138
4070,one_parent,25,False,2,642,838.6468086256918,132
4071,one_parent,25,False,2,642,863.7902323977537,117
4072,one_parent,25,False,2,642,863.7902323977537,106
4073,one_parent,25,False,2,1959,2950.5137063314755,41
4074,one_parent,25,False,3,1959,2961.458761631896,16,3681,5469.104894825423,59
4075,one_parent,25,False,3,1959,2961.458761631896,26,3681,5469.104894825423,120
4076,one_parent,25,False,2,642,863.7902323977537,93
4077,one_parent,25,False,2,96,-12.612781954887211,187
4078,one_parent,25,False,2,96,-12.612781954887211,195
4079,one_parent,25,False,2,642,838.6468086256918,128
4080,one_parent,25,False,2,213,136.53195488721806,168
4081,one_parent,25,False,2,642,823.6843804163314,146
4082,one_parent,25,False,2,642,863.7902323977537,91
4083,one_parent,25,False,2,1959,2950.5137063314755,59
4084,one_parent,25,False,2,252,233.60902255639093,165
4085,one_parent,25,False,2,642,823.6843804163314,145
4086,one_parent,25,False,2,207,164.88721804511283,171
4087,one_parent,25,False,2,96,-12.612781954887211,193
4088,one_parent,25,False,2,144,47.74436090225565,178
4089,one_parent,25,False,2,213,97.48120300751881,170
4090,one_parent,25,False,2,687,927.1360451629384,89
4091,one_parent,25,False,2,1959,2950.5137063314755,53
4092,one_parent,25,False,2,645,607.5458491601113,90
4093,one_parent,25,False,2,1959,2950.5137063314755,54
4094,one_parent,25,False,2,1959,2950.5137063314755,47
4095,one_parent,25,False,4,1959,2961.458761631896,37,3681,5469.104894825423,28,351,373.0672636556581,96
4096,one_parent,25,False,2,642,863.7902323977537,114
4097,one_parent,25,False,2,1959,2921.795973345925,80
4098,one_parent,25,False,2,642,863.7902323977537,110
4099,one_parent,25,False,2,153,53.6936090225564,176
4100,one_parent,25,False,2,642,863.7902323977537,105
4101,one_parent,25,False,2,642,823.6843804163314,147
4102,one_parent,25,False,2,96,-12.612781954887211,188
4103,one_parent,25,False,2,642,863.7902323977537,115
4104,one_parent,25,False,2,642,802.1399643104007,155
4105,one_parent,25,False,2,642,820.6689632618134,152
4106,one_parent,25,False,2,642,814.4192071642522,153
4107,one_parent,25,False,2,699,887.9387671649419,88
4108,one_parent,25,False,2,642,863.7902323977537,121
4109,one_parent,25,False,2,1959,2950.5137063314755,56
4110,one_parent,25,False,2,216,125.14097744360899,167
4111,one_parent,25,False,2,1959,2950.5137063314755,52
4112,one_parent,25,False,2,219,190.98684210526315,166
4113,one_parent,25,False,2,642,863.7902323977537,123
4114,one_parent,25,False,2,144,47.74436090225565,179
4115,one_parent,25,False,2,1959,2936.301418986441,65
4116,one_parent,25,False,2,636,680.6070558980315,164
4117,one_parent,25,False,2,642,863.7902323977537,113
4118,one_parent,25,False,2,642,863.7902323977537,107
4119,one_parent,25,False,2,1959,2936.463305009519,63
4120,one_parent,25,False,2,642,863.7902323977537,126
4121,one_parent,25,False,2,1959,2950.5137063314755,46
4122,one_parent,25,False,2,642,838.6468086256918,129
4123,one_parent,25,False,2,96,-12.612781954887211,192
4124,one_parent,25,False,2,642,823.6843804163314,144
4125,one_parent,25,False,2,1959,2950.5137063314755,42
4126,one_parent,25,False,2,1959,2950.5137063314755,58
4127,one_parent,25,False,2,642,863.7902323977537,95
4128,one_parent,25,False,2,642,792.9009399201564,157
4129,one_parent,25,False,2,96,-12.612781954887211,194
4130,one_parent,25,False,2,642,863.7902323977537,103
4131,one_parent,25,False,2,96,-12.612781954887211,189
4132,one_parent,25,False,2,1959,2950.5137063314755,50
4133,one_parent,25,False,2,642,863.7902323977537,100
4134,one_parent,25,False,2,96,-12.612781954887211,197
4135,one_parent,25,False,2,1959,2950.5137063314755,51
4136,one_parent,25,False,2,96,-12.612781954887211,186
4137,one_parent,25,False,2,642,812.9518824265164,154
4138,one_parent,25,False,2,1959,2921.795973345925,70
4139,one_parent,25,False,2,1959,2936.301418986441,64
4140,one_parent,25,False,2,642,832.4829535063426,140
4141,one_parent,25,False,2,642,863.7902323977537,97
4142,one_parent,25,False,2,1959,2950.5137063314755,57
4143,one_parent,25,False,2,186,63.30827067669175,174
4144,one_parent,25,False,2,1959,2921.795973345925,68
4145,one_parent,25,False,2,642,823.6843804163314,150
4146,one_parent,25,False,2,1959,2950.5137063314755,43
4147,one_parent,25,False,2,1959,2921.795973345925,82
4148,one_parent,25,False,2,642,863.7902323977537,108
4149,one_parent,25,False,2,96,-12.612781954887211,182
4150,one_parent,25,False,2,1959,2921.795973345925,76
4151,one_parent,25,False,2,642,863.7902323977537,111
4152,one_parent,25,False,2,642,788.9165093314899,161
4153,one_parent,25,False,2,642,863.7902323977537,119
4154,one_parent,25,False,2,642,792.9009399201564,159
4155,one_parent,25,False,2,96,-12.612781954887211,191
4156,one_parent,25,False,2,642,863.7902323977537,112
4157,one_parent,25,False,2,213,107.97932330827072,169
4158,one_parent,25,False,2,1959,2950.5137063314755,62
4159,one_parent,25,False,2,642,829.9800727741806,141
4160,one_parent,25,False,2,1959,2950.5137063314755,44
4161,one_parent,25,False,2,96,-12.612781954887211,198
4162,one_parent,25,False,2,144,47.74436090225565,180
4163,one_parent,25,False,2,96,-12.612781954887211,196
4164,one_parent,25,False,2,642,863.7902323977537,109
4165,one_parent,25,False,3,1959,2961.458761631896,21,3681,5469.104894825423,80
4166,one_parent,25,False,2,642,863.7902323977537,96
4167,one_parent,25,False,2,642,863.7902323977537,125
4168,one_parent,25,False,2,642,823.6843804163314,148
4169,one_parent,25,False,2,642,863.7902323977537,98
4170,one_parent,25,False,2,1959,2921.795973345925,77
4171,one_parent,25,False,2,1959,2921.795973345925,83
4172,one_parent,25,False,2,1959,2936.301418986441,66
4173,one_parent,25,False,2,207,97.79135338345867,173
4174,one_parent,25,False,2,642,863.7902323977537,124
4175,one_parent,25,False,2,1959,2921.795973345925,71
4176,one_parent,25,False,4,1959,2961.458761631896,32,3681,5469.104894825423,12,351,373.0672636556581,111
4177,one_parent,25,False,2,156,54.56766917293233,175
4178,one_parent,25,False,2,1959,2921.795973345925,72
4179,one_parent,25,False,2,642,838.6468086256918,133
4180,one_parent,25,False,3,1959,2961.458761631896,31,3681,5469.104894825423,143
4181,one_parent,25,False,2,642,823.6843804163314,149
4182,one_parent,25,False,2,642,863.7902323977537,102
4183,one_parent,25,False,2,96,-12.612781954887211,199
4184,one_parent,25,False,2,642,863.7902323977537,122
4185,one_parent,25,False,2,642,863.7902323977537,94
4186,one_parent,25,False,2,639,594.3503645919054,163
4187,one_parent,25,False,2,1959,2921.795973345925,73
4188,one_parent,25,False,2,642,863.7902323977537,104
4189,one_parent,25,False,2,642,863.7902323977537,116
4190,one_parent,25,False,2,1959,2921.795973345925,69
4191,one_parent,25,False,2,1956,2944.1978221158924,86
4192,one_parent,25,False,2,642,838.6468086256918,134
4193,one_parent,25,False,2,642,838.6468086256918,136
4194,one_parent,25,False,2,642,792.9009399201564,156
4195,one_parent,25,False,2,1959,2921.795973345925,74
4196,one_parent,25,False,2,642,823.6843804163314,143
4197,one_parent,25,False,2,642,838.6468086256918,131
4198,one_parent,25,False,2,642,863.7902323977537,120
4199,one_parent,25,False,2,1959,2921.795973345925,85
4200,one_parent,26,False,2,213,106.15875912408768,183
4201,one_parent,26,False,2,96,-13.04744525547445,194
4202,one_parent,26,False,2,3681,5469.104894825423,45
4203,one_parent,26,False,2,3681,5469.104894825423,63
4204,one_parent,26,False,3,3681,5469.104894825423,37,351,373.0672636556581,118
4205,one_parent,26,False,2,3681,5469.104894825423,94
4206,one_parent,26,False,2,3681,5469.104894825423,77
4207,one_parent,26,False,2,204,78.80474452554742,190
4208,one_parent,26,False,2,669,865.2545341824483,156
4209,one_parent,26,False,2,3681,5469.104894825423,76
4210,one_parent,26,False,2,210,136.9890510948905,186
4211,one_parent,26,False,3,3681,5469.104894825423,6,351,373.0672636556581,99
4212,one_parent,26,False,2,159,61.377737226277375,191
4213,one_parent,26,False,3,12915,19303.32728326883,0,387,429.5664072681243,48
4214,one_parent,26,False,2,3681,5469.104894825423,137
4215,one_parent,26,False,2,3681,5469.104894825423,61
4216,one_parent,26,False,2,3681,5469.104894825423,96
4217,one_parent,26,False,2,3681,5469.104894825423,115
4218,one_parent,26,False,2,3681,5469.104894825423,73
4219,one_parent,26,False,2,3681,5469.104894825423,126
4220,one_parent,26,False,2,3681,5469.104894825423,122
4221,one_parent,26,False,2,3681,5469.104894825423,62
4222,one_parent,26,False,2,396,368.6881851482749,179
4223,one_parent,26,False,2,504,537.8610680189735,172
4224,one_parent,26,False,2,657,827.2301144412345,169
4225,one_parent,26,False,2,3681,5469.104894825423,90
4226,one_parent,26,False,3,3681,5469.104894825423,27,351,373.0672636556581,105
4227,one_parent,26,False,2,504,542.2922928716787,171
4228,one_parent,26,False,2,666,852.8284193148633,163
4229,one_parent,26,False,2,3681,5469.104894825423,131
4230,one_parent,26,False,3,3681,5469.104894825423,7,351,373.0672636556581,149
4231,one_parent,26,False,2,3681,5469.104894825423,87
4232,one_parent,26,False,2,3681,5469.104894825423,138
4233,one_parent,26,False,2,504,530.7323095711158,173
4234,one_parent,26,False,2,1356,1874.7047765748596,154
4235,one_parent,26,False,2,3681,5469.104894825423,112
4236,one_parent,26,False,2,2673,3879.9340565742727,153
4237,one_parent,26,False,2,210,90.60218978102188,188
4238,one_parent,26,False,2,3681,5469.104894825423,108
4239,one_parent,26,False,2,3681,5469.104894825423,104
4240,one_parent,26,False,2,495,471.0287174156103,178
4241,one_parent,26,False,2,3681,5469.104894825423,42
4242,one_parent,26,False,2,501,516.1157003362239,175
4243,one_parent,26,False,3,3681,5469.104894825423,4,351,373.0672636556581,114
4244,one_parent,26,False,2,3681,5469.104894825423,48
4245,one_parent,26,False,2,3681,5469.104894825423,117
4246,one_parent,26,False,2,3681,5469.104894825423,102
4247,one_parent,26,False,2,3681,5469.104894825423,106
4248,one_parent,26,False,2,3681,5469.104894825423,68
4249,one_parent,26,False,2,96,-13.04744525547445,197
4250,one_parent,26,False,2,210,90.60218978102188,187
4251,one_parent,26,False,2,504,486.0799375232451,174
4252,one_parent,26,False,2,3681,5469.104894825423,150
4253,one_parent,26,False,2,3681,5469.104894825423,97
4254,one_parent,26,False,2,666,809.9098619485685,167
4255,one_parent,26,False,2,3681,5469.104894825423,65
4256,one_parent,26,False,2,3681,5469.104894825423,60
4257,one_parent,26,False,2,3681,5469.104894825423,99
4258,one_parent,26,False,3,3681,5469.104894825423,21,351,373.0672636556581,73
4259,one_parent,26,False,2,216,118.38503649635038,182
4260,one_parent,26,False,2,3681,5469.104894825423,121
4261,one_parent,26,False,2,3681,5469.104894825423,125
4262,one_parent,26,False,3,3681,5469.104894825423,25,351,373.0672636556581,139
4263,one_parent,26,False,3,3681,5469.104894825423,9,351,373.0672636556581,137
4264,one_parent,26,False,2,666,883.6110295758658,160
4265,one_parent,26,False,2,96,-13.04744525547445,195
4266,one_parent,26,False,2,666,860.9427888990255,162
4267,one_parent,26,False,2,666,851.2337917518158,164
4268,one_parent,26,False,2,3681,5469.104894825423,74
4269,one_parent,26,False,3,3681,5469.104894825423,20,351,373.0672636556581,85
4270,one_parent,26,False,2,3681,5469.104894825423,103
4271,one_parent,26,False,2,3681,5469.104894825423,124
4272,one_parent,26,False,2,216,135.98540145985402,180
4273,one_parent,26,False,2,3681,5469.104894825423,149
4274,one_parent,26,False,2,3681,5469.104894825423,51
4275,one_parent,26,False,2,3681,5469.104894825423,101
4276,one_parent,26,False,3,3681,5469.104894825423,13,351,373.0672636556581,103
4277,one_parent,26,False,2,501,495.9290014607707,176
4278,one_parent,26,False,2,3681,5469.104894825423,53
4279,one_parent,26,False,2,3681,5469.104894825423,100
4280,one_parent,26,False,2,3681,5469.104894825423,128
4281,one_parent,26,False,2,3681,5469.104894825423,114
4282,one_parent,26,False,2,3681,5469.104894825423,132
4283,one_parent,26,False,2,3681,5469.104894825423,79
4284,one_parent,26,False,2,3681,5469.104894825423,92
4285,one_parent,26,False,2,666,890.5171756565765,159
4286,one_parent,26,False,3,3681,5469.104894825423,19,351,373.0672636556581,70
4287,one_parent,26,False,2,216,129.4160583941606,181
4288,one_parent,26,False,3,3681,5469.104894825423,14,351,373.0672636556581,128
4289,one_parent,26,False,2,3681,5469.104894825423,58
4290,one_parent,26,False,2,3681,5469.104894825423,47
4291,one_parent,26,False,2,666,870.731251473432,161
4292,one_parent,26,False,2,3681,5469.104894825423,91
4293,one_parent,26,False,2,96,-13.04744525547445,198
4294,one_parent,26,False,2,2724,3945.343617583602,152
4295,one_parent,26,False,2,3681,5469.104894825423,85
4296,one_parent,26,False,2,3681,5469.104894825423,135
4297,one_parent,26,False,2,3681,5469.104894825423,142
4298,one_parent,26,False,2,3681,5469.104894825423,44
4299,one_parent,26,False,2,3681,5469.104894825423,75
4300,one_parent,26,False,3,3681,5469.104894825423,26,351,373.0672636556581,150
4301,one_parent,26,False,3,3681,5469.104894825423,29,351,373.0672636556581,130
4302,one_parent,26,False,2,3681,5469.104894825423,146
4303,one_parent,26,False,2,3681,5469.104894825423,88
4304,one_parent,26,False,2,3681,5469.104894825423,110
4305,one_parent,26,False,2,3681,5469.104894825423,136
4306,one_parent,26,False,2,3681,5469.104894825423,83
4307,one_parent,26,False,2,3681,5469.104894825423,57
4308,one_parent,26,False,2,96,-13.04744525547445,193
4309,one_parent,26,False,2,504,564.2149008091262,170
4310,one_parent,26,False,2,3681,5469.104894825423,69
4311,one_parent,26,False,2,3681,5469.104894825423,147
4312,one_parent,26,False,3,3681,5469.104894825423,33,351,373.0672636556581,126
4313,one_parent,26,False,2,3681,5469.104894825423,41
4314,one_parent,26,False,4,9711,14249.12609073689,1,5106,7454.58868664629,15,3675,5175.406731202357,99
4315,one_parent,26,False,2,3681,5469.104894825423,52
4316,one_parent,26,False,2,3681,5469.104894825423,72
4317,one_parent,26,False,2,213,106.15875912408768,184
4318,one_parent,26,False,2,666,904.9857496349144,158
4319,one_parent,26,False,2,3681,5469.104894825423,127
4320,one_parent,26,False,2,3681,5469.104894825423,144
4321,one_parent,26,False,3,3681,5469.104894825423,15,351,373.0672636556581,84
4322,one_parent,26,False,2,96,-13.04744525547445,199
4323,one_parent,26,False,2,3681,5469.104894825423,123
4324,one_parent,26,False,2,3681,5469.104894825423,67
4325,one_parent,26,False,2,3681,5469.104894825423,89
4326,one_parent,26,False,2,666,822.1523104086132,166
4327,one_parent,26,False,2,3681,5469.104894825423,116
4328,one_parent,26,False,2,3681,5469.104894825423,64
4329,one_parent,26,False,2,3681,5469.104894825423,86
4330,one_parent,26,False,3,3681,5469.104894825423,18,351,373.0672636556581,76
4331,one_parent,26,False,2,669,865.2545341824483,155
4332,one_parent,26,False,3,3681,5469.104894825423,24,351,373.0672636556581,89
4333,one_parent,26,False,2,3681,5469.104894825423,109
4334,one_parent,26,False,2,3681,5469.104894825423,66
4335,one_parent,26,False,2,663,811.0764229103067,168
4336,one_parent,26,False,2,3681,5469.104894825423,55
4337,one_parent,26,False,2,3681,5469.104894825423,98
4338,one_parent,26,False,3,3681,5469.104894825423,30,351,373.0672636556581,146
4339,one_parent,26,False,2,666,839.97997366599,165
4340,one_parent,26,False,2,204,100.57481751824815,189
4341,one_parent,26,False,2,3681,5469.104894825423,133
4342,one_parent,26,False,2,96,-13.04744525547445,196
4343,one_parent,26,False,2,3681,5469.104894825423,134
4344,one_parent,26,False,2,3681,5469.104894825423,40
4345,one_parent,26,False,2,3681,5469.104894825423,82
4346,one_parent,26,False,2,3681,5469.104894825423,129
4347,one_parent,26,False,2,3681,5469.104894825423,50
4348,one_parent,26,False,2,495,481.05451586819015,177
4349,one_parent,26,False,2,669,844.6382609111718,157
4350,one_parent,26,False,2,3681,5469.104894825423,105
4351,one_parent,26,False,2,3681,5469.104894825423,46
4352,one_parent,26,False,2,3681,5469.104894825423,119
4353,one_parent,26,False,2,144,50.25547445255475,192
4354,one_parent,26,False,2,3681,5469.104894825423,93
4355,one_parent,26,False,2,213,103.36678832116789,185
4356,one_parent,26,False,3,3681,5469.104894825423,35,351,373.0672636556581,94
4357,one_parent,26,False,3,3681,5469.104894825423,23,351,373.0672636556581,88
4358,one_parent,26,False,2,3681,5469.104894825423,130
4359,one_parent,26,False,3,3681,5469.104894825423,17,351,373.0672636556581,121
4360,one_parent,27,False,2,387,429.5664072681243,38
4361,one_parent,27,False,3,5106,7454.58868664629,13,3675,5175.406731202357,69
4362,one_parent,27,False,2,387,429.5664072681243,51
4363,one_parent,27,False,2,387,429.5664072681243,52
4364,one_parent,27,False,3,5106,7454.58868664629,26,3675,5175.406731202357,125
4365,one_parent,27,False,2,387,429.5664072681243,60
4366,one_parent,27,False,2,351,373.0672636556581,69
4367,one_parent,27,False,2,96,-11.932270916334659,192
4368,one_parent,27,False,2,351,373.0672636556581,115
4369,one_parent,27,False,5,5106,7454.58868664629,24,3675,5175.406731202357,10,6117,9043.394834773355,33
4370,one_parent,27,False,3,5106,7454.58868664629,25,3675,5175.406731202357,126
4371,one_parent,27,False,2,351,373.0672636556581,120
4372,one_parent,27,False,3,5106,7454.58868664629,11,3675,5175.406731202357,138
4373,one_parent,27,False,2,351,326.21160218937337,159
4374,one_parent,27,False,2,351,373.0672636556581,147
4375,one_parent,27,False,2,387,429.5664072681243,56
4376,one_parent,27,False,2,144,42.60956175298806,182
4377,one_parent,27,False,2,387,429.5664072681243,59
4378,one_parent,27,False,3,5106,7320.580286350313,30,528,575.8447393031149,152
4379,one_parent,27,False,2,387,429.5664072681243,42
4380,one_parent,27,False,3,5106,7454.58868664629,29,3675,5175.406731202357,78
4381,one_parent,27,False,2,351,373.0672636556581,81
4382,one_parent,27,False,3,384,435.72886025989555,63,2673,3811.409028936875,140
4383,one_parent,27,False,3,5106,7454.58868664629,9,3675,5175.406731202357,45
4384,one_parent,27,False,3,5106,7454.58868664629,28,3675,5175.406731202357,79
4385,one_parent,27,False,3,5106,7454.58868664629,4,3675,5175.406731202357,96
4386,one_parent,27,False,5,384,436.9738801802142,61,3684,5221.848179866858,0,6132,9072.291682760182,6
4387,one_parent,27,False,2,351,373.0672636556581,98
4388,one_parent,27,False,3,387,429.5664072681243,35,1653,2342.20220667935,146
4389,one_parent,27,False,4,5106,7454.58868664629,16,3675,5175.406731202357,35,6117,9043.394834773355,43
4390,one_parent,27,False,3,5106,7454.58868664629,20,3675,5175.406731202357,115
4391,one_parent,27,False,2,387,429.5664072681243,44
4392,one_parent,27,False,2,387,429.5664072681243,40
4393,one_parent,27,False,2,351,373.0672636556581,75
4394,one_parent,27,False,4,5106,7454.58868664629,17,3675,5175.406731202357,33,6117,9043.394834773355,47
4395,one_parent,27,False,3,384,436.4805264921627,62,3678,5174.651873443682,2
4396,one_parent,27,False,2,351,373.0672636556581,78
4397,one_parent,27,False,4,5106,7454.58868664629,23,3675,5175.406731202357,9,6117,9043.394834773355,98
4398,one_parent,27,False,2,351,373.0672636556581,141
4399,one_parent,27,False,2,351,353.37798339352906,154
4400,one_parent,27,False,2,348,323.0070372714748,164
4401,one_parent,27,False,2,351,232.6438172543472,163
4402,one_parent,27,False,2,351,373.0672636556581,97
4403,one_parent,27,False,4,5106,7454.58868664629,3,3675,5175.406731202357,15,6117,9043.394834773355,72
4404,one_parent,27,False,2,351,373.0672636556581,68
4405,one_parent,27,False,2,96,-11.932270916334659,194
4406,one_parent,27,False,2,351,373.0672636556581,92
4407,one_parent,27,False,3,387,429.5664072681243,32,1653,2342.20220667935,147
4408,one_parent,27,False,2,351,373.0672636556581,140
4409,one_parent,27,False,3,5106,7454.58868664629,27,3675,5175.406731202357,51
4410,one_parent,27,False,2,351,373.0672636556581,113
4411,one_parent,27,False,4,5106,7454.58868664629,18,3675,5175.406731202357,16,6117,9043.394834773355,106
4412,one_parent,27,False,2,351,373.0672636556581,71
4413,one_parent,27,False,3,5106,7454.58868664629,5,3675,5175.406731202357,57
4414,one_parent,27,False,4,5106,7454.58868664629,8,3675,5175.406731202357,5,6117,9043.394834773355,96
4415,one_parent,27,False,2,351,373.0672636556581,80
4416,one_parent,27,False,2,351,373.0672636556581,91
4417,one_parent,27,False,3,5106,7454.58868664629,19,3675,5175.406731202357,105
4418,one_parent,27,False,2,387,429.5664072681243,47
4419,one_parent,27,False,2,351,373.0672636556581,129
4420,one_parent,27,False,3,5106,7454.58868664629,12,3675,5175.406731202357,61
4421,one_parent,27,False,2,351,373.0672636556581,77
4422,one_parent,27,False,2,144,42.60956175298806,183
4423,one_parent,27,False,2,351,373.0672636556581,142
4424,one_parent,27,False,2,96,-11.932270916334659,188
4425,one_parent,27,False,2,96,-11.932270916334659,195
4426,one_parent,27,False,2,351,373.0672636556581,93
4427,one_parent,27,False,2,351,373.0672636556581,124
4428,one_parent,27,False,3,5106,7454.58868664629,6,3675,5175.406731202357,119
4429,one_parent,27,False,2,387,429.5664072681243,55
4430,one_parent,27,False,2,351,373.0672636556581,148
4431,one_parent,27,False,2,144,42.60956175298806,186
4432,one_parent,27,False,2,387,429.5664072681243,37
4433,one_parent,27,False,2,144,42.60956175298806,179
4434,one_parent,27,False,2,204,96.26494023904388,173
4435,one_parent,27,False,2,351,375.12147670998286,66
4436,one_parent,27,False,2,351,382.37768551960437,65
4437,one_parent,27,False,2,216,160.51792828685257,170
4438,one_parent,27,False,2,351,373.0672636556581,86
4439,one_parent,27,False,3,5106,7454.58868664629,22,3675,5175.406731202357,72
4440,one_parent,27,False,2,387,429.5664072681243,39
4441,one_parent,27,False,2,351,373.0672636556581,116
4442,one_parent,27,False,2,387,429.5664072681243,53
4443,one_parent,27,False,2,387,429.5664072681243,49
4444,one_parent,27,False,3,5106,7454.58868664629,2,3675,5175.406731202357,52
4445,one_parent,27,False,3,387,429.5664072681243,33,1653,2342.20220667935,148
4446,one_parent,27,False,3,5106,7454.58868664629,1,3675,5175.406731202357,92
4447,one_parent,27,False,2,351,250.26184979707318,162
4448,one_parent,27,False,2,144,42.60956175298806,178
4449,one_parent,27,False,2,351,373.0672636556581,136
4450,one_parent,27,False,2,351,256.0039282123841,161
4451,one_parent,27,False,2,351,373.0672636556581,101
4452,one_parent,27,False,2,351,373.0672636556581,135
4453,one_parent,27,False,2,249,233.62549800796813,167
4454,one_parent,27,False,2,222,185.91633466135457,168
4455,one_parent,27,False,2,351,373.0672636556581,104
4456,one_parent,27,False,2,387,429.5664072681243,41
4457,one_parent,27,False,2,387,429.5664072681243,54
4458,one_parent,27,False,2,96,-11.932270916334659,198
4459,one_parent,27,False,2,387,429.5664072681243,58
4460,one_parent,27,False,2,351,373.0672636556581,138
4461,one_parent,27,False,2,351,332.07068920579366,158
4462,one_parent,27,False,2,96,-11.932270916334659,199
4463,one_parent,27,False,2,351,373.0672636556581,106
4464,one_parent,27,False,2,354,373.96712216554386,64
4465,one_parent,27,False,2,165,55.34860557768924,175
4466,one_parent,27,False,2,348,294.9607178761588,165
4467,one_parent,27,False,3,2712,3792.4421784588103,31,522,555.9742074029605,153
4468,one_parent,27,False,3,387,429.5664072681243,34,1653,2342.20220667935,145
4469,one_parent,27,False,2,96,-11.932270916334659,193
4470,one_parent,27,False,2,387,429.5664072681243,46
4471,one_parent,27,False,2,144,42.60956175298806,185
4472,one_parent,27,False,2,261,224.79083665338652,166
4473,one_parent,27,False,2,387,429.5664072681243,45
4474,one_parent,27,False,2,351,373.0672636556581,133
4475,one_parent,27,False,3,5106,7454.58868664629,21,3675,5175.406731202357,134
4476,one_parent,27,False,2,351,349.7172059425851,155
4477,one_parent,27,False,2,351,373.0672636556581,95
4478,one_parent,27,False,2,351,288.53408794727613,160
4479,one_parent,27,False,2,96,-11.932270916334659,189
4480,one_parent,27,False,2,351,373.0672636556581,145
4481,one_parent,27,False,2,96,-11.932270916334659,191
4482,one_parent,27,False,2,351,335.1548013553264,157
4483,one_parent,27,False,2,351,373.0672636556581,119
4484,one_parent,27,False,2,351,353.38775738168835,153
4485,one_parent,27,False,2,351,373.0672636556581,83
4486,one_parent,27,False,2,387,429.5664072681243,57
4487,one_parent,27,False,3,5106,7454.58868664629,10,3675,5175.406731202357,124
4488,one_parent,27,False,2,351,342.88016159660475,156
4489,one_parent,27,False,2,351,373.0672636556581,87
4490,one_parent,27,False,2,387,429.5664072681243,50
4491,one_parent,27,False,2,153,46.613545816733065,177
4492,one_parent,27,False,3,5106,7454.58868664629,14,3675,5175.406731202357,41
4493,one_parent,27,False,3,5106,7454.58868664629,7,3675,5175.406731202357,110
4494,one_parent,27,False,2,351,373.0672636556581,123
4495,one_parent,27,False,2,144,42.60956175298806,181
4496,one_parent,27,False,2,213,107.76892430278878,171
4497,one_parent,27,False,2,351,373.0672636556581,79
4498,one_parent,27,False,2,96,-11.932270916334659,190
4499,one_parent,27,False,2,351,373.0672636556581,67
4500,one_parent,27,False,2,210,84.81075697211156,172
4501,one_parent,27,False,2,219,142.59960159362547,169
4502,one_parent,27,False,2,351,372.38783185016973,152
4503,one_parent,27,False,3,5106,7454.58868664629,0,3675,5175.406731202357,59
4504,one_parent,27,False,3,387,429.5664072681243,36,1653,2342.20220667935,144
4505,one_parent,27,False,2,96,-11.932270916334659,197
4506,one_parent,27,False,2,351,373.0672636556581,107
4507,one_parent,27,False,2,165,51.67330677290839,176
4508,one_parent,27,False,2,144,42.60956175298806,184
4509,one_parent,27,False,2,351,373.0672636556581,72
4510,one_parent,27,False,2,351,373.0672636556581,117
4511,one_parent,27,False,2,351,373.0672636556581,74
4512,one_parent,27,False,2,351,373.0672636556581,151
4513,one_parent,27,False,2,144,42.60956175298806,180
4514,one_parent,27,False,2,351,373.0672636556581,109
4515,one_parent,27,False,2,204,79.22310756972112,174
4516,one_parent,27,False,2,387,429.5664072681243,43
4517,one_parent,27,False,2,351,373.0672636556581,90
4518,one_parent,27,False,2,141,33.09760956175299,187
4519,one_parent,27,False,2,96,-11.932270916334659,196
4520,one_parent,28,False,2,2676,3836.3560659462196,139
4521,one_parent,28,False,2,3675,5175.406731202357,87
4522,one_parent,28,False,2,3675,5175.406731202357,44
4523,one_parent,28,False,2,153,4.052419354838712,192
4524,one_parent,28,False,2,3675,5175.406731202357,131
4525,one_parent,28,False,2,3675,5175.406731202357,82
4526,one_parent,28,False,2,3675,5175.406731202357,129
4527,one_parent,28,False,2,3675,5175.406731202357,108
4528,one_parent,28,False,2,3675,5175.406731202357,86
4529,one_parent,28,False,2,3675,5175.406731202357,109
4530,one_parent,28,False,2,207,41.491935483871,186
4531,one_parent,28,False,2,228,189.83870967741922,165
4532,one_parent,28,False,2,3675,5175.406731202357,132
4533,one_parent,28,False,2,210,40.02016129032258,174
4534,one_parent,28,False,3,3675,5175.406731202357,20,6117,9043.394834773355,57
4535,one_parent,28,False,2,501,428.2566220530167,156
4536,one_parent,28,False,2,228,185.78629032258056,168
4537,one_parent,28,False,4,3675,5175.406731202357,28,6117,9043.394834773355,34
4538,one_parent,28,False,2,3675,5175.406731202357,137
4539,one_parent,28,False,2,3675,5175.406731202357,122
4540,one_parent,28,False,2,3675,5175.406731202357,55
4541,one_parent,28,False,2,201,1.9153225806451815,190
4542,one_parent,28,False,2,3675,5175.406731202357,65
4543,one_parent,28,False,2,3675,5175.406731202357,120
4544,one_parent,28,False,3,3675,5175.406731202357,34,6117,9043.394834773355,78
4545,one_parent,28,False,3,3675,5175.406731202357,7,6117,9043.394834773355,116
4546,one_parent,28,False,2,3675,5175.406731202357,81
4547,one_parent,28,False,2,210,-48.14516129032258,180
4548,one_parent,28,False,2,3675,5175.406731202357,113
4549,one_parent,28,False,2,207,88.66935483870967,182
4550,one_parent,28,False,2,504,485.90757195718925,155
4551,one_parent,28,False,3,3675,5175.406731202357,23,6117,9043.394834773355,61
4552,one_parent,28,False,2,249,155.34274193548384,158
4553,one_parent,28,False,4,3675,5175.406731202357,13,6117,9043.394834773355,32
4554,one_parent,28,False,2,3675,5175.406731202357,94
4555,one_parent,28,False,2,3675,5175.406731202357,76
4556,one_parent,28,False,3,3675,5175.406731202357,26,6117,9043.394834773355,123
4557,one_parent,28,False,2,234,162.82258064516125,161
4558,one_parent,28,False,3,3675,5175.406731202357,12,6117,9043.394834773355,105
4559,one_parent,28,False,2,3675,5175.406731202357,98
4560,one_parent,28,False,3,3675,5175.406731202357,27,6117,9043.394834773355,87
4561,one_parent,28,False,2,207,45.90725806451613,185
4562,one_parent,28,False,4,3675,5175.406731202357,39,6117,9043.394834773355,39
4563,one_parent,28,False,2,228,189.83870967741922,166
4564,one_parent,28,False,2,3675,5175.406731202357,42
4565,one_parent,28,False,3,3675,5175.406731202357,25,6117,9043.394834773355,49
4566,one_parent,28,False,3,3675,5175.406731202357,6,6117,9043.394834773355,79
4567,one_parent,28,False,2,96,-46.733870967741936,196
4568,one_parent,28,False,3,3681,5196.491848053515,1,3837,5665.768385798527,144
4569,one_parent,28,False,2,3675,5175.406731202357,84
4570,one_parent,28,False,2,516,556.0931943738888,154
4571,one_parent,28,False,3,3675,5175.406731202357,4,6117,9043.394834773355,120
4572,one_parent,28,False,2,3675,5175.406731202357,80
4573,one_parent,28,False,2,3675,5175.406731202357,133
4574,one_parent,28,False,3,3675,5175.406731202357,22,6117,9043.394834773355,44
4575,one_parent,28,False,2,210,0.5846774193548399,177
4576,one_parent,28,False,2,3675,5175.406731202357,58
4577,one_parent,28,False,2,3675,5175.406731202357,118
4578,one_parent,28,False,2,207,101.00806451612902,181
4579,one_parent,28,False,2,3675,5175.406731202357,136
4580,one_parent,28,False,2,3675,5175.406731202357,103
4581,one_parent,28,False,2,3675,5175.406731202357,107
4582,one_parent,28,False,2,3675,5175.406731202357,85
4583,one_parent,28,False,2,210,68.87096774193552,173
4584,one_parent,28,False,2,498,423.3307295875955,157
4585,one_parent,28,False,2,3675,5175.406731202357,89
4586,one_parent,28,False,2,237,133.16532258064515,159
4587,one_parent,28,False,3,3675,5175.406731202357,19,6117,9043.394834773355,59
4588,one_parent,28,False,2,3675,5175.406731202357,74
4589,one_parent,28,False,2,207,17.600806451612897,188
4590,one_parent,28,False,2,3675,5175.406731202357,135
4591,one_parent,28,False,3,3675,5175.406731202357,37,6117,9043.394834773355,103
4592,one_parent,28,False,3,3675,5175.406731202357,30,6117,9043.394834773355,110
4593,one_parent,28,False,2,210,-12.056451612903217,179
4594,one_parent,28,False,2,3675,5175.406731202357,70
4595,one_parent,28,False,3,3675,5175.406731202357,11,6117,9043.394834773355,67
4596,one_parent,28,False,2,1653,2344.028918763,143
4597,one_parent,28,False,3,3675,5175.406731202357,29,6117,9043.394834773355,115
4598,one_parent,28,False,2,3675,5175.406731202357,75
4599,one_parent,28,False,2,3675,5175.406731202357,116
4600,one_parent,28,False,2,147,6.512096774193552,193
4601,one_parent,28,False,2,3675,5175.406731202357,64
4602,one_parent,28,False,2,228,180.34274193548384,170
4603,one_parent,28,False,2,234,107.6008064516129,163
4604,one_parent,28,False,2,207,75.06048387096774,183
4605,one_parent,28,False,2,162,6.77419354838711,191
4606,one_parent,28,False,2,3675,5175.406731202357,93
4607,one_parent,28,False,3,3675,5175.406731202357,8,6117,9043.394834773355,104
4608,one_parent,28,False,2,3675,5175.406731202357,90
4609,one_parent,28,False,2,3675,5175.406731202357,67
4610,one_parent,28,False,2,3675,5175.406731202357,91
4611,one_parent,28,False,2,3675,5175.406731202357,128
4612,one_parent,28,False,2,228,185.78629032258056,169
4613,one_parent,28,False,2,3675,5175.406731202357,46
4614,one_parent,28,False,2,207,29.818548387096783,187
4615,one_parent,28,False,2,210,76.12903225806454,172
4616,one_parent,28,False,2,210,39.17338709677418,175
4617,one_parent,28,False,2,3675,5175.406731202357,54
4618,one_parent,28,False,2,144,8.225806451612904,194
4619,one_parent,28,False,2,3675,5175.406731202357,88
4620,one_parent,28,False,2,3675,5175.406731202357,130
4621,one_parent,28,False,2,3675,5175.406731202357,62
4622,one_parent,28,False,2,204,133.08467741935485,189
4623,one_parent,28,False,2,144,8.225806451612904,195
4624,one_parent,28,False,2,3675,5175.406731202357,60
4625,one_parent,28,False,3,3675,5175.406731202357,40,6117,9043.394834773355,82
4626,one_parent,28,False,2,3675,5175.406731202357,106
4627,one_parent,28,False,2,3675,5175.406731202357,127
4628,one_parent,28,False,2,3675,5175.406731202357,121
4629,one_parent,28,False,2,3675,5175.406731202357,83
4630,one_parent,28,False,2,3675,5175.406731202357,43
4631,one_parent,28,False,2,96,-46.733870967741936,199
4632,one_parent,28,False,2,3675,5175.406731202357,123
4633,one_parent,28,False,2,3675,5175.406731202357,117
4634,one_parent,28,False,2,3675,5175.406731202357,111
4635,one_parent,28,False,2,3675,5175.406731202357,47
4636,one_parent,28,False,2,3675,5175.406731202357,48
4637,one_parent,28,False,2,3675,5175.406731202357,101
4638,one_parent,28,False,2,228,176.95564516129028,171
4639,one_parent,28,False,3,3675,5175.406731202357,3,6117,9043.394834773355,83
4640,one_parent,28,False,2,3675,5175.406731202357,100
4641,one_parent,28,False,2,1650,2352.299452376942,151
4642,one_parent,28,False,3,3675,5175.406731202357,24,6117,9043.394834773355,41
4643,one_parent,28,False,2,3675,5175.406731202357,71
4644,one_parent,28,False,2,3675,5175.406731202357,112
4645,one_parent,28,False,2,231,179.4758064516128,164
4646,one_parent,28,False,2,3675,5175.406731202357,102
4647,one_parent,28,False,2,1653,2349.620159412049,142
4648,one_parent,28,False,2,1650,2366.7456213237115,150
4649,one_parent,28,False,2,228,185.78629032258056,167
4650,one_parent,28,False,2,207,59.274193548387075,184
4651,one_parent,28,False,2,237,133.16532258064515,160
4652,one_parent,28,False,3,3675,5175.406731202357,31,6117,9043.394834773355,101
4653,one_parent,28,False,2,3675,5175.406731202357,53
4654,one_parent,28,False,2,3675,5175.406731202357,63
4655,one_parent,28,False,2,3675,5175.406731202357,73
4656,one_parent,28,False,2,3675,5175.406731202357,68
4657,one_parent,28,False,3,3675,5175.406731202357,18,6117,9043.394834773355,63
4658,one_parent,28,False,3,3675,5175.406731202357,38,6117,9043.394834773355,77
4659,one_parent,28,False,2,210,33.669354838709666,176
4660,one_parent,28,False,2,1653,2338.3030292892136,149
4661,one_parent,28,False,2,3675,5175.406731202357,114
4662,one_parent,28,False,2,3675,5175.406731202357,95
4663,one_parent,28,False,3,3675,5175.406731202357,32,6117,9043.394834773355,70
4664,one_parent,28,False,2,3675,5175.406731202357,49
4665,one_parent,28,False,2,210,0.040322580645160144,178
4666,one_parent,28,False,2,3675,5175.406731202357,104
4667,one_parent,28,False,2,96,-46.733870967741936,198
4668,one_parent,28,False,3,3675,5175.406731202357,21,6117,9043.394834773355,113
4669,one_parent,28,False,2,1656,2321.5468823737783,141
4670,one_parent,28,False,2,3675,5175.406731202357,56
4671,one_parent,28,False,2,96,-46.733870967741936,197
4672,one_parent,28,False,3,3675,5175.406731202357,17,6117,9043.394834773355,60
4673,one_parent,28,False,4,3675,5175.406731202357,36,6117,9043.394834773355,37
4674,one_parent,28,False,3,3675,5175.406731202357,14,6117,9043.394834773355,97
4675,one_parent,28,False,2,3675,5175.406731202357,50
4676,one_parent,28,False,2,3675,5175.406731202357,66
4677,one_parent,28,False,2,3675,5175.406731202357,97
4678,one_parent,28,False,2,234,135.0604838709677,162
4679,one_parent,28,False,2,3675,5175.406731202357,77
4680,one_parent,29,False,2,144,-54.40476190476191,179
4681,one_parent,29,False,2,96,-8.214285714285715,198
4682,one_parent,29,False,3,6132,9072.291682760182,15
4683,one_parent,29,False,2,6117,8810.163737081783,125
4684,one_parent,29,False,2,216,187.6190476190477,161
4685,one_parent,29,False,2,6117,9043.394834773355,65
4686,one_parent,29,False,2,3837,5665.768385798527,129
4687,one_parent,29,False,2,213,128.74999999999994,168
4688,one_parent,29,False,2,6117,9043.394834773355,46
4689,one_parent,29,False,2,6117,9043.394834773355,114
4690,one_parent,29,False,3,6132,9072.291682760182,2
4691,one_parent,29,False,2,6117,9043.394834773355,58
4692,one_parent,29,False,2,6117,9043.394834773355,100
4693,one_parent,29,False,2,210,158.8095238095238,169
4694,one_parent,29,False,2,6117,9043.394834773355,99
4695,one_parent,29,False,3,6132,9072.291682760182,9
4696,one_parent,29,False,3,6132,9072.291682760182,23
4697,one_parent,29,False,2,210,119.2857142857143,170
4698,one_parent,29,False,2,3837,5665.768385798527,145
4699,one_parent,29,False,2,3837,5665.768385798527,142
4700,one_parent,29,False,2,6117,9043.394834773355,73
4701,one_parent,29,False,2,96,-8.214285714285715,199
4702,one_parent,29,False,3,6132,9072.291682760182,22
4703,one_parent,29,False,2,96,-8.214285714285715,196
4704,one_parent,29,False,3,6132,9072.291682760182,7
4705,one_parent,29,False,2,207,32.91666666666667,174
4706,one_parent,29,False,2,6117,9043.394834773355,112
4707,one_parent,29,False,2,213,154.94047619047623,165
4708,one_parent,29,False,2,6117,9043.394834773355,68
4709,one_parent,29,False,2,549,466.13884056791545,156
4710,one_parent,29,False,2,6117,9043.394834773355,42
4711,one_parent,29,False,3,6117,9043.394834773355,38
4712,one_parent,29,False,3,6132,9072.291682760182,18
4713,one_parent,29,False,2,96,-8.214285714285715,188
4714,one_parent,29,False,2,3837,5665.768385798527,132
4715,one_parent,29,False,2,96,-8.214285714285715,197
4716,one_parent,29,False,2,3837,5665.768385798527,147
4717,one_parent,29,False,2,96,-8.214285714285715,193
4718,one_parent,29,False,2,3837,5665.768385798527,139
4719,one_parent,29,False,3,6132,9072.291682760182,10
4720,one_parent,29,False,2,3837,5665.768385798527,133
4721,one_parent,29,False,2,6117,9043.394834773355,119
4722,one_parent,29,False,2,1965,2805.4925364519545,155
4723,one_parent,29,False,2,96,-8.214285714285715,187
4724,one_parent,29,False,2,144,-54.40476190476191,182
4725,one_parent,29,False,2,204,78.67063492063491,175
4726,one_parent,29,False,2,186,104.66269841269843,176
4727,one_parent,29,False,2,96,-8.214285714285715,194
4728,one_parent,29,False,2,3837,5665.768385798527,148
4729,one_parent,29,False,2,3807,5633.9850440413475,152
4730,one_parent,29,False,2,3837,5665.768385798527,141
4731,one_parent,29,False,3,6132,9072.291682760182,11
4732,one_parent,29,False,2,6117,9043.394834773355,121
4733,one_parent,29,False,2,3837,5665.768385798527,138
4734,one_parent,29,False,3,6132,9072.291682760182,25
4735,one_parent,29,False,2,6117,9043.394834773355,71
4736,one_parent,29,False,2,6117,9043.394834773355,56
4737,one_parent,29,False,2,6117,9043.394834773355,94
4738,one_parent,29,False,2,3837,5665.768385798527,146
4739,one_parent,29,False,3,6117,9043.394834773355,31
4740,one_parent,29,False,2,3834,5684.859774879321,151
4741,one_parent,29,False,2,6117,9043.394834773355,118
4742,one_parent,29,False,3,6117,9043.394834773355,35
4743,one_parent,29,False,2,6117,9043.394834773355,109
4744,one_parent,29,False,2,96,-8.214285714285715,191
4745,one_parent,29,False,2,3837,5665.768385798527,131
4746,one_parent,29,False,3,6132,9072.291682760182,27
4747,one_parent,29,False,3,6132,9072.291682760182,3
4748,one_parent,29,False,2,4545,6450.936428665116,126
4749,one_parent,29,False,2,207,121.72619047619051,173
4750,one_parent,29,False,2,6117,9043.394834773355,50
4751,one_parent,29,False,2,171,-86.8452380952381,177
4752,one_parent,29,False,2,6117,9043.394834773355,76
4753,one_parent,29,False,3,6132,9072.291682760182,12
4754,one_parent,29,False,2,6117,9043.394834773355,75
4755,one_parent,29,False,2,6117,9043.394834773355,55
4756,one_parent,29,False,2,6117,9043.394834773355,91
4757,one_parent,29,False,2,6117,9043.394834773355,111
4758,one_parent,29,False,3,6132,9072.291682760182,16
4759,one_parent,29,False,2,1968,2884.8615326195427,153
4760,one_parent,29,False,2,3837,5665.768385798527,137
4761,one_parent,29,False,3,6132,9072.291682760182,5
4762,one_parent,29,False,3,6132,9072.291682760182,20
4763,one_parent,29,False,2,6117,9043.394834773355,74
4764,one_parent,29,False,2,6117,9043.394834773355,52
4765,one_parent,29,False,2,6117,9043.394834773355,93
4766,one_parent,29,False,2,3837,5665.768385798527,136
4767,one_parent,29,False,2,6117,9043.394834773355,102
4768,one_parent,29,False,2,531,611.4246803186136,157
4769,one_parent,29,False,2,531,557.5512965280108,158
4770,one_parent,29,False,2,3837,5670.080409405162,128
4771,one_parent,29,False,2,6117,9043.394834773355,62
4772,one_parent,29,False,2,144,-54.40476190476191,180
4773,one_parent,29,False,2,216,184.16666666666666,162
4774,one_parent,29,False,2,6117,9043.394834773355,40
4775,one_parent,29,False,3,6132,9072.291682760182,14
4776,one_parent,29,False,2,6117,9043.394834773355,86
4777,one_parent,29,False,2,3837,5665.768385798527,143
4778,one_parent,29,False,2,501,599.0356023845129,159
4779,one_parent,29,False,2,6117,9043.394834773355,90
4780,one_parent,29,False,2,6117,9043.394834773355,51
4781,one_parent,29,False,2,3840,5730.559093958151,127
4782,one_parent,29,False,2,6117,9043.394834773355,122
4783,one_parent,29,False,2,216,176.1904761904762,163
4784,one_parent,29,False,2,6117,9043.394834773355,89
4785,one_parent,29,False,2,210,-30.77380952380954,172
4786,one_parent,29,False,3,6132,9072.291682760182,28
4787,one_parent,29,False,2,6117,9043.394834773355,69
4788,one_parent,29,False,2,6117,9043.394834773355,124
4789,one_parent,29,False,2,156,56.507936507936506,178
4790,one_parent,29,False,3,6132,9072.291682760182,19
4791,one_parent,29,False,3,6132,9072.291682760182,21
4792,one_parent,29,False,3,6132,9072.291682760182,1
4793,one_parent,29,False,2,96,-8.214285714285715,190
4794,one_parent,29,False,2,6117,9043.394834773355,66
4795,one_parent,29,False,2,96,-8.214285714285715,195
4796,one_parent,29,False,2,210,103.29365079365084,171
4797,one_parent,29,False,2,6117,9043.394834773355,54
4798,one_parent,29,False,3,6117,9043.394834773355,30
4799,one_parent,29,False,2,3837,5665.768385798527,150
4800,one_parent,29,False,2,213,128.74999999999994,167
4801,one_parent,29,False,2,6117,9043.394834773355,92
4802,one_parent,29,False,2,216,176.1904761904762,164
4803,one_parent,29,False,2,96,-8.214285714285715,189
4804,one_parent,29,False,2,96,-8.214285714285715,186
4805,one_parent,29,False,2,6117,9043.394834773355,45
4806,one_parent,29,False,2,6117,9043.394834773355,64
4807,one_parent,29,False,2,6117,9043.394834773355,48
4808,one_parent,29,False,2,6117,9043.394834773355,84
4809,one_parent,29,False,2,6117,9043.394834773355,81
4810,one_parent,29,False,2,6117,9043.394834773355,107
4811,one_parent,29,False,2,96,-8.214285714285715,192
4812,one_parent,29,False,3,6132,9072.291682760182,29
4813,one_parent,29,False,3,6132,9072.291682760182,0
4814,one_parent,29,False,3,6132,9072.291682760182,24
4815,one_parent,29,False,2,6117,9043.394834773355,85
4816,one_parent,29,False,3,6117,9043.394834773355,36
4817,one_parent,29,False,3,6132,9072.291682760182,26
4818,one_parent,29,False,2,3837,5665.768385798527,135
4819,one_parent,29,False,2,6117,9043.394834773355,108
4820,one_parent,29,False,2,6117,9043.394834773355,80
4821,one_parent,29,False,3,6132,9072.291682760182,8
4822,one_parent,29,False,2,6117,9043.394834773355,117
4823,one_parent,29,False,2,1965,2841.1295732940785,154
4824,one_parent,29,False,2,6117,9043.394834773355,53
4825,one_parent,29,False,2,96,-8.214285714285715,185
4826,one_parent,29,False,2,222,162.44047619047615,160
4827,one_parent,29,False,2,3837,5665.768385798527,130
4828,one_parent,29,False,2,6117,9043.394834773355,95
4829,one_parent,29,False,2,3837,5665.768385798527,140
4830,one_parent,29,False,3,6132,9072.291682760182,17
4831,one_parent,29,False,2,144,-54.40476190476191,183
4832,one_parent,29,False,2,96,-8.214285714285715,184
4833,one_parent,29,False,3,6132,9072.291682760182,4
4834,one_parent,29,False,2,3837,5665.768385798527,134
4835,one_parent,29,False,3,6132,9072.291682760182,13
4836,one_parent,29,False,2,213,154.94047619047623,166
4837,one_parent,29,False,2,3837,5665.768385798527,149
4838,one_parent,29,False,2,144,-54.40476190476191,181
4839,one_parent,29,False,2,6117,9043.394834773355,88
4840,one_parent,30,False,2
4841,one_parent,30,False,2
4842,one_parent,30,False,2
4843,one_parent,30,False,2
4844,one_parent,30,False,2
4845,one_parent,30,False,2
4846,one_parent,30,False,2
4847,one_parent,30,False,2
4848,one_parent,30,False,2
4849,one_parent,30,False,2
4850,one_parent,30,False,2
4851,one_parent,30,False,2
4852,one_parent,30,False,2
4853,one_parent,30,False,2
4854,one_parent,30,False,2
4855,one_parent,30,False,2
4856,one_parent,30,False,2
4857,one_parent,30,False,2
4858,one_parent,30,False,2
4859,one_parent,30,False,2
4860,one_parent,30,False,2
4861,one_parent,30,False,2
4862,one_parent,30,False,2
4863,one_parent,30,False,2
4864,one_parent,30,False,2
4865,one_parent,30,False,2
4866,one_parent,30,False,2
4867,one_parent,30,False,2
4868,one_parent,30,False,2
4869,one_parent,30,False,2
4870,one_parent,30,False,2
4871,one_parent,30,False,2
4872,one_parent,30,False,2
4873,one_parent,30,False,2
4874,one_parent,30,False,2
4875,one_parent,30,False,2
4876,one_parent,30,False,2
4877,one_parent,30,False,2
4878,one_parent,30,False,2
4879,one_parent,30,False,2
4880,one_parent,30,False,2
4881,one_parent,30,False,2
4882,one_parent,30,False,2
4883,one_parent,30,False,2
4884,one_parent,30,False,2
4885,one_parent,30,False,2
4886,one_parent,30,False,2
4887,one_parent,30,False,2
4888,one_parent,30,False,2
4889,one_parent,30,False,2
4890,one_parent,30,False,2
4891,one_parent,30,False,2
4892,one_parent,30,False,2
4893,one_parent,30,False,2
4894,one_parent,30,False,2
4895,one_parent,30,False,2
4896,one_parent,30,False,2
4897,one_parent,30,False,2
4898,one_parent,30,False,2
4899,one_parent,30,False,2
4900,one_parent,30,False,2
4901,one_parent,30,False,2
4902,one_parent,30,False,2
4903,one_parent,30,False,2
4904,one_parent,30,False,2
4905,one_parent,30,False,2
4906,one_parent,30,False,2
4907,one_parent,30,False,2
4908,one_parent,30,False,2
4909,one_parent,30,False,2
4910,one_parent,30,False,2
4911,one_parent,30,False,2
4912,one_parent,30,False,2
4913,one_parent,30,False,2
4914,one_parent,30,False,2
4915,one_parent,30,False,2
4916,one_parent,30,False,2
4917,one_parent,30,False,2
4918,one_parent,30,False,2
4919,one_parent,30,False,2
4920,one_parent,30,False,2
4921,one_parent,30,False,2
4922,one_parent,30,False,2
4923,one_parent,30,False,2
4924,one_parent,30,False,2
4925,one_parent,30,False,2
4926,one_parent,30,False,2
4927,one_parent,30,False,2
4928,one_parent,30,False,2
4929,one_parent,30,False,2
4930,one_parent,30,False,2
4931,one_parent,30,False,2
4932,one_parent,30,False,2
4933,one_parent,30,False,2
4934,one_parent,30,False,2
4935,one_parent,30,False,2
4936,one_parent,30,False,2
4937,one_parent,30,False,2
4938,one_parent,30,False,2
4939,one_parent,30,False,2
4940,one_parent,30,False,2
4941,one_parent,30,False,2
4942,one_parent,30,False,2
4943,one_parent,30,False,2
4944,one_parent,30,False,2
4945,one_parent,30,False,2
4946,one_parent,30,False,2
4947,one_parent,30,False,2
4948,one_parent,30,False,2
4949,one_parent,30,False,2
4950,one_parent,30,False,2
4951,one_parent,30,False,2
4952,one_parent,30,False,2
4953,one_parent,30,False,2
4954,one_parent,30,False,2
4955,one_parent,30,False,2
4956,one_parent,30,False,2
4957,one_parent,30,False,2
4958,one_parent,30,False,2
4959,one_parent,30,False,2
4960,one_parent,30,False,2
4961,one_parent,30,False,2
4962,one_parent,30,False,2
4963,one_parent,30,False,2
4964,one_parent,30,False,2
4965,one_parent,30,False,2
4966,one_parent,30,False,2
4967,one_parent,30,False,2
4968,one_parent,30,False,2
4969,one_parent,30,False,2
4970,one_parent,30,False,2
4971,one_parent,30,False,2
4972,one_parent,30,False,2
4973,one_parent,30,False,2
4974,one_parent,30,False,2
4975,one_parent,30,False,2
4976,one_parent,30,False,2
4977,one_parent,30,False,2
4978,one_parent,30,False,2
4979,one_parent,30,False,2
4980,one_parent,30,False,2
4981,one_parent,30,False,2
4982,one_parent,30,False,2
4983,one_parent,30,False,2
4984,one_parent,30,False,2
4985,one_parent,30,False,2
4986,one_parent,30,False,2
4987,one_parent,30,False,2
4988,one_parent,30,False,2
4989,one_parent,30,False,2
4990,one_parent,30,False,2
4991,one_parent,30,False,2
4992,one_parent,30,False,2
4993,one_parent,30,False,2
4994,one_parent,30,False,2
4995,one_parent,30,False,2
4996,one_parent,30,False,2
4997,one_parent,30,False,2
4998,one_parent,30,False,2
4999,one_parent,30,False,2
