0,random,0,False,1,96,-16.090047393364927,103
1,random,0,False,1,96,-16.090047393364927,104
2,random,0,False,2,144,33.6255924170616,18,144,40.9065934065934,119
3,random,0,False,2,252,238.36492890995265,4,210,63.420329670329636,68
4,random,0,False,1,96,-16.090047393364927,105
5,random,0,False,1,96,-16.090047393364927,106
6,random,0,False,1,96,-16.090047393364927,107
7,random,0,False,1,96,-16.090047393364927,108
8,random,0,False,1,96,-16.090047393364927,109
9,random,0,False,2,144,33.6255924170616,19,144,40.9065934065934,155
10,random,0,False,1,96,-16.090047393364927,110
11,random,0,False,1,96,-16.090047393364927,111
12,random,0,False,2,144,33.6255924170616,20,144,40.9065934065934,113
13,random,0,False,1,96,-16.090047393364927,112
14,random,0,False,2,144,33.6255924170616,21,144,40.9065934065934,137
15,random,0,False,1,96,-16.090047393364927,113
16,random,0,False,2,144,33.6255924170616,22,144,40.9065934065934,129
17,random,0,False,2,144,33.6255924170616,23,144,40.9065934065934,101
18,random,0,False,2,144,33.6255924170616,24,144,40.9065934065934,103
19,random,0,False,2,144,33.6255924170616,25,144,40.9065934065934,130
20,random,0,False,2,144,33.6255924170616,26,144,40.9065934065934,97
21,random,0,False,1,96,-16.090047393364927,114
22,random,0,False,2,144,33.6255924170616,27,144,40.9065934065934,102
23,random,0,False,1,96,-16.090047393364927,115
24,random,0,False,1,96,-16.090047393364927,116
25,random,0,False,2,144,33.6255924170616,28,144,40.9065934065934,138
26,random,0,False,1,96,-16.090047393364927,117
27,random,0,False,2,144,33.6255924170616,29,144,40.9065934065934,112
28,random,0,False,2,144,33.6255924170616,30,144,40.9065934065934,111
29,random,0,False,2,144,33.6255924170616,31,144,40.9065934065934,116
30,random,0,False,1,96,-16.090047393364927,118
31,random,0,False,1,96,-16.090047393364927,119
32,random,0,False,1,96,-16.090047393364927,120
33,random,0,False,1,96,-16.090047393364927,121
34,random,0,False,2,147,35.21327014218009,15,96,-39.86263736263736,195
35,random,0,False,2,144,33.6255924170616,32,144,40.9065934065934,124
36,random,0,False,2,147,34.07582938388626,17,156,50.26098901098902,94
37,random,0,False,2,144,33.6255924170616,33,144,40.9065934065934,96
38,random,0,False,1,96,-16.090047393364927,122
39,random,0,False,2,144,33.6255924170616,34,144,40.9065934065934,153
40,random,0,False,1,96,-16.090047393364927,123
41,random,0,False,1,96,-16.090047393364927,124
42,random,0,False,2,186,97.09715639810429,12,201,96.23626373626377,85
43,random,0,False,2,351,344.45837338017446,3,231,142.52747252747255,49
44,random,0,False,2,144,33.6255924170616,35,144,40.9065934065934,154
45,random,0,False,2,144,33.6255924170616,36,144,40.9065934065934,134
46,random,0,False,2,144,33.6255924170616,37,213,106.51098901098902,54
47,random,0,False,1,96,-16.090047393364927,125
48,random,0,False,1,96,-16.090047393364927,126
49,random,0,False,1,96,-16.090047393364927,127
50,random,0,False,1,96,-16.090047393364927,128
51,random,0,False,1,96,-16.090047393364927,129
52,random,0,False,1,96,-16.090047393364927,130
53,random,0,False,1,96,-16.090047393364927,131
54,random,0,False,2,144,33.6255924170616,38,144,40.9065934065934,121
55,random,0,False,1,96,-16.090047393364927,132
56,random,0,False,1,96,-16.090047393364927,133
57,random,0,False,2,144,33.6255924170616,39,144,40.9065934065934,151
58,random,0,False,1,96,-16.090047393364927,134
59,random,0,False,1,144,33.6255924170616,40
60,random,0,False,1,96,-16.090047393364927,135
61,random,0,False,1,144,33.6255924170616,41
62,random,0,False,1,96,-16.090047393364927,136
63,random,0,False,1,144,33.6255924170616,42
64,random,0,False,1,96,-16.090047393364927,137
65,random,0,False,1,96,-16.090047393364927,138
66,random,0,False,1,144,33.6255924170616,43
67,random,0,False,1,144,33.6255924170616,44
68,random,0,False,1,144,33.6255924170616,45
69,random,0,False,1,96,-16.090047393364927,139
70,random,0,False,1,144,33.6255924170616,46
71,random,0,False,1,96,-16.090047393364927,140
72,random,0,False,1,144,33.6255924170616,47
73,random,0,False,1,144,33.6255924170616,48
74,random,0,False,1,144,33.6255924170616,49
75,random,0,False,2,201,102.76066350710903,9,213,103.64010989010981,59
76,random,0,False,1,96,-16.090047393364927,141
77,random,0,False,1,96,-16.090047393364927,142
78,random,0,False,1,96,-16.090047393364927,143
79,random,0,False,1,96,-16.090047393364927,144
80,random,0,False,1,96,-16.090047393364927,145
81,random,0,False,1,96,-16.090047393364927,146
82,random,0,False,1,96,-16.090047393364927,147
83,random,0,False,1,96,-16.090047393364927,148
84,random,0,False,1,96,-16.090047393364927,149
85,random,0,False,1,144,33.6255924170616,50
86,random,0,False,1,144,33.6255924170616,51
87,random,0,False,1,144,33.6255924170616,52
88,random,0,False,1,96,-16.090047393364927,150
89,random,0,False,1,144,33.6255924170616,53
90,random,0,False,1,96,-16.090047393364927,151
91,random,0,False,1,96,-16.090047393364927,152
92,random,0,False,1,144,33.6255924170616,54
93,random,0,False,1,144,33.6255924170616,55
94,random,0,False,1,144,33.6255924170616,56
95,random,0,False,1,96,-16.090047393364927,153
96,random,0,False,1,96,-16.090047393364927,154
97,random,0,False,1,96,-16.090047393364927,155
98,random,0,False,1,96,-16.090047393364927,156
99,random,0,False,2,210,161.93127962085302,8,207,101.56593406593407,80
100,random,0,False,1,96,-16.090047393364927,157
101,random,0,False,1,144,33.6255924170616,57
102,random,0,False,4,396,429.4957412255987,0,249,212.15659340659334,10,411,462.76391096979347,38,696,892.6496398803853,110
103,random,0,False,1,96,-16.090047393364927,158
104,random,0,False,2,216,96.39810426540285,7,213,106.51098901098902,55
105,random,0,False,1,96,-16.090047393364927,159
106,random,0,False,1,96,-16.090047393364927,160
107,random,0,False,1,96,-16.090047393364927,161
108,random,0,False,1,144,33.6255924170616,58
109,random,0,False,1,144,33.6255924170616,59
110,random,0,False,1,144,33.6255924170616,60
111,random,0,False,1,96,-16.090047393364927,162
112,random,0,False,1,96,-16.090047393364927,163
113,random,0,False,3,216,153.66113744075838,6,348,287.4501402852467,1,354,261.94758545310003,93
114,random,0,False,1,144,33.6255924170616,61
115,random,0,False,1,144,33.6255924170616,62
116,random,0,False,1,96,-16.090047393364927,164
117,random,0,False,1,144,33.6255924170616,63
118,random,0,False,1,144,33.6255924170616,64
119,random,0,False,1,144,33.6255924170616,65
120,random,0,False,1,144,33.6255924170616,66
121,random,0,False,1,144,33.6255924170616,67
122,random,0,False,2,243,166.36255924170624,5,207,111.7307692307692,77
123,random,0,False,1,144,33.6255924170616,68
124,random,0,False,1,144,33.6255924170616,69
125,random,0,False,1,96,-16.090047393364927,165
126,random,0,False,1,144,33.6255924170616,70
127,random,0,False,1,96,-16.090047393364927,166
128,random,0,False,1,96,-16.090047393364927,167
129,random,0,False,1,96,-16.090047393364927,168
130,random,0,False,1,96,-16.090047393364927,169
131,random,0,False,1,144,33.6255924170616,71
132,random,0,False,1,144,33.6255924170616,72
133,random,0,False,1,144,33.6255924170616,73
134,random,0,False,1,144,33.6255924170616,74
135,random,0,False,1,144,33.6255924170616,75
136,random,0,False,1,96,-16.090047393364927,170
137,random,0,False,1,144,33.6255924170616,76
138,random,0,False,1,96,-16.090047393364927,171
139,random,0,False,1,144,33.6255924170616,77
140,random,0,False,1,144,33.6255924170616,78
141,random,0,False,1,144,33.6255924170616,79
142,random,0,False,1,144,33.6255924170616,80
143,random,0,False,1,96,-16.090047393364927,172
144,random,0,False,1,144,33.6255924170616,81
145,random,0,False,1,96,-16.090047393364927,173
146,random,0,False,1,144,33.6255924170616,82
147,random,0,False,1,96,-16.090047393364927,174
148,random,0,False,1,144,33.6255924170616,83
149,random,0,False,2,174,89.43127962085305,14,201,96.23626373626377,84
150,random,0,False,1,96,-16.090047393364927,175
151,random,0,False,1,96,-16.090047393364927,176
152,random,0,False,1,144,33.6255924170616,84
153,random,0,False,1,96,-16.090047393364927,177
154,random,0,False,1,96,-16.090047393364927,178
155,random,0,False,1,96,-16.090047393364927,179
156,random,0,False,1,144,33.6255924170616,85
157,random,0,False,2,180,78.37677725118485,13,96,-39.86263736263736,193
158,random,0,False,2,201,102.76066350710903,10,213,103.64010989010981,58
159,random,0,False,1,96,-16.090047393364927,180
160,random,0,False,1,96,-16.090047393364927,181
161,random,0,False,1,144,33.6255924170616,86
162,random,0,False,1,144,33.6255924170616,87
163,random,0,False,1,144,33.6255924170616,88
164,random,0,False,1,144,33.6255924170616,89
165,random,0,False,1,96,-16.090047393364927,182
166,random,0,False,1,144,33.6255924170616,90
167,random,0,False,1,144,33.6255924170616,91
168,random,0,False,1,96,-16.090047393364927,183
169,random,0,False,1,144,33.6255924170616,92
170,random,0,False,1,144,33.6255924170616,93
171,random,0,False,1,96,-16.090047393364927,184
172,random,0,False,1,144,33.6255924170616,94
173,random,0,False,2,201,64.85781990521325,11,210,108.50274725274727,65
174,random,0,False,1,144,33.6255924170616,95
175,random,0,False,1,96,-16.090047393364927,185
176,random,0,False,1,96,-16.090047393364927,186
177,random,0,False,1,144,33.6255924170616,96
178,random,0,False,1,96,-16.090047393364927,187
179,random,0,False,3,354,314.00357935902963,1,231,143.84615384615387,35,360,335.8920906200319,80
180,random,0,False,1,96,-16.090047393364927,188
181,random,0,False,1,96,-16.090047393364927,189
182,random,0,False,2,147,35.21327014218009,16,165,59.27197802197803,93
183,random,0,False,1,96,-16.090047393364927,190
184,random,0,False,1,144,33.6255924170616,97
185,random,0,False,1,96,-16.090047393364927,191
186,random,0,False,1,96,-16.090047393364927,192
187,random,0,False,1,144,33.6255924170616,98
188,random,0,False,1,96,-16.090047393364927,193
189,random,0,False,1,96,-16.090047393364927,194
190,random,0,False,1,144,33.6255924170616,99
191,random,0,False,1,96,-16.090047393364927,195
192,random,0,False,2,354,280.64875882411417,2,144,40.9065934065934,122
193,random,0,False,1,96,-16.090047393364927,196
194,random,0,False,1,96,-16.090047393364927,197
195,random,0,False,1,144,33.6255924170616,100
196,random,0,False,1,96,-16.090047393364927,198
197,random,0,False,1,144,33.6255924170616,101
198,random,0,False,1,144,33.6255924170616,102
199,random,0,False,1,96,-16.090047393364927,199
200,two_parent,1,False,2,96,-39.86263736263736,190
201,two_parent,1,False,2,231,142.52747252747255,42
202,two_parent,1,False,4,249,212.15659340659334,13,411,462.76391096979347,31,696,892.6496398803853,102
203,two_parent,1,False,2,96,-39.86263736263736,187
204,two_parent,1,False,2,96,-39.86263736263736,176
205,two_parent,1,False,2,144,40.9065934065934,141
206,two_parent,1,False,2,144,40.9065934065934,115
207,two_parent,1,False,2,96,-39.86263736263736,172
208,two_parent,1,False,2,96,-39.86263736263736,184
209,two_parent,1,False,3,231,143.84615384615387,34,360,335.8920906200319,71
210,two_parent,1,False,2,201,90.63186813186817,86
211,two_parent,1,False,2,144,40.9065934065934,99
212,two_parent,1,False,2,96,-39.86263736263736,179
213,two_parent,1,False,2,96,-39.86263736263736,159
214,two_parent,1,False,2,96,-39.86263736263736,175
215,two_parent,1,False,2,141,-18.91483516483516,157
216,two_parent,1,False,2,144,40.9065934065934,110
217,two_parent,1,False,3,255,190.1373626373627,5,351,291.5655802861685,127
218,two_parent,1,False,2,96,-39.86263736263736,196
219,two_parent,1,False,2,96,-39.86263736263736,161
220,two_parent,1,False,2,96,-39.86263736263736,181
221,two_parent,1,False,2,144,40.9065934065934,108
222,two_parent,1,False,2,144,40.9065934065934,100
223,two_parent,1,False,2,144,40.9065934065934,139
224,two_parent,1,False,2,177,29.038461538461547,89
225,two_parent,1,False,2,177,9.21703296703297,90
226,two_parent,1,False,2,96,-39.86263736263736,164
227,two_parent,1,False,2,144,40.9065934065934,128
228,two_parent,1,False,4,249,212.15659340659334,21,411,462.76391096979347,20,696,892.6496398803853,112
229,two_parent,1,False,2,96,-39.86263736263736,166
230,two_parent,1,False,2,144,40.9065934065934,146
231,two_parent,1,False,2,96,-39.86263736263736,169
232,two_parent,1,False,2,96,-39.86263736263736,192
233,two_parent,1,False,2,96,-39.86263736263736,165
234,two_parent,1,False,2,144,40.9065934065934,156
235,two_parent,1,False,2,144,40.9065934065934,107
236,two_parent,1,False,2,144,40.9065934065934,118
237,two_parent,1,False,2,96,-39.86263736263736,158
238,two_parent,1,False,2,96,-39.86263736263736,182
239,two_parent,1,False,2,96,-39.86263736263736,180
240,two_parent,1,False,2,144,40.9065934065934,105
241,two_parent,1,False,2,144,40.9065934065934,133
242,two_parent,1,False,2,213,106.51098901098902,53
243,two_parent,1,False,2,144,40.9065934065934,125
244,two_parent,1,False,2,144,40.9065934065934,142
245,two_parent,1,False,4,249,212.15659340659334,19,411,462.76391096979347,28,696,892.6496398803853,84
246,two_parent,1,False,2,96,-39.86263736263736,162
247,two_parent,1,False,2,207,104.21703296703299,78
248,two_parent,1,False,2,213,103.64010989010981,56
249,two_parent,1,False,2,144,40.9065934065934,98
250,two_parent,1,False,2,96,-39.86263736263736,160
251,two_parent,1,False,2,207,85.19230769230776,81
252,two_parent,1,False,2,96,-39.86263736263736,183
253,two_parent,1,False,2,192,83.24175824175822,87
254,two_parent,1,False,2,96,-39.86263736263736,178
255,two_parent,1,False,2,96,-39.86263736263736,174
256,two_parent,1,False,4,249,212.15659340659334,18,411,462.76391096979347,15,696,892.6496398803853,92
257,two_parent,1,False,2,144,40.9065934065934,145
258,two_parent,1,False,2,144,40.9065934065934,126
259,two_parent,1,False,2,144,40.9065934065934,150
260,two_parent,1,False,2,144,40.9065934065934,144
261,two_parent,1,False,2,96,-39.86263736263736,199
262,two_parent,1,False,2,96,-39.86263736263736,198
263,two_parent,1,False,2,144,40.9065934065934,104
264,two_parent,1,False,2,174,43.186813186813225,91
265,two_parent,1,False,2,147,43.44780219780219,95
266,two_parent,1,False,2,210,140.71428571428575,64
267,two_parent,1,False,2,144,40.9065934065934,131
268,two_parent,1,False,2,144,40.9065934065934,140
269,two_parent,1,False,2,96,-39.86263736263736,188
270,two_parent,1,False,2,96,-39.86263736263736,177
271,two_parent,1,False,2,96,-39.86263736263736,194
272,two_parent,1,False,2,144,40.9065934065934,127
273,two_parent,1,False,2,144,40.9065934065934,109
274,two_parent,1,False,2,144,40.9065934065934,143
275,two_parent,1,False,2,96,-39.86263736263736,171
276,two_parent,1,False,2,96,-39.86263736263736,186
277,two_parent,1,False,2,144,40.9065934065934,117
278,two_parent,1,False,2,96,-39.86263736263736,167
279,two_parent,1,False,2,231,142.52747252747255,41
280,one_parent,1,False,2,144,40.9065934065934,120
281,one_parent,1,False,3,213,167.89835164835162,51,387,440.3314785373609,68
282,one_parent,1,False,3,231,143.84615384615387,36,360,335.8920906200319,73
283,one_parent,1,False,2,231,142.52747252747255,44
284,one_parent,1,False,4,249,212.15659340659334,22,411,462.76391096979347,22,696,892.6496398803853,101
285,one_parent,1,False,3,231,182.76098901098902,27,378,417.9551371224166,69
286,one_parent,1,False,2,210,63.420329670329636,70
287,one_parent,1,False,4,249,212.15659340659334,6,411,462.76391096979347,10,696,892.6496398803853,81
288,one_parent,1,False,3,210,154.5192307692308,63,219,174.92647058823533,140
289,one_parent,1,False,2,144,40.9065934065934,136
290,one_parent,1,False,2,207,-13.997252747252752,82
291,one_parent,1,False,2,186,86.25000000000003,88
292,one_parent,1,False,4,249,212.15659340659334,8,411,462.76391096979347,21,696,892.6496398803853,113
293,one_parent,1,False,4,249,212.15659340659334,17,411,462.76391096979347,8,696,892.6496398803853,107
294,one_parent,1,False,4,249,212.15659340659334,24,411,462.76391096979347,40,696,892.6496398803853,83
295,one_parent,1,False,4,249,212.15659340659334,7,411,462.76391096979347,16,696,892.6496398803853,80
296,one_parent,1,False,2,210,63.420329670329636,72
297,one_parent,1,False,3,348,287.4501402852467,2,354,261.94758545310003,111
298,one_parent,1,False,4,249,212.15659340659334,23,411,462.76391096979347,23,696,892.6496398803853,116
299,one_parent,1,False,4,249,212.15659340659334,12,411,462.76391096979347,39,696,892.6496398803853,76
300,one_parent,1,False,2,144,40.9065934065934,132
301,one_parent,1,False,2,213,106.51098901098902,52
302,one_parent,1,False,2,96,-39.86263736263736,185
303,one_parent,1,False,2,213,103.64010989010981,57
304,one_parent,1,False,4,249,212.15659340659334,15,411,462.76391096979347,14,696,892.6496398803853,93
305,one_parent,1,False,2,210,63.420329670329636,67
306,one_parent,1,False,2,210,8.818681318681321,73
307,one_parent,1,False,2,210,63.420329670329636,71
308,one_parent,1,False,2,231,143.84615384615387,38
309,one_parent,1,False,2,207,-23.063186813186817,83
310,one_parent,1,False,2,144,40.9065934065934,114
311,one_parent,1,False,3,231,143.84615384615387,29,360,335.8920906200319,79
312,one_parent,1,False,3,231,143.84615384615387,28,360,335.8920906200319,76
313,one_parent,1,False,2,96,-39.86263736263736,189
314,one_parent,1,False,4,249,212.15659340659334,16,411,462.76391096979347,17,696,892.6496398803853,90
315,one_parent,1,False,2,207,101.56593406593407,79
316,one_parent,1,False,2,144,40.9065934065934,152
317,one_parent,1,False,4,249,212.15659340659334,9,411,462.76391096979347,37,696,892.6496398803853,105
318,one_parent,1,False,2,213,103.64010989010981,62
319,one_parent,1,False,3,231,143.84615384615387,32,360,335.8920906200319,72
320,one_parent,1,False,3,231,143.84615384615387,33,360,335.8920906200319,74
321,one_parent,1,False,3,423,363.97977554360557,0,402,386.5061108903022,48
322,one_parent,1,False,4,249,212.15659340659334,20,411,462.76391096979347,30,696,892.6496398803853,111
323,one_parent,1,False,4,249,212.15659340659334,11,411,462.76391096979347,34,696,892.6496398803853,108
324,one_parent,1,False,2,144,40.9065934065934,135
325,one_parent,1,False,2,96,-39.86263736263736,170
326,one_parent,1,False,2,210,63.420329670329636,66
327,one_parent,1,False,2,231,142.52747252747255,45
328,one_parent,1,False,2,96,-39.86263736263736,173
329,one_parent,1,False,3,246,168.75000000000003,25,276,247.47242647058823,133
330,one_parent,1,False,2,144,40.9065934065934,123
331,one_parent,1,False,2,96,-39.86263736263736,168
332,one_parent,1,False,3,231,143.84615384615387,37,360,335.8920906200319,78
333,one_parent,1,False,3,234,144.07967032967036,26,348,358.05147058823536,130
334,one_parent,1,False,2,144,40.9065934065934,148
335,one_parent,1,False,2,231,142.52747252747255,40
336,one_parent,1,False,2,231,142.52747252747255,43
337,one_parent,1,False,2,96,-39.86263736263736,197
338,one_parent,1,False,2,207,111.7307692307692,76
339,one_parent,1,False,2,168,54.0934065934066,92
340,one_parent,1,False,2,231,142.52747252747255,47
341,one_parent,1,False,2,231,142.52747252747255,50
342,one_parent,1,False,2,96,-39.86263736263736,191
343,one_parent,1,False,2,213,103.64010989010981,61
344,one_parent,1,False,2,231,143.84615384615387,39
345,one_parent,1,False,2,213,103.64010989010981,60
346,one_parent,1,False,2,207,111.7307692307692,75
347,one_parent,1,False,2,207,111.7307692307692,74
348,one_parent,1,False,3,231,143.84615384615387,31,360,335.8920906200319,75
349,one_parent,1,False,4,249,212.15659340659334,14,411,462.76391096979347,11,696,892.6496398803853,98
350,one_parent,1,False,2,231,142.52747252747255,46
351,one_parent,1,False,2,210,63.420329670329636,69
352,one_parent,1,False,2,144,40.9065934065934,149
353,one_parent,1,False,3,348,287.4501402852467,3,354,261.94758545310003,103
354,one_parent,1,False,2,144,40.9065934065934,147
355,one_parent,1,False,4,261,199.53296703296695,4,690,821.0816681075224,2,1434,1974.9610962371028,47
356,one_parent,1,False,2,231,142.52747252747255,48
357,one_parent,1,False,2,144,40.9065934065934,106
358,one_parent,1,False,3,231,143.84615384615387,30,360,335.8920906200319,77
359,one_parent,1,False,2,96,-39.86263736263736,163
360,two_parent,2,False,2,96,-13.658088235294116,196
361,two_parent,2,False,2,144,50.477941176470594,151
362,two_parent,2,False,4,663,680.001664525087,4,2517,3124.5114790218463,1,711,775.7969981359361,77
363,two_parent,2,False,2,96,-13.658088235294116,180
364,two_parent,2,False,2,354,261.94758545310003,89
365,two_parent,2,False,2,354,261.94758545310003,114
366,two_parent,2,False,2,96,-13.658088235294116,190
367,two_parent,2,False,2,96,-13.658088235294116,172
368,two_parent,2,False,2,354,261.94758545310003,102
369,two_parent,2,False,2,144,50.477941176470594,165
370,two_parent,2,False,2,351,230.55862480127178,129
371,two_parent,2,False,2,96,-13.658088235294116,197
372,two_parent,2,False,2,144,50.477941176470594,153
373,two_parent,2,False,2,144,50.477941176470594,166
374,two_parent,2,False,2,144,50.477941176470594,161
375,two_parent,2,False,2,96,-13.658088235294116,168
376,two_parent,2,False,2,96,-13.658088235294116,181
377,two_parent,2,False,2,96,-13.658088235294116,195
378,two_parent,2,False,2,144,50.477941176470594,155
379,two_parent,2,False,2,213,131.08455882352942,144
380,two_parent,2,False,2,144,50.477941176470594,156
381,two_parent,2,False,2,354,261.94758545310003,124
382,two_parent,2,False,2,402,386.5061108903022,58
383,two_parent,2,False,2,144,50.477941176470594,149
384,two_parent,2,False,2,252,230.56066176470586,135
385,two_parent,2,False,2,144,50.477941176470594,163
386,two_parent,2,False,2,96,-13.658088235294116,176
387,two_parent,2,False,2,96,-13.658088235294116,186
388,two_parent,2,False,2,96,-13.658088235294116,173
389,two_parent,2,False,2,246,233.70404411764707,138
390,two_parent,2,False,2,183,77.79411764705884,146
391,two_parent,2,False,2,96,-13.658088235294116,183
392,two_parent,2,False,2,402,386.5061108903022,42
393,two_parent,2,False,2,144,50.477941176470594,164
394,two_parent,2,False,2,96,-13.658088235294116,170
395,two_parent,2,False,2,96,-13.658088235294116,184
396,two_parent,2,False,2,96,-13.658088235294116,175
397,two_parent,2,False,2,216,142.18749999999997,141
398,two_parent,2,False,4,789,909.1484499998829,0,1665,2409.3040470581705,31,507,566.5739483024922,102
399,two_parent,2,False,2,354,261.94758545310003,118
400,two_parent,2,False,2,96,-13.658088235294116,198
401,two_parent,2,False,2,144,50.477941176470594,148
402,two_parent,2,False,2,354,261.94758545310003,117
403,two_parent,2,False,2,354,250.71691176470586,126
404,two_parent,2,False,2,192,106.29595588235296,145
405,two_parent,2,False,2,354,261.94758545310003,87
406,two_parent,2,False,2,96,-13.658088235294116,193
407,two_parent,2,False,3,411,462.76391096979347,25,696,892.6496398803853,100
408,two_parent,2,False,2,144,50.477941176470594,158
409,two_parent,2,False,2,96,-13.658088235294116,171
410,two_parent,2,False,2,96,-13.658088235294116,199
411,two_parent,2,False,2,402,386.5061108903022,46
412,two_parent,2,False,2,96,-13.658088235294116,182
413,two_parent,2,False,3,411,462.76391096979347,27,696,892.6496398803853,82
414,two_parent,2,False,3,411,462.76391096979347,19,696,892.6496398803853,114
415,two_parent,2,False,2,144,50.477941176470594,154
416,two_parent,2,False,2,144,50.477941176470594,150
417,two_parent,2,False,2,402,386.5061108903022,47
418,two_parent,2,False,2,354,261.94758545310003,113
419,two_parent,2,False,2,402,386.5061108903022,61
420,two_parent,2,False,2,402,386.5061108903022,49
421,two_parent,2,False,2,351,270.34588632750405,128
422,two_parent,2,False,2,144,50.477941176470594,159
423,two_parent,2,False,2,96,-13.658088235294116,179
424,two_parent,2,False,2,216,133.52941176470588,142
425,two_parent,2,False,2,354,261.94758545310003,96
426,two_parent,2,False,2,402,386.5061108903022,63
427,two_parent,2,False,2,354,261.94758545310003,86
428,two_parent,2,False,2,402,386.5061108903022,56
429,two_parent,2,False,2,96,-13.658088235294116,191
430,two_parent,2,False,2,96,-13.658088235294116,169
431,two_parent,2,False,2,354,261.94758545310003,116
432,two_parent,2,False,2,96,-13.658088235294116,174
433,two_parent,2,False,2,96,-13.658088235294116,194
434,two_parent,2,False,2,354,261.94758545310003,123
435,two_parent,2,False,2,96,-13.658088235294116,187
436,two_parent,2,False,2,96,-13.658088235294116,178
437,two_parent,2,False,2,354,261.94758545310003,106
438,two_parent,2,False,2,96,-13.658088235294116,185
439,two_parent,2,False,2,144,50.477941176470594,160
440,one_parent,2,False,2,402,386.5061108903022,55
441,one_parent,2,False,2,354,261.94758545310003,97
442,one_parent,2,False,2,402,386.5061108903022,43
443,one_parent,2,False,2,417,387.7281895866454,5
444,one_parent,2,False,2,366,407.01818362480157,70
445,one_parent,2,False,2,354,261.94758545310003,95
446,one_parent,2,False,2,249,169.26470588235298,137
447,one_parent,2,False,2,354,261.94758545310003,92
448,one_parent,2,False,2,96,-13.658088235294116,188
449,one_parent,2,False,2,402,386.5061108903022,62
450,one_parent,2,False,2,402,386.5061108903022,52
451,one_parent,2,False,2,354,261.94758545310003,98
452,one_parent,2,False,2,402,386.5061108903022,57
453,one_parent,2,False,3,411,462.76391096979347,26,696,892.6496398803853,97
454,one_parent,2,False,2,402,386.5061108903022,45
455,one_parent,2,False,2,144,50.477941176470594,167
456,one_parent,2,False,2,402,386.5061108903022,54
457,one_parent,2,False,2,402,386.5061108903022,44
458,one_parent,2,False,2,354,292.31254968203507,82
459,one_parent,2,False,2,144,50.477941176470594,157
460,one_parent,2,False,2,354,261.94758545310003,94
461,one_parent,2,False,2,354,261.94758545310003,121
462,one_parent,2,False,2,354,261.94758545310003,112
463,one_parent,2,False,4,675,793.2506029280223,3,1692,2330.472736080814,13,261,190.0460122699386,138
464,one_parent,2,False,3,411,462.76391096979347,9,696,892.6496398803853,87
465,one_parent,2,False,2,180,96.09375,147
466,one_parent,2,False,3,411,462.76391096979347,35,696,892.6496398803853,96
467,one_parent,2,False,2,402,386.5061108903022,53
468,one_parent,2,False,2,354,261.94758545310003,105
469,one_parent,2,False,2,354,261.94758545310003,100
470,one_parent,2,False,3,411,462.76391096979347,12,696,892.6496398803853,94
471,one_parent,2,False,3,411,462.76391096979347,33,696,892.6496398803853,78
472,one_parent,2,False,2,402,386.5061108903022,60
473,one_parent,2,False,2,402,386.5061108903022,51
474,one_parent,2,False,2,354,261.94758545310003,108
475,one_parent,2,False,2,393,366.675079491256,67
476,one_parent,2,False,2,354,261.94758545310003,109
477,one_parent,2,False,2,402,386.5061108903022,64
478,one_parent,2,False,2,354,261.94758545310003,91
479,one_parent,2,False,3,411,462.76391096979347,6,696,892.6496398803853,88
480,one_parent,2,False,3,411,462.76391096979347,13,696,892.6496398803853,72
481,one_parent,2,False,2,354,261.94758545310003,88
482,one_parent,2,False,2,354,261.94758545310003,115
483,one_parent,2,False,2,282,254.4393382352941,132
484,one_parent,2,False,2,354,261.94758545310003,99
485,one_parent,2,False,2,354,261.94758545310003,101
486,one_parent,2,False,2,402,386.5061108903022,59
487,one_parent,2,False,2,234,170.96507352941177,139
488,one_parent,2,False,2,144,50.477941176470594,162
489,one_parent,2,False,3,411,462.76391096979347,18,696,892.6496398803853,109
490,one_parent,2,False,2,354,261.94758545310003,107
491,one_parent,2,False,2,348,320.1849662162164,131
492,one_parent,2,False,2,96,-13.658088235294116,189
493,one_parent,2,False,2,411,462.76391096979347,41
494,one_parent,2,False,3,411,462.76391096979347,7,696,892.6496398803853,74
495,one_parent,2,False,2,96,-13.658088235294116,177
496,one_parent,2,False,2,144,50.477941176470594,152
497,one_parent,2,False,2,354,277.5384042130368,84
498,one_parent,2,False,2,354,261.94758545310003,104
499,one_parent,2,False,2,213,157.1599264705882,143
500,one_parent,2,False,2,96,-13.658088235294116,192
501,one_parent,2,False,2,402,386.5061108903022,66
502,one_parent,2,False,2,354,261.94758545310003,110
503,one_parent,2,False,2,267,238.22610294117652,134
504,one_parent,2,False,3,411,462.76391096979347,29,696,892.6496398803853,115
505,one_parent,2,False,2,354,261.94758545310003,90
506,one_parent,2,False,2,354,261.94758545310003,119
507,one_parent,2,False,2,249,227.23345588235298,136
508,one_parent,2,False,2,402,386.5061108903022,50
509,one_parent,2,False,2,354,253.45290143084264,125
510,one_parent,2,False,3,411,462.76391096979347,32,696,892.6496398803853,86
511,one_parent,2,False,2,354,287.1106418918918,83
512,one_parent,2,False,3,780,1011.6184759515061,1,1092,1471.5216839367577,62
513,one_parent,2,False,2,354,261.94758545310003,122
514,one_parent,2,False,2,357,322.9076410969794,81
515,one_parent,2,False,2,402,386.5061108903022,65
516,one_parent,2,False,3,411,462.76391096979347,24,696,892.6496398803853,77
517,one_parent,2,False,3,411,462.76391096979347,36,696,892.6496398803853,75
518,one_parent,2,False,2,354,261.94758545310003,85
519,one_parent,2,False,2,354,261.94758545310003,120
520,two_parent,3,False,2,258,216.35265700483097,121
521,two_parent,3,False,2,96,-23.55072463768116,199
522,two_parent,3,False,2,144,40.5797101449275,159
523,two_parent,3,False,2,144,40.5797101449275,157
524,two_parent,3,False,3,1665,2409.3040470581705,32,507,566.5739483024922,90
525,two_parent,3,False,3,1665,2324.772481793568,37,207,35.06134969325156,158
526,two_parent,3,False,2,210,119.56521739130432,135
527,two_parent,3,False,2,144,40.5797101449275,165
528,two_parent,3,False,2,144,40.5797101449275,154
529,two_parent,3,False,2,96,-23.55072463768116,183
530,two_parent,3,False,2,96,-23.55072463768116,167
531,two_parent,3,False,2,990,1360.2352519073115,70
532,two_parent,3,False,2,243,205.88164251207726,126
533,two_parent,3,False,2,144,40.5797101449275,153
534,two_parent,3,False,2,96,-23.55072463768116,178
535,two_parent,3,False,2,96,-23.55072463768116,186
536,two_parent,3,False,2,210,42.512077294685966,137
537,two_parent,3,False,2,207,150.9057971014493,138
538,two_parent,3,False,2,96,-23.55072463768116,166
539,two_parent,3,False,2,696,881.8626715564069,117
540,two_parent,3,False,2,144,40.5797101449275,147
541,two_parent,3,False,2,96,-23.55072463768116,174
542,two_parent,3,False,2,1092,1471.5216839367577,64
543,two_parent,3,False,2,96,-23.55072463768116,180
544,two_parent,3,False,2,96,-23.55072463768116,191
545,two_parent,3,False,2,96,-23.55072463768116,189
546,two_parent,3,False,2,696,892.6496398803853,95
547,two_parent,3,False,2,96,-23.55072463768116,181
548,two_parent,3,False,2,144,40.5797101449275,149
549,two_parent,3,False,2,96,-23.55072463768116,173
550,two_parent,3,False,3,1701,2149.4360512919584,5,273,175.7208588957055,124
551,two_parent,3,False,2,210,149.2512077294686,132
552,two_parent,3,False,2,96,-23.55072463768116,192
553,two_parent,3,False,2,96,-23.55072463768116,171
554,two_parent,3,False,2,144,40.5797101449275,152
555,two_parent,3,False,2,1092,1471.5216839367577,61
556,two_parent,3,False,3,1665,2409.3040470581705,36,507,566.5739483024922,95
557,two_parent,3,False,2,1092,1471.5216839367577,66
558,two_parent,3,False,2,243,206.44927536231887,125
559,two_parent,3,False,2,96,-23.55072463768116,198
560,two_parent,3,False,2,144,40.5797101449275,162
561,two_parent,3,False,2,96,-23.55072463768116,184
562,two_parent,3,False,2,207,147.7536231884059,139
563,two_parent,3,False,2,237,126.54589371980683,127
564,two_parent,3,False,2,96,-23.55072463768116,196
565,two_parent,3,False,2,144,40.5797101449275,151
566,two_parent,3,False,2,96,-23.55072463768116,168
567,two_parent,3,False,2,144,40.5797101449275,148
568,two_parent,3,False,2,96,-23.55072463768116,193
569,two_parent,3,False,2,159,48.478260869565176,145
570,two_parent,3,False,2,96,-23.55072463768116,190
571,two_parent,3,False,3,1665,2409.3040470581705,20,507,566.5739483024922,86
572,two_parent,3,False,2,228,200.5797101449276,128
573,two_parent,3,False,2,96,-23.55072463768116,197
574,two_parent,3,False,2,282,283.4420289855072,118
575,two_parent,3,False,2,144,40.5797101449275,156
576,two_parent,3,False,3,1692,2330.472736080814,15,261,190.0460122699386,136
577,two_parent,3,False,3,1665,2409.3040470581705,19,507,566.5739483024922,116
578,two_parent,3,False,2,144,40.5797101449275,163
579,two_parent,3,False,2,1434,1974.9610962371028,40
580,two_parent,3,False,2,207,130.39855072463772,140
581,two_parent,3,False,3,1665,2409.3040470581705,21,507,566.5739483024922,112
582,two_parent,3,False,2,96,-23.55072463768116,182
583,two_parent,3,False,3,1386,2007.9337835987524,48,219,164.47852760736197,147
584,two_parent,3,False,2,96,-23.55072463768116,175
585,two_parent,3,False,2,204,62.463768115942045,144
586,two_parent,3,False,3,1692,2330.472736080814,14,261,190.0460122699386,134
587,two_parent,3,False,2,1140,1516.5220303765159,49
588,two_parent,3,False,2,96,-23.55072463768116,169
589,two_parent,3,False,2,96,-23.55072463768116,194
590,two_parent,3,False,2,144,40.5797101449275,150
591,two_parent,3,False,3,1434,1997.4058379943226,38,261,199.04907975460122,127
592,two_parent,3,False,2,96,-23.55072463768116,195
593,two_parent,3,False,3,1665,2409.3040470581705,25,507,566.5739483024922,111
594,two_parent,3,False,2,144,40.5797101449275,146
595,two_parent,3,False,2,990,1347.4475729555197,71
596,two_parent,3,False,3,1668,2247.0493878478733,18,639,635.2303797076479,82
597,two_parent,3,False,2,96,-23.55072463768116,179
598,two_parent,3,False,2,96,-23.55072463768116,170
599,two_parent,3,False,2,96,-23.55072463768116,187
600,one_parent,3,False,2,96,-23.55072463768116,177
601,one_parent,3,False,2,1434,1974.9610962371028,39
602,one_parent,3,False,5,2517,3124.5114790218463,3,711,775.7969981359361,38,222,149.9137931034483,38,1941,2333.0359942731875,80
603,one_parent,3,False,2,1092,1471.5216839367577,60
604,one_parent,3,False,2,1092,1471.5216839367577,69
605,one_parent,3,False,3,1665,2409.3040470581705,26,507,566.5739483024922,105
606,one_parent,3,False,4,2517,3124.5114790218463,0,711,775.7969981359361,19,222,149.9137931034483,108
607,one_parent,3,False,3,1665,2409.3040470581705,23,507,566.5739483024922,103
608,one_parent,3,False,2,1092,1471.5216839367577,67
609,one_parent,3,False,3,1665,2409.3040470581705,33,507,566.5739483024922,85
610,one_parent,3,False,2,1092,1471.5216839367577,59
611,one_parent,3,False,2,696,892.6496398803853,85
612,one_parent,3,False,3,1722,2324.3823875005155,4,498,554.3866062810163,122
613,one_parent,3,False,2,210,103.2850241545894,136
614,one_parent,3,False,2,213,111.37681159420285,131
615,one_parent,3,False,3,1665,2409.3040470581705,24,507,566.5739483024922,88
616,one_parent,3,False,3,1692,2330.472736080814,8,261,190.0460122699386,130
617,one_parent,3,False,3,1665,2409.3040470581705,22,507,566.5739483024922,107
618,one_parent,3,False,2,1092,1471.5216839367577,68
619,one_parent,3,False,2,1092,1471.5216839367577,52
620,one_parent,3,False,3,1665,2409.3040470581705,30,507,566.5739483024922,118
621,one_parent,3,False,3,1692,2330.472736080814,11,261,190.0460122699386,129
622,one_parent,3,False,2,210,136.95652173913044,133
623,one_parent,3,False,3,1665,2409.3040470581705,28,507,566.5739483024922,117
624,one_parent,3,False,2,1092,1471.5216839367577,50
625,one_parent,3,False,2,1434,1974.9610962371028,41
626,one_parent,3,False,2,1092,1471.5216839367577,54
627,one_parent,3,False,2,1092,1471.5216839367577,56
628,one_parent,3,False,2,207,70.14492753623189,142
629,one_parent,3,False,2,696,892.6496398803853,104
630,one_parent,3,False,2,207,102.75362318840578,141
631,one_parent,3,False,2,696,892.6496398803853,99
632,one_parent,3,False,2,144,40.5797101449275,160
633,one_parent,3,False,3,1692,2330.472736080814,16,261,190.0460122699386,132
634,one_parent,3,False,2,144,40.5797101449275,164
635,one_parent,3,False,2,1434,1974.9610962371028,45
636,one_parent,3,False,2,1092,1471.5216839367577,57
637,one_parent,3,False,2,246,189.85507246376818,123
638,one_parent,3,False,2,1092,1471.5216839367577,65
639,one_parent,3,False,3,1692,2330.472736080814,6,261,190.0460122699386,133
640,one_parent,3,False,2,144,40.5797101449275,158
641,one_parent,3,False,2,1092,1471.5216839367577,55
642,one_parent,3,False,2,144,40.5797101449275,161
643,one_parent,3,False,2,1434,1974.9610962371028,44
644,one_parent,3,False,3,1665,2409.3040470581705,34,507,566.5739483024922,120
645,one_parent,3,False,3,1692,2330.472736080814,9,261,190.0460122699386,139
646,one_parent,3,False,3,1665,2409.3040470581705,27,507,566.5739483024922,113
647,one_parent,3,False,2,1092,1471.5216839367577,51
648,one_parent,3,False,2,1092,1471.5216839367577,53
649,one_parent,3,False,2,696,892.6496398803853,106
650,one_parent,3,False,3,1665,2409.3040470581705,35,507,566.5739483024922,98
651,one_parent,3,False,2,696,892.6496398803853,89
652,one_parent,3,False,2,696,892.6496398803853,73
653,one_parent,3,False,2,144,40.5797101449275,155
654,one_parent,3,False,2,696,892.6496398803853,79
655,one_parent,3,False,3,1680,2164.708567284577,17,276,188.42024539877303,123
656,one_parent,3,False,2,276,204.42028985507238,119
657,one_parent,3,False,2,696,892.6496398803853,103
658,one_parent,3,False,2,96,-23.55072463768116,185
659,one_parent,3,False,4,2517,3124.5114790218463,2,711,775.7969981359361,10,222,149.9137931034483,127
660,one_parent,3,False,2,210,123.2608695652174,134
661,one_parent,3,False,2,1092,1471.5216839367577,58
662,one_parent,3,False,2,243,213.69565217391295,124
663,one_parent,3,False,2,96,-23.55072463768116,176
664,one_parent,3,False,2,96,-23.55072463768116,188
665,one_parent,3,False,2,228,166.73913043478257,129
666,one_parent,3,False,2,273,215.8212560386474,120
667,one_parent,3,False,2,1434,1974.9610962371028,46
668,one_parent,3,False,3,1692,2330.472736080814,10,261,190.0460122699386,131
669,one_parent,3,False,2,213,131.34057971014494,130
670,one_parent,3,False,2,249,195.18115942028984,122
671,one_parent,3,False,3,1665,2409.3040470581705,29,507,566.5739483024922,115
672,one_parent,3,False,3,1692,2330.472736080814,12,261,190.0460122699386,137
673,one_parent,3,False,2,96,-23.55072463768116,172
674,one_parent,3,False,2,1434,1974.9610962371028,43
675,one_parent,3,False,2,207,68.62318840579714,143
676,one_parent,3,False,3,1692,2330.472736080814,7,261,190.0460122699386,135
677,one_parent,3,False,2,1434,1974.9610962371028,42
678,one_parent,3,False,2,696,892.6496398803853,91
679,one_parent,3,False,2,1092,1471.5216839367577,63
680,two_parent,4,False,2,711,775.7969981359361,52
681,two_parent,4,False,2,144,35.24539877300613,162
682,two_parent,4,False,2,711,775.7969981359361,42
683,two_parent,4,False,2,711,775.7969981359361,48
684,two_parent,4,False,2,711,775.7969981359361,59
685,two_parent,4,False,3,711,775.7969981359361,1,222,149.9137931034483,144
686,two_parent,4,False,2,144,35.24539877300613,170
687,two_parent,4,False,2,711,775.7969981359361,65
688,two_parent,4,False,2,144,35.24539877300613,172
689,two_parent,4,False,2,207,95.84355828220853,156
690,two_parent,4,False,2,243,183.3588957055215,140
691,two_parent,4,False,2,273,143.2208588957055,125
692,two_parent,4,False,2,144,35.24539877300613,165
693,two_parent,4,False,2,96,-45.858895705521476,188
694,two_parent,4,False,2,540,484.8358189875488,84
695,two_parent,4,False,2,216,148.57361963190186,148
696,two_parent,4,False,2,210,82.02453987730058,153
697,two_parent,4,False,2,144,35.24539877300613,168
698,two_parent,4,False,2,711,775.7969981359361,70
699,two_parent,4,False,2,144,35.24539877300613,179
700,two_parent,4,False,2,507,566.5739483024922,89
701,two_parent,4,False,2,96,-45.858895705521476,189
702,two_parent,4,False,3,711,775.7969981359361,22,222,149.9137931034483,100
703,two_parent,4,False,2,711,775.7969981359361,74
704,two_parent,4,False,2,210,87.36196319018404,152
705,two_parent,4,False,2,96,-45.858895705521476,191
706,two_parent,4,False,3,711,775.7969981359361,6,222,149.9137931034483,128
707,two_parent,4,False,3,711,775.7969981359361,24,222,149.9137931034483,72
708,two_parent,4,False,3,711,775.7969981359361,18,222,149.9137931034483,104
709,two_parent,4,False,2,144,35.24539877300613,181
710,two_parent,4,False,2,144,35.24539877300613,167
711,two_parent,4,False,2,210,24.739263803681,154
712,two_parent,4,False,2,507,566.5739483024922,108
713,two_parent,4,False,4,711,775.7969981359361,33,222,149.9137931034483,40,1941,2333.0359942731875,93
714,two_parent,4,False,2,144,35.24539877300613,180
715,two_parent,4,False,2,711,775.7969981359361,67
716,two_parent,4,False,2,204,65.62883435582822,159
717,two_parent,4,False,2,711,775.7969981359361,55
718,two_parent,4,False,2,144,35.24539877300613,182
719,two_parent,4,False,2,231,126.88650306748463,144
720,two_parent,4,False,2,144,35.24539877300613,184
721,two_parent,4,False,2,96,-45.858895705521476,198
722,two_parent,4,False,2,711,775.7969981359361,51
723,two_parent,4,False,2,213,125.85889570552143,150
724,two_parent,4,False,3,711,775.7969981359361,12,222,149.9137931034483,54
725,two_parent,4,False,3,711,775.7969981359361,31,222,149.9137931034483,154
726,two_parent,4,False,4,711,775.7969981359361,5,222,149.9137931034483,30,1941,2333.0359942731875,73
727,two_parent,4,False,2,711,775.7969981359361,62
728,two_parent,4,False,3,711,775.7969981359361,15,222,149.9137931034483,112
729,two_parent,4,False,2,144,35.24539877300613,173
730,two_parent,4,False,2,237,94.47852760736197,143
731,two_parent,4,False,4,711,775.7969981359361,37,222,149.9137931034483,25,1941,2333.0359942731875,63
732,two_parent,4,False,2,96,-45.858895705521476,196
733,two_parent,4,False,3,711,775.7969981359361,4,222,149.9137931034483,69
734,two_parent,4,False,2,645,734.3905010130317,81
735,two_parent,4,False,3,711,775.7969981359361,36,222,149.9137931034483,153
736,two_parent,4,False,4,711,775.7969981359361,35,222,149.9137931034483,22,1941,2333.0359942731875,74
737,two_parent,4,False,2,144,35.24539877300613,178
738,two_parent,4,False,2,711,775.7969981359361,73
739,two_parent,4,False,2,711,775.7969981359361,50
740,two_parent,4,False,3,711,775.7969981359361,28,222,149.9137931034483,47
741,two_parent,4,False,2,171,47.34662576687117,160
742,two_parent,4,False,2,216,134.15644171779144,149
743,two_parent,4,False,2,207,74.44785276073618,157
744,two_parent,4,False,2,654,706.3788060055234,80
745,two_parent,4,False,2,711,775.7969981359361,75
746,two_parent,4,False,2,711,775.7969981359361,61
747,two_parent,4,False,3,711,775.7969981359361,3,222,149.9137931034483,68
748,two_parent,4,False,2,711,775.7969981359361,63
749,two_parent,4,False,2,144,35.24539877300613,164
750,two_parent,4,False,2,144,35.24539877300613,176
751,two_parent,4,False,2,711,775.7969981359361,40
752,two_parent,4,False,2,711,775.7969981359361,69
753,two_parent,4,False,3,711,775.7969981359361,25,222,149.9137931034483,80
754,two_parent,4,False,4,711,775.7969981359361,21,222,149.9137931034483,16,1941,2333.0359942731875,87
755,two_parent,4,False,2,144,35.24539877300613,166
756,two_parent,4,False,2,711,775.7969981359361,53
757,two_parent,4,False,2,144,35.24539877300613,163
758,two_parent,4,False,3,711,775.7969981359361,34,222,149.9137931034483,129
759,two_parent,4,False,2,96,-45.858895705521476,195
760,one_parent,4,False,2,507,566.5739483024922,110
761,one_parent,4,False,2,507,566.5739483024922,104
762,one_parent,4,False,2,711,775.7969981359361,43
763,one_parent,4,False,2,711,775.7969981359361,57
764,one_parent,4,False,2,507,566.5739483024922,119
765,one_parent,4,False,3,711,775.7969981359361,0,222,149.9137931034483,58
766,one_parent,4,False,2,711,775.7969981359361,44
767,one_parent,4,False,2,507,566.5739483024922,109
768,one_parent,4,False,2,711,775.7969981359361,66
769,one_parent,4,False,2,507,566.5739483024922,94
770,one_parent,4,False,3,711,775.7969981359361,26,222,149.9137931034483,70
771,one_parent,4,False,2,711,775.7969981359361,49
772,one_parent,4,False,2,267,222.43865030674846,126
773,one_parent,4,False,2,144,35.24539877300613,177
774,one_parent,4,False,2,243,161.8711656441718,142
775,one_parent,4,False,2,711,775.7969981359361,64
776,one_parent,4,False,3,711,775.7969981359361,9,222,149.9137931034483,87
777,one_parent,4,False,2,711,775.7969981359361,60
778,one_parent,4,False,2,711,775.7969981359361,58
779,one_parent,4,False,2,144,35.24539877300613,171
780,one_parent,4,False,2,507,566.5739483024922,97
781,one_parent,4,False,3,711,775.7969981359361,16,222,149.9137931034483,48
782,one_parent,4,False,2,144,35.24539877300613,185
783,one_parent,4,False,2,507,566.5739483024922,96
784,one_parent,4,False,2,96,-45.858895705521476,197
785,one_parent,4,False,2,507,566.5739483024922,91
786,one_parent,4,False,2,210,-14.233128834355824,155
787,one_parent,4,False,2,507,566.5739483024922,93
788,one_parent,4,False,2,507,566.5739483024922,100
789,one_parent,4,False,2,711,775.7969981359361,54
790,one_parent,4,False,2,711,775.7969981359361,76
791,one_parent,4,False,2,507,549.9055972483277,121
792,one_parent,4,False,2,144,35.24539877300613,169
793,one_parent,4,False,2,96,-45.858895705521476,190
794,one_parent,4,False,2,153,38.83435582822085,161
795,one_parent,4,False,2,711,775.7969981359361,68
796,one_parent,4,False,2,711,775.7969981359361,72
797,one_parent,4,False,3,711,775.7969981359361,7,222,149.9137931034483,73
798,one_parent,4,False,2,141,-52.17791411042945,187
799,one_parent,4,False,2,507,566.5739483024922,106
800,one_parent,4,False,2,228,152.4846625766871,145
801,one_parent,4,False,2,711,775.7969981359361,45
802,one_parent,4,False,2,507,566.5739483024922,92
803,one_parent,4,False,3,711,775.7969981359361,17,222,149.9137931034483,134
804,one_parent,4,False,2,96,-45.858895705521476,194
805,one_parent,4,False,3,711,775.7969981359361,8,222,149.9137931034483,64
806,one_parent,4,False,2,141,-44.61656441717791,186
807,one_parent,4,False,2,711,775.7969981359361,71
808,one_parent,4,False,2,507,566.5739483024922,87
809,one_parent,4,False,3,711,775.7969981359361,11,222,149.9137931034483,141
810,one_parent,4,False,2,507,566.5739483024922,114
811,one_parent,4,False,3,711,775.7969981359361,2,222,149.9137931034483,62
812,one_parent,4,False,4,711,775.7969981359361,32,222,149.9137931034483,31,1941,2333.0359942731875,91
813,one_parent,4,False,2,711,775.7969981359361,41
814,one_parent,4,False,3,711,775.7969981359361,27,222,149.9137931034483,138
815,one_parent,4,False,2,555,545.9076646368718,83
816,one_parent,4,False,3,711,775.7969981359361,29,222,149.9137931034483,97
817,one_parent,4,False,3,711,775.7969981359361,14,222,149.9137931034483,119
818,one_parent,4,False,2,711,775.7969981359361,56
819,one_parent,4,False,2,144,35.24539877300613,183
820,one_parent,4,False,4,711,775.7969981359361,23,222,149.9137931034483,36,1941,2333.0359942731875,83
821,one_parent,4,False,2,711,775.7969981359361,47
822,one_parent,4,False,2,711,775.7969981359361,78
823,one_parent,4,False,2,507,566.5739483024922,99
824,one_parent,4,False,2,669,668.9884593459271,79
825,one_parent,4,False,3,711,775.7969981359361,20,222,149.9137931034483,122
826,one_parent,4,False,2,228,127.71472392638032,146
827,one_parent,4,False,2,711,775.7969981359361,46
828,one_parent,4,False,2,144,35.24539877300613,174
829,one_parent,4,False,2,96,-45.858895705521476,193
830,one_parent,4,False,2,507,566.5739483024922,101
831,one_parent,4,False,2,243,166.48773006134968,141
832,one_parent,4,False,3,711,775.7969981359361,39,222,149.9137931034483,89
833,one_parent,4,False,2,213,116.65644171779135,151
834,one_parent,4,False,3,711,775.7969981359361,13,222,149.9137931034483,79
835,one_parent,4,False,2,96,-45.858895705521476,199
836,one_parent,4,False,2,96,-45.858895705521476,192
837,one_parent,4,False,2,144,35.24539877300613,175
838,one_parent,4,False,4,711,775.7969981359361,30,222,149.9137931034483,11,1941,2333.0359942731875,84
839,one_parent,4,False,2,261,192.56134969325151,128
840,two_parent,5,False,3,222,149.9137931034483,23,1941,2333.0359942731875,60
841,two_parent,5,False,2,222,149.9137931034483,150
842,two_parent,5,False,2,222,149.9137931034483,63
843,two_parent,5,False,3,222,149.9137931034483,26,1941,2333.0359942731875,65
844,two_parent,5,False,2,222,149.9137931034483,52
845,two_parent,5,False,2,222,149.9137931034483,132
846,two_parent,5,False,2,96,-29.20689655172414,191
847,two_parent,5,False,2,222,149.9137931034483,51
848,two_parent,5,False,2,222,149.9137931034483,94
849,two_parent,5,False,2,222,149.9137931034483,45
850,two_parent,5,False,2,222,149.9137931034483,92
851,two_parent,5,False,3,222,149.9137931034483,20,1941,2333.0359942731875,81
852,two_parent,5,False,3,222,149.9137931034483,9,1941,2333.0359942731875,77
853,two_parent,5,False,3,222,149.9137931034483,24,1941,2333.0359942731875,92
854,two_parent,5,False,2,222,149.9137931034483,147
855,two_parent,5,False,2,222,149.9137931034483,84
856,two_parent,5,False,2,204,110.96551724137933,168
857,two_parent,5,False,2,222,149.9137931034483,107
858,two_parent,5,False,2,207,74.63793103448276,163
859,two_parent,5,False,2,204,84.84482758620689,169
860,two_parent,5,False,2,222,149.9137931034483,65
861,two_parent,5,False,2,222,149.9137931034483,56
862,two_parent,5,False,2,96,-29.20689655172414,189
863,two_parent,5,False,2,222,149.9137931034483,96
864,two_parent,5,False,2,96,-29.20689655172414,188
865,two_parent,5,False,2,96,-29.20689655172414,184
866,two_parent,5,False,2,222,149.9137931034483,86
867,two_parent,5,False,2,222,149.9137931034483,88
868,two_parent,5,False,2,222,149.9137931034483,74
869,two_parent,5,False,2,222,149.9137931034483,120
870,two_parent,5,False,2,96,-29.20689655172414,196
871,two_parent,5,False,2,144,9.620689655172427,182
872,two_parent,5,False,2,222,149.9137931034483,93
873,two_parent,5,False,2,222,149.9137931034483,101
874,two_parent,5,False,2,219,94.17241379310343,156
875,two_parent,5,False,3,711,723.2439600166233,2,1932,2330.0462132565835,112
876,two_parent,5,False,3,222,149.9137931034483,13,1941,2333.0359942731875,59
877,two_parent,5,False,4,4419,5929.346733107791,0,1971,2741.709472095428,20,10305,14026.845340693033,46
878,two_parent,5,False,2,222,149.9137931034483,102
879,two_parent,5,False,3,222,149.9137931034483,29,1941,2333.0359942731875,86
880,two_parent,5,False,2,222,149.9137931034483,95
881,two_parent,5,False,2,225,59.12068965517247,8
882,two_parent,5,False,3,3102,3883.3219225092485,1,1944,2546.2488091630144,40
883,two_parent,5,False,2,222,149.9137931034483,85
884,two_parent,5,False,2,222,149.9137931034483,126
885,two_parent,5,False,3,225,165.72413793103442,7,417,465.91793993677544,161
886,two_parent,5,False,2,222,149.9137931034483,109
887,two_parent,5,False,2,222,149.9137931034483,55
888,two_parent,5,False,2,96,-29.20689655172414,198
889,two_parent,5,False,2,222,149.9137931034483,152
890,two_parent,5,False,2,207,39.67241379310347,164
891,two_parent,5,False,3,222,149.9137931034483,19,1941,2333.0359942731875,71
892,two_parent,5,False,2,207,38.32758620689657,165
893,two_parent,5,False,3,222,149.9137931034483,39,1941,2333.0359942731875,88
894,two_parent,5,False,2,144,9.620689655172427,180
895,two_parent,5,False,2,222,149.9137931034483,81
896,two_parent,5,False,2,222,149.9137931034483,66
897,two_parent,5,False,2,222,149.9137931034483,118
898,two_parent,5,False,3,222,149.9137931034483,28,1941,2333.0359942731875,62
899,two_parent,5,False,2,204,65.70689655172413,171
900,two_parent,5,False,2,144,9.620689655172427,175
901,two_parent,5,False,3,222,149.9137931034483,18,1941,2333.0359942731875,95
902,two_parent,5,False,2,222,149.9137931034483,142
903,two_parent,5,False,2,222,149.9137931034483,146
904,two_parent,5,False,2,222,149.9137931034483,130
905,two_parent,5,False,3,222,149.9137931034483,21,1941,2333.0359942731875,61
906,two_parent,5,False,2,222,149.9137931034483,115
907,two_parent,5,False,2,96,-29.20689655172414,187
908,two_parent,5,False,2,222,149.9137931034483,82
909,two_parent,5,False,2,222,149.9137931034483,59
910,two_parent,5,False,2,96,-29.20689655172414,185
911,two_parent,5,False,2,222,149.9137931034483,121
912,two_parent,5,False,2,222,149.9137931034483,83
913,two_parent,5,False,2,222,149.9137931034483,43
914,two_parent,5,False,2,222,149.9137931034483,151
915,two_parent,5,False,2,96,-29.20689655172414,192
916,two_parent,5,False,2,96,-29.20689655172414,190
917,two_parent,5,False,3,222,149.9137931034483,15,1941,2333.0359942731875,75
918,two_parent,5,False,2,222,149.9137931034483,46
919,two_parent,5,False,2,144,9.620689655172427,183
920,one_parent,5,False,2,222,149.9137931034483,53
921,one_parent,5,False,2,222,149.9137931034483,91
922,one_parent,5,False,2,222,149.9137931034483,42
923,one_parent,5,False,2,207,8.844827586206918,167
924,one_parent,5,False,2,234,124.18965517241378,6
925,one_parent,5,False,2,222,149.9137931034483,90
926,one_parent,5,False,2,96,-29.20689655172414,194
927,one_parent,5,False,3,222,149.9137931034483,34,1941,2333.0359942731875,56
928,one_parent,5,False,2,222,149.9137931034483,111
929,one_parent,5,False,2,222,149.9137931034483,117
930,one_parent,5,False,2,222,149.9137931034483,143
931,one_parent,5,False,2,222,149.9137931034483,99
932,one_parent,5,False,2,222,149.9137931034483,145
933,one_parent,5,False,2,222,149.9137931034483,75
934,one_parent,5,False,2,222,149.9137931034483,44
935,one_parent,5,False,2,144,9.620689655172427,172
936,one_parent,5,False,2,144,9.620689655172427,179
937,one_parent,5,False,2,222,149.9137931034483,71
938,one_parent,5,False,2,207,84.51724137931035,162
939,one_parent,5,False,2,204,75.27586206896552,170
940,one_parent,5,False,2,144,9.620689655172427,181
941,one_parent,5,False,2,222,149.9137931034483,106
942,one_parent,5,False,3,279,209.37931034482762,4,1953,2248.624444872283,34
943,one_parent,5,False,2,144,9.620689655172427,177
944,one_parent,5,False,3,222,149.9137931034483,32,1941,2333.0359942731875,68
945,one_parent,5,False,4,660,689.3476685531753,3,1938,2566.1453533700283,101,3672,4611.551325999021,82
946,one_parent,5,False,2,222,149.9137931034483,60
947,one_parent,5,False,2,219,119.31034482758622,155
948,one_parent,5,False,2,222,149.9137931034483,114
949,one_parent,5,False,2,210,119.15517241379308,158
950,one_parent,5,False,2,222,149.9137931034483,103
951,one_parent,5,False,2,222,149.9137931034483,139
952,one_parent,5,False,2,222,149.9137931034483,57
953,one_parent,5,False,2,222,149.9137931034483,140
954,one_parent,5,False,3,222,149.9137931034483,10,1941,2333.0359942731875,94
955,one_parent,5,False,2,222,149.9137931034483,131
956,one_parent,5,False,3,222,149.9137931034483,33,1941,2333.0359942731875,82
957,one_parent,5,False,2,96,-29.20689655172414,193
958,one_parent,5,False,2,222,149.9137931034483,50
959,one_parent,5,False,2,222,149.9137931034483,76
960,one_parent,5,False,2,222,149.9137931034483,125
961,one_parent,5,False,2,222,149.9137931034483,137
962,one_parent,5,False,2,237,125.72413793103453,5
963,one_parent,5,False,2,222,149.9137931034483,136
964,one_parent,5,False,2,222,149.9137931034483,149
965,one_parent,5,False,2,222,149.9137931034483,113
966,one_parent,5,False,2,222,149.9137931034483,67
967,one_parent,5,False,2,96,-29.20689655172414,186
968,one_parent,5,False,2,222,149.9137931034483,135
969,one_parent,5,False,2,207,115.65517241379308,161
970,one_parent,5,False,3,222,149.9137931034483,27,1941,2333.0359942731875,66
971,one_parent,5,False,2,210,88.48275862068974,159
972,one_parent,5,False,3,222,149.9137931034483,41,1941,2333.0359942731875,76
973,one_parent,5,False,2,222,149.9137931034483,110
974,one_parent,5,False,2,222,149.9137931034483,78
975,one_parent,5,False,2,210,52.482758620689665,160
976,one_parent,5,False,2,222,149.9137931034483,105
977,one_parent,5,False,3,213,168.53448275862067,157,930,1248.019302555941,147
978,one_parent,5,False,2,222,149.9137931034483,61
979,one_parent,5,False,2,222,149.9137931034483,124
980,one_parent,5,False,2,222,149.9137931034483,148
981,one_parent,5,False,2,207,35.327586206896555,166
982,one_parent,5,False,2,144,9.620689655172427,176
983,one_parent,5,False,3,222,149.9137931034483,35,1941,2333.0359942731875,78
984,one_parent,5,False,2,222,149.9137931034483,77
985,one_parent,5,False,3,222,149.9137931034483,12,1941,2333.0359942731875,72
986,one_parent,5,False,2,222,149.9137931034483,49
987,one_parent,5,False,3,222,149.9137931034483,17,1941,2333.0359942731875,67
988,one_parent,5,False,2,96,-29.20689655172414,199
989,one_parent,5,False,2,144,9.620689655172427,178
990,one_parent,5,False,2,222,149.9137931034483,133
991,one_parent,5,False,2,96,-29.20689655172414,197
992,one_parent,5,False,2,96,-29.20689655172414,195
993,one_parent,5,False,3,222,149.9137931034483,37,1941,2333.0359942731875,69
994,one_parent,5,False,2,222,149.9137931034483,116
995,one_parent,5,False,2,222,149.9137931034483,98
996,one_parent,5,False,2,144,9.620689655172427,174
997,one_parent,5,False,2,144,9.620689655172427,173
998,one_parent,5,False,2,222,149.9137931034483,123
999,one_parent,5,False,3,222,149.9137931034483,14,1941,2333.0359942731875,64
1000,two_parent,6,False,2,981,1351.6031125531135,128
1001,two_parent,6,False,2,96,-14.519230769230774,194
1002,two_parent,6,False,2,144,48.38461538461539,181
1003,two_parent,6,False,2,945,1266.1910970405277,137
1004,two_parent,6,False,2,357,365.9928433438707,166
1005,two_parent,6,False,2,792,779.8428398599763,154
1006,two_parent,6,False,2,1959,2288.894256692133,31
1007,two_parent,6,False,2,96,-14.519230769230774,199
1008,two_parent,6,False,2,936,1329.9451334379266,140
1009,two_parent,6,False,2,1944,2546.2488091630144,51
1010,two_parent,6,False,2,1965,2448.9679495697565,29
1011,two_parent,6,False,2,981,1308.0274920872725,129
1012,two_parent,6,False,2,930,1248.019302555941,144
1013,two_parent,6,False,2,351,338.4575430277485,167
1014,two_parent,6,False,2,966,1340.6235015099044,131
1015,two_parent,6,False,2,249,216.82692307692315,168
1016,two_parent,6,False,2,789,714.8634075639983,155
1017,two_parent,6,False,2,144,48.38461538461539,184
1018,two_parent,6,False,2,963,1343.586970737928,133
1019,two_parent,6,False,2,96,-14.519230769230774,192
1020,two_parent,6,False,2,930,1248.019302555941,145
1021,two_parent,6,False,2,1941,2380.246249828499,54
1022,two_parent,6,False,2,417,465.91793993677544,160
1023,two_parent,6,False,2,144,48.38461538461539,179
1024,two_parent,6,False,2,144,48.38461538461539,186
1025,two_parent,6,False,2,96,-14.519230769230774,198
1026,two_parent,6,False,4,2844,4074.473587409527,2,10305,14533.748371785443,38,2829,3950.253929652498,16
1027,two_parent,6,False,2,1941,2441.226965251584,52
1028,two_parent,6,False,3,1938,2566.1453533700283,98,3672,4611.551325999021,80
1029,two_parent,6,False,4,3732,5164.604465088614,0,10314,14143.75987333099,22,2802,3868.8384057023095,121
1030,two_parent,6,False,2,228,158.4711538461538,170
1031,two_parent,6,False,2,933,928.2914896420078,142
1032,two_parent,6,False,2,999,1041.2375801284404,123
1033,two_parent,6,False,2,1932,2261.5240910760017,119
1034,two_parent,6,False,3,1971,2741.709472095428,19,10305,14026.845340693033,56
1035,two_parent,6,False,2,1935,2323.7609491624153,109
1036,two_parent,6,False,2,795,739.9940776458552,153
1037,two_parent,6,False,2,828,1113.2664046382172,150
1038,two_parent,6,False,2,96,-14.519230769230774,195
1039,two_parent,6,False,2,1935,2422.136741888767,108
1040,two_parent,6,False,3,2814,3850.0185249846218,4,10305,13948.464035020197,68
1041,two_parent,6,False,2,987,1235.8654107150185,125
1042,two_parent,6,False,2,948,1247.8660521225738,136
1043,two_parent,6,False,2,987,1125.4760781898049,126
1044,two_parent,6,False,3,1971,2741.709472095428,27,10305,14026.845340693033,64
1045,two_parent,6,False,2,1932,2330.0462132565835,111
1046,two_parent,6,False,2,933,994.999961967591,141
1047,two_parent,6,False,2,144,48.38461538461539,183
1048,two_parent,6,False,2,1965,2213.7675789151826,30
1049,two_parent,6,False,2,207,90.47115384615384,178
1050,two_parent,6,False,2,216,151.37499999999994,174
1051,two_parent,6,False,4,2805,3985.741860866527,6,10320,14470.792779652254,11,2808,3953.786895330096,71
1052,two_parent,6,False,3,1938,2566.883431880679,96,3672,4625.227563323434,76
1053,two_parent,6,False,2,549,467.47909564247203,158
1054,two_parent,6,False,2,1950,2049.2109893237784,35
1055,two_parent,6,False,2,213,105.88461538461539,175
1056,two_parent,6,False,2,972,1027.3553436500374,130
1057,two_parent,6,False,3,2808,3893.883562736272,5,660,802.4209741002995,126
1058,two_parent,6,False,2,1938,2270.671446068864,106
1059,two_parent,6,False,2,219,180.21153846153848,173
1060,two_parent,6,False,2,1968,2252.345532673953,28
1061,two_parent,6,False,2,228,149.6634615384615,171
1062,two_parent,6,False,2,1080,1544.7789591649853,122
1063,two_parent,6,False,3,2823,3907.840009188656,3,960,1228.0360956553097,112
1064,two_parent,6,False,2,1935,2209.5580482302357,110
1065,two_parent,6,False,2,1941,2337.5424929109777,55
1066,two_parent,6,False,2,1953,2354.351320456316,32
1067,two_parent,6,False,2,144,48.38461538461539,189
1068,two_parent,6,False,2,1938,2441.9372997015817,105
1069,two_parent,6,False,3,1971,2741.709472095428,11,10305,14026.845340693033,65
1070,two_parent,6,False,2,939,1310.5249162611453,139
1071,two_parent,6,False,2,384,300.28262205830697,165
1072,two_parent,6,False,2,417,464.62464875307336,163
1073,two_parent,6,False,2,495,526.7876479885945,159
1074,two_parent,6,False,3,1971,2741.709472095428,15,10305,14026.845340693033,54
1075,two_parent,6,False,2,96,-14.519230769230774,191
1076,two_parent,6,False,2,1938,2029.5957980154665,107
1077,two_parent,6,False,2,96,-14.519230769230774,197
1078,two_parent,6,False,2,981,1376.7534312423684,127
1079,two_parent,6,False,2,951,1263.2927783325674,135
1080,one_parent,6,False,2,144,48.38461538461539,180
1081,one_parent,6,False,2,96,-14.519230769230774,196
1082,one_parent,6,False,2,1944,2546.2488091630144,45
1083,one_parent,6,False,2,1932,2196.968053081963,120
1084,one_parent,6,False,3,1938,2566.1453533700283,99,3672,4611.551325999021,84
1085,one_parent,6,False,2,1944,2546.2488091630144,48
1086,one_parent,6,False,3,1971,2741.709472095428,25,10305,14026.845340693033,57
1087,one_parent,6,False,2,963,1375.6870311999585,132
1088,one_parent,6,False,2,1944,2546.2488091630144,43
1089,one_parent,6,False,2,417,382.5131717597472,164
1090,one_parent,6,False,2,945,1243.0443440005974,138
1091,one_parent,6,False,3,1938,2566.1453533700283,97,3672,4611.551325999021,77
1092,one_parent,6,False,2,1953,2248.624444872283,33
1093,one_parent,6,False,2,1941,2333.0359942731875,85
1094,one_parent,6,False,2,1941,2433.847692220825,53
1095,one_parent,6,False,2,1944,2546.2488091630144,42
1096,one_parent,6,False,3,1938,2566.1453533700283,103,3672,4611.551325999021,78
1097,one_parent,6,False,3,1971,2741.709472095428,16,10305,14026.845340693033,62
1098,one_parent,6,False,2,1941,2333.0359942731875,57
1099,one_parent,6,False,2,930,1248.019302555941,143
1100,one_parent,6,False,2,234,133.56730769230765,169
1101,one_parent,6,False,3,1938,2566.1453533700283,100,3672,4611.551325999021,79
1102,one_parent,6,False,3,1971,2741.709472095428,22,10305,14026.845340693033,44
1103,one_parent,6,False,2,1932,2330.0462132565835,114
1104,one_parent,6,False,3,1971,2741.709472095428,24,10305,14026.845340693033,45
1105,one_parent,6,False,2,837,1126.940050019139,149
1106,one_parent,6,False,2,144,48.38461538461539,182
1107,one_parent,6,False,2,1944,2546.2488091630144,44
1108,one_parent,6,False,3,1971,2741.709472095428,13,10305,14026.845340693033,61
1109,one_parent,6,False,3,1971,2741.709472095428,12,10305,14026.845340693033,47
1110,one_parent,6,False,3,1944,2546.2488091630144,37,1836,2258.4246039596414,85
1111,one_parent,6,False,2,144,48.38461538461539,188
1112,one_parent,6,False,3,1971,2741.709472095428,23,10305,14026.845340693033,52
1113,one_parent,6,False,2,1932,2330.0462132565835,116
1114,one_parent,6,False,3,1971,2741.709472095428,10,10305,14026.845340693033,63
1115,one_parent,6,False,3,1971,2741.709472095428,9,10305,14026.845340693033,51
1116,one_parent,6,False,3,1971,2741.709472095428,8,10305,14026.845340693033,55
1117,one_parent,6,False,3,1944,2546.2488091630144,36,1836,2258.4246039596414,87
1118,one_parent,6,False,3,1971,2741.709472095428,18,10305,14026.845340693033,60
1119,one_parent,6,False,3,2520,3750.7631292444094,7,927,1214.2323637283255,120
1120,one_parent,6,False,3,1938,2566.1453533700283,102,3672,4611.551325999021,83
1121,one_parent,6,False,2,1941,2333.0359942731875,79
1122,one_parent,6,False,3,1971,2741.709472095428,21,10305,14026.845340693033,48
1123,one_parent,6,False,2,417,465.91793993677544,162
1124,one_parent,6,False,2,144,48.38461538461539,190
1125,one_parent,6,False,2,1944,2546.2488091630144,47
1126,one_parent,6,False,2,990,1336.492659062802,124
1127,one_parent,6,False,3,1971,2741.709472095428,14,10305,14026.845340693033,59
1128,one_parent,6,False,2,783,977.4180710499112,156
1129,one_parent,6,False,2,228,126.44230769230771,172
1130,one_parent,6,False,2,1932,2330.0462132565835,113
1131,one_parent,6,False,2,1932,2330.0462132565835,115
1132,one_parent,6,False,2,1941,2333.0359942731875,58
1133,one_parent,6,False,3,1971,2741.709472095428,26,10305,14026.845340693033,42
1134,one_parent,6,False,2,207,129.64423076923075,177
1135,one_parent,6,False,2,1941,2333.0359942731875,70
1136,one_parent,6,False,2,1944,2546.2488091630144,39
1137,one_parent,6,False,2,144,48.38461538461539,187
1138,one_parent,6,False,2,96,-14.519230769230774,193
1139,one_parent,6,False,2,1941,2333.0359942731875,90
1140,one_parent,6,False,2,1932,2094.5017548232777,121
1141,one_parent,6,False,2,573,546.1261533591311,157
1142,one_parent,6,False,2,1944,2546.2488091630144,41
1143,one_parent,6,False,2,1944,2546.2488091630144,50
1144,one_parent,6,False,2,144,48.38461538461539,185
1145,one_parent,6,False,2,207,147.20192307692307,176
1146,one_parent,6,False,2,1944,2546.2488091630144,46
1147,one_parent,6,False,2,930,1248.019302555941,146
1148,one_parent,6,False,3,1944,2546.2488091630144,38,1836,2258.4246039596414,86
1149,one_parent,6,False,2,930,1248.019302555941,148
1150,one_parent,6,False,3,1938,2566.1453533700283,104,3672,4611.551325999021,81
1151,one_parent,6,False,2,1941,2333.0359942731875,89
1152,one_parent,6,False,2,1944,2546.2488091630144,49
1153,one_parent,6,False,2,957,1088.1059311804934,134
1154,one_parent,6,False,2,807,767.9969287403314,151
1155,one_parent,6,False,3,1971,2741.709472095428,17,10305,14026.845340693033,43
1156,one_parent,6,False,2,801,791.4251613723092,152
1157,one_parent,6,False,2,1932,2330.0462132565835,118
1158,one_parent,6,False,3,3699,5044.1683950707975,1,999,1200.9321792635978,104
1159,one_parent,6,False,2,1932,2330.0462132565835,117
1160,two_parent,7,False,2,999,1200.9321792635978,96
1161,two_parent,7,False,2,207,91.22023809523802,169
1162,two_parent,7,False,2,96,-42.94642857142857,194
1163,two_parent,7,False,2,246,208.61607142857133,147
1164,two_parent,7,False,3,10320,14470.792779652254,2,2808,3953.786895330096,66
1165,two_parent,7,False,2,162,48.824404761904745,175
1166,two_parent,7,False,2,243,163.40773809523796,151
1167,two_parent,7,True,5,10347,14607.80135014797,0,2805,3959.711010040444,84,357,328.85356089338393,35,14406,20113.460279962732,73
1168,two_parent,7,False,2,207,108.28869047619051,167
1169,two_parent,7,False,2,711,871.605226269865,121
1170,two_parent,7,False,3,10311,14298.23535622803,34,2802,3868.2077250471048,126
1171,two_parent,7,False,2,162,44.226190476190496,177
1172,two_parent,7,False,2,144,36.45833333333336,179
1173,two_parent,7,False,2,10314,14143.75987333099,33
1174,two_parent,7,False,2,636,569.4061473574202,143
1175,two_parent,7,False,2,219,137.03869047619048,159
1176,two_parent,7,False,2,642,781.042355393934,136
1177,two_parent,7,False,3,10305,14533.748371785443,35,2829,3950.253929652498,52
1178,two_parent,7,False,2,231,177.41071428571433,152
1179,two_parent,7,False,2,9006,12999.58701799794,70
1180,two_parent,7,False,2,657,668.0650736182798,129
1181,two_parent,7,False,2,690,765.1297384436008,124
1182,two_parent,7,False,2,219,108.54166666666657,160
1183,two_parent,7,False,2,222,118.97321428571422,158
1184,two_parent,7,False,2,144,36.45833333333336,181
1185,two_parent,7,False,2,945,1300.110336533422,115
1186,two_parent,7,False,2,648,711.7542875864387,134
1187,two_parent,7,False,2,642,627.84351761009,138
1188,two_parent,7,False,2,651,709.2683405849655,132
1189,two_parent,7,False,2,204,-13.80952380952381,173
1190,two_parent,7,False,2,216,156.93452380952382,162
1191,two_parent,7,False,2,246,192.50000000000006,148
1192,two_parent,7,False,2,216,158.54166666666669,161
1193,two_parent,7,False,2,693,780.6641037125509,123
1194,two_parent,7,False,2,1281,1551.7609345012308,89
1195,two_parent,7,False,2,96,-42.94642857142857,193
1196,two_parent,7,False,2,711,836.0236868859216,122
1197,two_parent,7,False,2,999,1200.9321792635978,99
1198,two_parent,7,False,2,648,661.8644101887794,135
1199,two_parent,7,False,3,10314,14143.75987333099,26,2802,3868.8384057023095,118
1200,two_parent,7,False,2,1800,2228.525311369458,88
1201,two_parent,7,False,2,642,571.8872460151576,139
1202,two_parent,7,False,2,231,126.96428571428572,154
1203,two_parent,7,False,2,651,744.8469488049028,130
1204,two_parent,7,False,2,930,1218.6315440596677,118
1205,two_parent,7,False,2,225,135.02976190476195,156
1206,two_parent,7,False,2,651,718.6433405849656,131
1207,two_parent,7,False,2,930,1235.0964319274979,116
1208,two_parent,7,False,2,207,69.40476190476193,170
1209,two_parent,7,False,2,96,-42.94642857142857,192
1210,two_parent,7,False,2,246,183.9136904761903,149
1211,two_parent,7,False,2,207,15.997023809523796,171
1212,two_parent,7,False,2,243,171.22023809523796,150
1213,two_parent,7,False,2,930,1223.618780680387,117
1214,two_parent,7,False,2,231,118.83928571428572,155
1215,two_parent,7,False,2,96,-42.94642857142857,197
1216,two_parent,7,False,2,144,36.45833333333336,185
1217,two_parent,7,False,2,96,-42.94642857142857,191
1218,two_parent,7,False,2,642,670.9275432254123,137
1219,two_parent,7,False,2,162,47.57440476190477,176
1220,two_parent,7,False,3,10314,14143.75987333099,18,2802,3868.8384057023095,108
1221,two_parent,7,False,2,8616,11836.171218369214,71
1222,two_parent,7,False,2,8280,11183.762515654806,73
1223,two_parent,7,False,2,636,560.8251805798466,144
1224,two_parent,7,False,2,144,36.45833333333336,180
1225,two_parent,7,False,2,204,110.14880952380958,172
1226,two_parent,7,False,2,6441,8513.938021790445,74
1227,two_parent,7,False,2,96,-42.94642857142857,189
1228,two_parent,7,False,2,948,1301.1193631783858,114
1229,two_parent,7,False,2,636,620.4906430846448,142
1230,two_parent,7,False,2,207,97.66369047619051,168
1231,two_parent,7,False,2,210,107.17261904761898,164
1232,two_parent,7,False,2,642,535.5995766326836,140
1233,two_parent,7,False,2,3702,4584.2227101364815,75
1234,two_parent,7,False,2,249,216.01190476190482,145
1235,two_parent,7,False,2,225,125.72916666666674,157
1236,two_parent,7,False,2,8289,11281.990381141177,72
1237,two_parent,7,False,2,96,-42.94642857142857,196
1238,two_parent,7,False,2,246,208.61607142857133,146
1239,two_parent,7,False,2,960,1270.7553895860826,107
1240,one_parent,7,False,2,999,1200.9321792635978,97
1241,one_parent,7,False,2,999,1200.9321792635978,103
1242,one_parent,7,False,3,10314,14143.75987333099,27,2802,3868.8384057023095,117
1243,one_parent,7,False,2,10305,14026.845340693033,50
1244,one_parent,7,False,2,960,1228.0360956553097,110
1245,one_parent,7,False,2,10305,13948.464035020197,66
1246,one_parent,7,False,3,10320,14470.792779652254,9,2808,3953.786895330096,61
1247,one_parent,7,False,3,10314,14143.75987333099,21,2802,3868.8384057023095,115
1248,one_parent,7,False,2,10305,14026.845340693033,53
1249,one_parent,7,False,2,960,1228.0360956553097,108
1250,one_parent,7,False,3,10320,14470.792779652254,10,2808,3953.786895330096,60
1251,one_parent,7,False,2,213,146.02678571428575,163
1252,one_parent,7,False,2,672,657.9598926711125,125
1253,one_parent,7,False,2,999,1200.9321792635978,98
1254,one_parent,7,False,3,10314,14143.75987333099,30,2802,3868.8384057023095,110
1255,one_parent,7,False,2,144,36.45833333333336,184
1256,one_parent,7,False,3,10305,14533.748371785443,37,2829,3950.253929652498,9
1257,one_parent,7,False,3,10305,14533.748371785443,41,2829,3950.253929652498,7
1258,one_parent,7,False,3,10314,14143.75987333099,19,2802,3868.8384057023095,124
1259,one_parent,7,False,3,10314,14143.75987333099,24,2802,3868.8384057023095,123
1260,one_parent,7,False,2,144,36.45833333333336,183
1261,one_parent,7,False,3,10314,14143.75987333099,20,2802,3868.8384057023095,119
1262,one_parent,7,False,3,10314,14143.75987333099,14,2802,3868.8384057023095,116
1263,one_parent,7,False,2,657,691.4129860489031,128
1264,one_parent,7,False,3,10320,14470.792779652254,5,2808,3953.786895330096,64
1265,one_parent,7,False,2,999,1200.9321792635978,94
1266,one_parent,7,False,2,10305,13948.464035020197,69
1267,one_parent,7,False,3,10314,14143.75987333099,23,2802,3868.8384057023095,125
1268,one_parent,7,False,3,10320,14470.792779652254,4,2808,3953.786895330096,68
1269,one_parent,7,False,2,10305,13948.464035020197,67
1270,one_parent,7,False,3,10314,14143.75987333099,31,2802,3868.8384057023095,113
1271,one_parent,7,False,2,960,1228.0360956553097,109
1272,one_parent,7,False,2,960,1228.0360956553097,113
1273,one_parent,7,False,2,96,-42.94642857142857,187
1274,one_parent,7,False,2,144,36.45833333333336,186
1275,one_parent,7,False,2,999,1200.9321792635978,93
1276,one_parent,7,False,3,10320,14470.792779652254,3,2808,3953.786895330096,62
1277,one_parent,7,False,2,231,171.50297619047623,153
1278,one_parent,7,False,3,10305,14533.748371785443,36,2829,3950.253929652498,23
1279,one_parent,7,False,3,10314,14143.75987333099,25,2802,3868.8384057023095,109
1280,one_parent,7,False,2,999,1200.9321792635978,100
1281,one_parent,7,False,2,171,48.913690476190496,174
1282,one_parent,7,False,2,96,-42.94642857142857,199
1283,one_parent,7,False,2,96,-42.94642857142857,188
1284,one_parent,7,False,2,930,1175.6936157210273,119
1285,one_parent,7,False,3,10314,14143.75987333099,16,2802,3868.8384057023095,112
1286,one_parent,7,False,3,10314,14143.75987333099,29,2802,3868.8384057023095,114
1287,one_parent,7,False,2,96,-42.94642857142857,198
1288,one_parent,7,False,2,660,802.4209741002995,127
1289,one_parent,7,False,3,10320,14470.792779652254,12,2808,3953.786895330096,65
1290,one_parent,7,False,3,10320,14470.792779652254,6,2808,3953.786895330096,59
1291,one_parent,7,False,3,10320,14470.792779652254,8,2808,3953.786895330096,67
1292,one_parent,7,False,3,10314,14143.75987333099,28,2802,3868.8384057023095,122
1293,one_parent,7,False,3,10320,14470.792779652254,1,2808,3953.786895330096,70
1294,one_parent,7,False,4,10320,14470.792779652254,7,2808,3953.786895330096,58,264,210.79646017699122,126
1295,one_parent,7,False,3,10314,14143.75987333099,17,2802,3868.8384057023095,120
1296,one_parent,7,False,2,96,-42.94642857142857,190
1297,one_parent,7,False,2,999,1200.9321792635978,101
1298,one_parent,7,False,2,999,1200.9321792635978,102
1299,one_parent,7,False,2,144,36.45833333333336,182
1300,one_parent,7,False,2,999,1200.9321792635978,92
1301,one_parent,7,False,3,10305,14533.748371785443,39,2829,3950.253929652498,55
1302,one_parent,7,False,2,999,1200.9321792635978,91
1303,one_parent,7,False,2,999,1200.9321792635978,106
1304,one_parent,7,False,2,10314,14143.75987333099,32
1305,one_parent,7,False,2,999,1200.9321792635978,95
1306,one_parent,7,False,2,999,1200.9321792635978,105
1307,one_parent,7,False,2,10305,14026.845340693033,58
1308,one_parent,7,False,2,210,7.931547619047599,165
1309,one_parent,7,False,2,96,-42.94642857142857,195
1310,one_parent,7,False,2,10305,14026.845340693033,49
1311,one_parent,7,False,2,210,-13.660714285714285,166
1312,one_parent,7,False,2,960,1228.0360956553097,111
1313,one_parent,7,False,3,10305,14533.748371785443,40,2829,3950.253929652498,34
1314,one_parent,7,False,3,10314,14143.75987333099,15,2802,3868.8384057023095,111
1315,one_parent,7,False,2,639,688.8335937166747,141
1316,one_parent,7,False,2,651,683.0935113893278,133
1317,one_parent,7,False,2,153,42.57440476190477,178
1318,one_parent,7,False,3,10314,14143.75987333099,13,2802,3868.8384057023095,107
1319,one_parent,7,False,2,999,1200.9321792635978,90
1320,two_parent,8,False,2,2829,3950.253929652498,36
1321,two_parent,8,False,2,2829,3950.253929652498,40
1322,two_parent,8,False,2,207,110.17175572519082,161
1323,two_parent,8,False,2,639,833.267862538937,139
1324,two_parent,8,False,2,210,124.80916030534354,152
1325,two_parent,8,False,2,204,92.69083969465646,176
1326,two_parent,8,False,2,204,92.69083969465646,175
1327,two_parent,8,False,2,210,-40.93511450381679,159
1328,two_parent,8,False,2,2100,3125.2708360774895,133
1329,two_parent,8,False,2,96,-29.732824427480917,194
1330,two_parent,8,False,3,2805,3959.711010040444,102,357,328.85356089338393,42
1331,two_parent,8,False,2,207,100.43893129770996,163
1332,two_parent,8,False,3,2847,3972.064178552901,1,267,190.55309734513278,108
1333,two_parent,8,False,5,2805,3959.711010040444,98,357,328.85356089338393,40,14406,20113.460279962732,23,1377,1788.964605327501,94
1334,two_parent,8,False,2,261,165.45801526717563,142
1335,two_parent,8,False,2,207,89.73282442748092,166
1336,two_parent,8,False,2,144,-4.122137404580151,188
1337,two_parent,8,False,2,2829,3950.253929652498,26
1338,two_parent,8,False,2,2829,3950.253929652498,51
1339,two_parent,8,False,2,2829,3950.253929652498,8
1340,two_parent,8,False,2,207,110.17175572519088,160
1341,two_parent,8,False,2,210,81.18320610687019,157
1342,two_parent,8,False,2,210,81.18320610687019,156
1343,two_parent,8,False,2,2241,2837.7577338944743,130
1344,two_parent,8,False,7,2805,3959.711010040444,99,357,328.85356089338393,39,14406,20113.460279962732,10,1377,1788.964605327501,31,4248,5884.631686304599,8,3108,4428.291245336085,131
1345,two_parent,8,False,2,2829,3950.253929652498,28
1346,two_parent,8,False,2,699,749.7822337906009,135
1347,two_parent,8,False,2,2829,3950.253929652498,46
1348,two_parent,8,False,2,684,726.6614926130875,137
1349,two_parent,8,False,2,204,30.916030534351123,180
1350,two_parent,8,False,2,96,-29.732824427480917,190
1351,two_parent,8,False,2,225,107.40458015267174,150
1352,two_parent,8,False,2,693,766.755193985326,136
1353,two_parent,8,False,5,2805,3959.711010040444,105,357,328.85356089338393,34,14406,20113.460279962732,35,1377,1788.964605327501,99
1354,two_parent,8,False,2,2829,3950.253929652498,35
1355,two_parent,8,False,2,207,72.36641221374046,168
1356,two_parent,8,False,2,2079,2846.7389506711625,134
1357,two_parent,8,False,2,207,98.14885496183211,165
1358,two_parent,8,False,2,2829,3950.253929652498,14
1359,two_parent,8,False,2,2103,3095.058057643534,132
1360,two_parent,8,False,2,2289,3187.611513541145,127
1361,two_parent,8,False,2,210,124.80916030534354,153
1362,two_parent,8,False,2,2829,3950.253929652498,10
1363,two_parent,8,False,2,144,-4.122137404580151,189
1364,two_parent,8,False,2,219,105.1145038167939,151
1365,two_parent,8,False,2,201,49.522900763358805,182
1366,two_parent,8,False,2,2286,3057.35567592614,128
1367,two_parent,8,False,2,2829,3950.253929652498,43
1368,two_parent,8,False,3,2826,4043.97034465889,57,258,172.2566371681416,133
1369,two_parent,8,False,2,144,-4.122137404580151,185
1370,two_parent,8,False,3,2847,3972.064178552901,0,267,190.55309734513278,125
1371,two_parent,8,False,2,2829,3950.253929652498,4
1372,two_parent,8,False,2,2829,3950.253929652498,30
1373,two_parent,8,False,2,543,512.732981165965,140
1374,two_parent,8,True,4,2805,3959.711010040444,90,357,328.85356089338393,8,14406,20113.460279962732,46
1375,two_parent,8,False,2,96,-29.732824427480917,198
1376,two_parent,8,False,2,2829,3950.253929652498,54
1377,two_parent,8,False,2,246,197.17557251908397,145
1378,two_parent,8,False,2,246,197.17557251908397,144
1379,two_parent,8,False,2,228,163.72137404580147,149
1380,two_parent,8,False,2,204,85.9351145038168,178
1381,two_parent,8,False,2,2829,3950.253929652498,41
1382,two_parent,8,False,2,2829,3950.253929652498,39
1383,two_parent,8,False,2,2844,3899.8404082222632,3
1384,two_parent,8,False,2,2829,3950.253929652498,37
1385,two_parent,8,False,2,207,100.43893129770996,164
1386,two_parent,8,False,2,207,100.43893129770996,162
1387,two_parent,8,False,2,2829,3950.253929652498,45
1388,two_parent,8,False,2,204,85.9351145038168,177
1389,two_parent,8,False,2,237,177.6908396946565,147
1390,two_parent,8,True,4,2805,3959.711010040444,79,357,328.85356089338393,4,14406,20113.460279962732,62
1391,two_parent,8,False,2,2829,3950.253929652498,33
1392,two_parent,8,False,3,2802,4073.227810020114,106,351,291.5035819637588,55
1393,two_parent,8,False,2,2271,3018.886690733525,129
1394,two_parent,8,False,2,2829,3950.253929652498,29
1395,two_parent,8,True,4,2805,3959.711010040444,88,357,328.85356089338393,33,14406,20113.460279962732,96
1396,two_parent,8,False,2,204,92.69083969465646,174
1397,two_parent,8,False,2,207,72.36641221374046,169
1398,two_parent,8,False,2,144,-4.122137404580151,187
1399,two_parent,8,False,3,2847,3972.064178552901,2,267,190.55309734513278,123
1400,one_parent,8,False,2,210,104.71374045801528,155
1401,one_parent,8,False,2,2829,3950.253929652498,27
1402,one_parent,8,False,5,2805,3959.711010040444,96,357,328.85356089338393,1,14406,20113.460279962732,9,1377,1788.964605327501,93
1403,one_parent,8,False,2,2829,3950.253929652498,42
1404,one_parent,8,True,4,2805,3959.711010040444,74,357,328.85356089338393,26,14406,20113.460279962732,88
1405,one_parent,8,False,2,2829,3950.253929652498,50
1406,one_parent,8,False,2,96,-29.732824427480917,195
1407,one_parent,8,False,5,2805,3959.711010040444,91,357,328.85356089338393,27,14406,20113.460279962732,6,1377,1788.964605327501,132
1408,one_parent,8,False,2,207,30.992366412213755,173
1409,one_parent,8,False,2,144,-4.122137404580151,186
1410,one_parent,8,False,2,2829,3950.253929652498,48
1411,one_parent,8,False,2,96,-29.732824427480917,196
1412,one_parent,8,False,5,2805,3959.711010040444,87,357,328.85356089338393,19,14406,20113.460279962732,7,1377,1788.964605327501,109
1413,one_parent,8,False,2,2829,3950.253929652498,49
1414,one_parent,8,False,2,2829,3950.253929652498,38
1415,one_parent,8,False,2,2829,3950.253929652498,12
1416,one_parent,8,True,4,2805,3959.711010040444,93,357,328.85356089338393,32,14406,20113.460279962732,112
1417,one_parent,8,True,4,2805,3959.711010040444,97,357,328.85356089338393,23,14406,20113.460279962732,72
1418,one_parent,8,False,2,2829,3950.253929652498,25
1419,one_parent,8,False,2,2829,3950.253929652498,21
1420,one_parent,8,False,7,2805,3959.711010040444,85,357,328.85356089338393,18,14406,20113.460279962732,18,1377,1788.964605327501,30,4248,5884.631686304599,9,3108,4428.291245336085,103
1421,one_parent,8,False,2,144,-4.122137404580151,184
1422,one_parent,8,False,2,96,-29.732824427480917,192
1423,one_parent,8,False,2,2829,3950.253929652498,53
1424,one_parent,8,True,4,2805,3959.711010040444,94,357,328.85356089338393,25,14406,20113.460279962732,99
1425,one_parent,8,True,4,2805,3959.711010040444,89,357,328.85356089338393,9,14406,20113.460279962732,77
1426,one_parent,8,False,3,2805,3959.711010040444,77,357,328.85356089338393,45
1427,one_parent,8,False,2,2829,3950.253929652498,20
1428,one_parent,8,True,4,2805,3959.711010040444,83,357,328.85356089338393,6,14406,20113.460279962732,104
1429,one_parent,8,False,3,2805,3959.711010040444,72,357,328.85356089338393,46
1430,one_parent,8,False,2,210,44.61832061068701,158
1431,one_parent,8,False,2,2829,3950.253929652498,32
1432,one_parent,8,False,2,2829,3950.253929652498,24
1433,one_parent,8,True,4,2805,3959.711010040444,104,357,328.85356089338393,5,14406,20113.460279962732,135
1434,one_parent,8,False,2,2829,3950.253929652498,11
1435,one_parent,8,False,2,2829,3950.253929652498,13
1436,one_parent,8,False,2,2829,3950.253929652498,15
1437,one_parent,8,False,2,2829,3950.253929652498,47
1438,one_parent,8,False,2,207,52.156488549618274,172
1439,one_parent,8,True,4,2805,3959.711010040444,101,357,328.85356089338393,15,14406,20113.460279962732,74
1440,one_parent,8,False,7,2805,3959.711010040444,92,357,328.85356089338393,24,14406,20113.460279962732,30,1377,1788.964605327501,19,4248,5884.631686304599,18,3108,4428.291245336085,77
1441,one_parent,8,False,2,210,122.11832061068702,154
1442,one_parent,8,False,2,207,71.92748091603056,170
1443,one_parent,8,False,2,204,79.12213740458014,179
1444,one_parent,8,True,4,2805,3959.711010040444,80,357,328.85356089338393,12,14406,20113.460279962732,49
1445,one_parent,8,True,4,2805,3959.711010040444,78,357,328.85356089338393,20,14406,20113.460279962732,83
1446,one_parent,8,False,2,654,709.9619479313237,138
1447,one_parent,8,False,5,2805,3959.711010040444,76,357,328.85356089338393,36,14406,20113.460279962732,12,1377,1788.964605327501,82
1448,one_parent,8,False,2,495,524.7230402747301,141
1449,one_parent,8,True,4,2805,3959.711010040444,75,357,328.85356089338393,22,14406,20113.460279962732,76
1450,one_parent,8,False,2,2829,3950.253929652498,22
1451,one_parent,8,False,2,2829,3950.253929652498,19
1452,one_parent,8,False,2,2829,3950.253929652498,56
1453,one_parent,8,False,7,2805,3959.711010040444,73,357,328.85356089338393,28,14406,20113.460279962732,32,1377,1788.964605327501,25,4248,5884.631686304599,10,3108,4428.291245336085,109
1454,one_parent,8,False,2,207,75.17175572519085,167
1455,one_parent,8,False,2,204,30.916030534351123,181
1456,one_parent,8,False,2,237,177.34732824427482,148
1457,one_parent,8,False,2,96,-29.732824427480917,199
1458,one_parent,8,False,2,144,-4.122137404580151,183
1459,one_parent,8,True,4,2805,3959.711010040444,103,357,328.85356089338393,2,14406,20113.460279962732,79
1460,one_parent,8,False,2,2232,2861.4001237117004,131
1461,one_parent,8,False,2,2829,3950.253929652498,17
1462,one_parent,8,False,2,96,-29.732824427480917,191
1463,one_parent,8,False,5,2805,3959.711010040444,81,357,328.85356089338393,14,14406,20113.460279962732,19,1377,1788.964605327501,68
1464,one_parent,8,False,3,2805,3959.711010040444,86,357,328.85356089338393,41
1465,one_parent,8,False,2,207,66.77480916030534,171
1466,one_parent,8,True,4,2805,3959.711010040444,82,357,328.85356089338393,16,14406,20113.460279962732,100
1467,one_parent,8,False,2,261,149.1793893129771,143
1468,one_parent,8,False,2,2808,3953.786895330096,63
1469,one_parent,8,False,2,96,-29.732824427480917,197
1470,one_parent,8,False,2,2829,3950.253929652498,5
1471,one_parent,8,True,4,2805,3959.711010040444,95,357,328.85356089338393,10,14406,20113.460279962732,94
1472,one_parent,8,False,2,2808,3953.786895330096,69
1473,one_parent,8,False,6,2805,3959.711010040444,100,357,328.85356089338393,7,14406,20113.460279962732,8,1377,1788.964605327501,9,4248,5884.631686304599,41
1474,one_parent,8,False,2,2829,3950.253929652498,18
1475,one_parent,8,False,2,2829,3950.253929652498,44
1476,one_parent,8,False,2,2829,3950.253929652498,31
1477,one_parent,8,False,2,237,205.78244274809165,146
1478,one_parent,8,False,2,96,-29.732824427480917,193
1479,one_parent,8,False,2,2829,3950.253929652498,6
1480,two_parent,9,False,2,351,291.5035819637588,68
1481,two_parent,9,False,2,351,291.5035819637588,69
1482,two_parent,9,False,2,351,291.5035819637588,83
1483,two_parent,9,False,2,267,190.55309734513278,94
1484,two_parent,9,False,2,207,86.90265486725659,162
1485,two_parent,9,False,2,219,115.37610619469027,148
1486,two_parent,9,False,2,357,328.85356089338393,44
1487,two_parent,9,False,2,219,115.37610619469027,149
1488,two_parent,9,False,2,351,291.5035819637588,59
1489,two_parent,9,False,2,267,190.55309734513278,96
1490,two_parent,9,False,2,258,172.2566371681416,141
1491,two_parent,9,False,2,210,146.68141592920352,154
1492,two_parent,9,False,2,267,190.55309734513278,104
1493,two_parent,9,False,2,147,-63.36283185840707,182
1494,two_parent,9,False,2,351,291.5035819637588,71
1495,two_parent,9,False,2,258,172.2566371681416,142
1496,two_parent,9,False,2,351,312.10914454277275,48
1497,two_parent,9,False,2,258,172.2566371681416,135
1498,two_parent,9,False,2,210,134.6681415929203,156
1499,two_parent,9,False,2,207,-62.101769911504434,171
1500,two_parent,9,False,2,96,-13.761061946902657,190
1501,two_parent,9,False,2,267,190.55309734513278,111
1502,two_parent,9,False,2,204,110.0442477876106,174
1503,two_parent,9,False,2,267,190.55309734513278,112
1504,two_parent,9,False,2,255,191.41592920353978,143
1505,two_parent,9,False,2,96,-13.761061946902657,195
1506,two_parent,9,False,2,204,139.38053097345136,173
1507,two_parent,9,False,2,204,95.9070796460177,176
1508,two_parent,9,True,3,357,328.85356089338393,3,14406,20113.460279962732,41
1509,two_parent,9,False,2,351,291.5035819637588,86
1510,two_parent,9,False,2,351,291.5035819637588,57
1511,two_parent,9,False,2,210,134.6681415929203,155
1512,two_parent,9,False,2,351,301.97197640117986,50
1513,two_parent,9,False,2,234,97.67699115044252,145
1514,two_parent,9,False,2,210,161.0840707964602,152
1515,two_parent,9,False,2,351,291.5035819637588,82
1516,two_parent,9,False,2,351,291.5035819637588,52
1517,two_parent,9,False,2,351,291.5035819637588,72
1518,two_parent,9,False,2,210,134.6681415929203,157
1519,two_parent,9,False,2,351,291.5035819637588,74
1520,two_parent,9,False,2,204,101.08407079646022,175
1521,two_parent,9,False,2,351,291.5035819637588,60
1522,two_parent,9,False,2,96,-13.761061946902657,199
1523,two_parent,9,False,2,267,190.55309734513278,109
1524,two_parent,9,False,6,357,328.85356089338393,11,14406,20113.460279962732,22,1377,1788.964605327501,23,4248,5884.631686304599,33,3108,4428.291245336085,108
1525,two_parent,9,False,2,96,-13.761061946902657,185
1526,two_parent,9,False,2,204,61.15044247787611,179
1527,two_parent,9,False,2,267,190.55309734513278,115
1528,two_parent,9,False,2,351,291.5035819637588,63
1529,two_parent,9,False,2,267,190.55309734513278,107
1530,two_parent,9,False,2,351,291.5035819637588,77
1531,two_parent,9,False,2,207,-147.45575221238937,172
1532,two_parent,9,False,2,267,190.55309734513278,117
1533,two_parent,9,False,2,207,22.98672566371681,168
1534,two_parent,9,False,2,351,291.5035819637588,79
1535,two_parent,9,False,2,246,202.25663716814162,144
1536,two_parent,9,False,2,351,291.5035819637588,61
1537,two_parent,9,False,2,210,161.0840707964602,153
1538,two_parent,9,False,2,351,291.5035819637588,78
1539,two_parent,9,False,2,207,-10.265486725663735,169
1540,two_parent,9,False,2,351,291.5035819637588,84
1541,two_parent,9,False,2,351,291.5035819637588,81
1542,two_parent,9,False,2,96,-13.761061946902657,188
1543,two_parent,9,False,2,267,190.55309734513278,106
1544,two_parent,9,False,2,351,291.5035819637588,85
1545,two_parent,9,False,2,267,190.55309734513278,97
1546,two_parent,9,False,2,351,291.5035819637588,87
1547,two_parent,9,False,2,210,-68.00884955752213,161
1548,two_parent,9,False,2,207,-46.17256637168141,170
1549,two_parent,9,False,2,219,115.37610619469027,147
1550,two_parent,9,False,2,207,22.98672566371681,167
1551,two_parent,9,False,2,210,-44.646017699115035,158
1552,two_parent,9,False,2,351,312.10914454277275,49
1553,two_parent,9,False,2,207,46.28318584070797,164
1554,two_parent,9,False,2,267,190.55309734513278,118
1555,two_parent,9,True,3,357,328.85356089338393,17,14406,20113.460279962732,111
1556,two_parent,9,False,2,180,-19.955752212389402,180
1557,two_parent,9,True,3,357,328.85356089338393,37,14406,20113.460279962732,90
1558,two_parent,9,False,2,267,190.55309734513278,95
1559,two_parent,9,False,2,267,190.55309734513278,114
1560,one_parent,9,False,2,351,291.5035819637588,80
1561,one_parent,9,False,2,159,28.1858407079646,181
1562,one_parent,9,False,2,96,-13.761061946902657,184
1563,one_parent,9,False,2,351,291.5035819637588,53
1564,one_parent,9,False,2,96,-13.761061946902657,193
1565,one_parent,9,True,3,357,328.85356089338393,31,14406,20113.460279962732,91
1566,one_parent,9,False,2,204,61.15044247787611,178
1567,one_parent,9,False,2,351,291.5035819637588,56
1568,one_parent,9,False,2,267,190.55309734513278,105
1569,one_parent,9,False,2,207,79.07079646017698,163
1570,one_parent,9,False,2,207,37.5221238938053,166
1571,one_parent,9,False,2,351,291.5035819637588,51
1572,one_parent,9,False,2,351,291.5035819637588,67
1573,one_parent,9,False,2,351,291.5035819637588,54
1574,one_parent,9,False,2,258,172.2566371681416,127
1575,one_parent,9,False,2,267,190.55309734513278,99
1576,one_parent,9,False,2,267,190.55309734513278,110
1577,one_parent,9,False,2,408,305.5031605562581,0
1578,one_parent,9,False,2,96,-13.761061946902657,186
1579,one_parent,9,False,2,357,328.85356089338393,43
1580,one_parent,9,False,2,258,172.2566371681416,137
1581,one_parent,9,False,2,351,291.5035819637588,62
1582,one_parent,9,False,2,351,291.5035819637588,58
1583,one_parent,9,False,2,267,190.55309734513278,98
1584,one_parent,9,False,2,267,190.55309734513278,120
1585,one_parent,9,False,2,267,190.55309734513278,91
1586,one_parent,9,False,2,207,44.424778761061944,165
1587,one_parent,9,False,2,258,172.2566371681416,128
1588,one_parent,9,False,2,351,291.5035819637588,65
1589,one_parent,9,False,2,267,190.55309734513278,88
1590,one_parent,9,False,2,351,291.5035819637588,76
1591,one_parent,9,True,3,357,328.85356089338393,29,14406,20113.460279962732,58
1592,one_parent,9,False,2,267,190.55309734513278,121
1593,one_parent,9,True,3,357,328.85356089338393,21,14406,20113.460279962732,114
1594,one_parent,9,True,3,357,328.85356089338393,30,14406,20113.460279962732,47
1595,one_parent,9,True,3,357,328.85356089338393,13,14406,20113.460279962732,109
1596,one_parent,9,False,2,216,156.72566371681418,150
1597,one_parent,9,False,2,96,-13.761061946902657,191
1598,one_parent,9,False,2,222,107.94247787610618,146
1599,one_parent,9,False,2,267,190.55309734513278,124
1600,one_parent,9,False,2,204,66.72566371681418,177
1601,one_parent,9,False,2,267,190.55309734513278,119
1602,one_parent,9,False,2,351,291.5035819637588,64
1603,one_parent,9,False,2,96,-13.761061946902657,189
1604,one_parent,9,False,2,258,172.2566371681416,131
1605,one_parent,9,False,2,210,-53.14159292035398,160
1606,one_parent,9,False,2,258,172.2566371681416,140
1607,one_parent,9,False,2,351,291.5035819637588,70
1608,one_parent,9,False,2,96,-13.761061946902657,187
1609,one_parent,9,False,2,267,190.55309734513278,116
1610,one_parent,9,False,2,213,180.04424778761054,151
1611,one_parent,9,False,2,351,291.5035819637588,66
1612,one_parent,9,False,2,267,190.55309734513278,93
1613,one_parent,9,False,2,96,-13.761061946902657,196
1614,one_parent,9,False,2,258,172.2566371681416,132
1615,one_parent,9,False,2,210,-47.23451327433628,159
1616,one_parent,9,False,2,351,291.5035819637588,73
1617,one_parent,9,False,2,258,172.2566371681416,138
1618,one_parent,9,False,2,144,-60.575221238938056,183
1619,one_parent,9,False,2,267,190.55309734513278,92
1620,one_parent,9,False,2,258,172.2566371681416,136
1621,one_parent,9,True,3,357,328.85356089338393,38,14406,20113.460279962732,113
1622,one_parent,9,False,2,96,-13.761061946902657,194
1623,one_parent,9,False,2,258,172.2566371681416,130
1624,one_parent,9,False,2,96,-13.761061946902657,192
1625,one_parent,9,False,2,351,291.5035819637588,75
1626,one_parent,9,False,2,267,190.55309734513278,113
1627,one_parent,9,False,2,354,259.7256637168142,47
1628,one_parent,9,False,2,267,190.55309734513278,101
1629,one_parent,9,False,2,96,-13.761061946902657,197
1630,one_parent,9,False,2,258,172.2566371681416,139
1631,one_parent,9,False,2,96,-13.761061946902657,198
1632,one_parent,9,False,2,267,190.55309734513278,122
1633,one_parent,9,False,2,267,190.55309734513278,89
1634,one_parent,9,False,2,267,190.55309734513278,100
1635,one_parent,9,False,2,258,172.2566371681416,129
1636,one_parent,9,False,2,267,190.55309734513278,90
1637,one_parent,9,False,2,267,190.55309734513278,103
1638,one_parent,9,False,2,267,190.55309734513278,102
1639,one_parent,9,False,2,258,172.2566371681416,134
1640,two_parent,10,False,2,267,218.72881355932202,164
1641,two_parent,10,False,5,14406,20113.460279962732,4,1377,1788.964605327501,26,4248,5884.631686304599,37,3108,4428.291245336085,107
1642,two_parent,10,True,2,14406,20113.460279962732,128
1643,two_parent,10,True,2,14406,20113.460279962732,107
1644,two_parent,10,False,2,1671,2333.589267764718,141
1645,two_parent,10,False,2,210,51.41242937853106,173
1646,two_parent,10,False,2,96,-26.1864406779661,199
1647,two_parent,10,False,2,96,-26.1864406779661,193
1648,two_parent,10,True,2,14406,20113.460279962732,117
1649,two_parent,10,True,2,14406,20113.460279962732,82
1650,two_parent,10,False,2,207,86.39830508474577,175
1651,two_parent,10,True,2,14406,20113.460279962732,126
1652,two_parent,10,False,2,267,216.18644067796612,165
1653,two_parent,10,True,2,14406,20113.460279962732,43
1654,two_parent,10,True,2,14406,20113.460279962732,55
1655,two_parent,10,False,2,1098,1319.5702677848371,146
1656,two_parent,10,False,2,795,888.7944897206054,155
1657,two_parent,10,True,2,14406,20113.460279962732,122
1658,two_parent,10,False,3,14406,20113.460279962732,1,1377,1788.964605327501,44
1659,two_parent,10,True,2,14406,20113.460279962732,101
1660,two_parent,10,True,2,14406,20113.460279962732,108
1661,two_parent,10,True,2,14406,20113.460279962732,81
1662,two_parent,10,False,3,14406,20113.460279962732,39,1377,1788.964605327501,51
1663,two_parent,10,False,2,1656,2237.7488179563643,142
1664,two_parent,10,False,2,159,32.79661016949153,179
1665,two_parent,10,False,2,783,714.9273220585903,160
1666,two_parent,10,True,2,14406,20113.460279962732,103
1667,two_parent,10,False,2,855,1009.8271123215459,149
1668,two_parent,10,True,2,14406,20113.460279962732,54
1669,two_parent,10,True,2,14406,20113.460279962732,133
1670,two_parent,10,True,2,14406,20113.460279962732,127
1671,two_parent,10,True,2,14406,20113.460279962732,121
1672,two_parent,10,True,2,14406,20113.460279962732,69
1673,two_parent,10,False,2,1089,1222.375256515252,148
1674,two_parent,10,True,2,14406,20113.460279962732,95
1675,two_parent,10,False,3,14406,20113.460279962732,28,1377,1788.964605327501,42
1676,two_parent,10,False,2,789,771.1093429036956,157
1677,two_parent,10,False,2,213,178.47457627118646,170
1678,two_parent,10,False,2,1128,1359.2406008713692,145
1679,two_parent,10,False,3,14406,20113.460279962732,27,1377,1788.964605327501,104
1680,two_parent,10,False,3,14406,20113.460279962732,3,1377,1788.964605327501,141
1681,two_parent,10,True,2,14406,20113.460279962732,63
1682,two_parent,10,True,2,14406,20113.460279962732,131
1683,two_parent,10,False,2,1563,2013.2516679470036,143
1684,two_parent,10,False,2,207,64.83050847457629,177
1685,two_parent,10,True,2,14406,20113.460279962732,66
1686,two_parent,10,False,2,795,825.0458495912377,156
1687,two_parent,10,True,2,14406,20113.460279962732,50
1688,two_parent,10,True,2,14406,20113.460279962732,52
1689,two_parent,10,False,2,207,72.41525423728815,176
1690,two_parent,10,False,2,795,958.6518229671507,154
1691,two_parent,10,False,3,14406,20113.460279962732,0,1377,1788.964605327501,59
1692,two_parent,10,True,2,14406,20113.460279962732,125
1693,two_parent,10,True,2,14406,20113.460279962732,129
1694,two_parent,10,False,3,14406,20113.460279962732,24,1377,1788.964605327501,43
1695,two_parent,10,True,2,14406,20113.460279962732,44
1696,two_parent,10,False,2,144,29.067796610169495,181
1697,two_parent,10,False,3,14406,20113.460279962732,15,1377,1788.964605327501,125
1698,two_parent,10,True,2,14406,20113.460279962732,97
1699,two_parent,10,True,2,14406,20113.460279962732,87
1700,two_parent,10,True,2,14406,20113.460279962732,132
1701,two_parent,10,False,3,14406,20113.460279962732,21,1377,1788.964605327501,128
1702,two_parent,10,True,2,14406,20113.460279962732,93
1703,two_parent,10,True,2,14406,20113.460279962732,40
1704,two_parent,10,False,2,144,29.067796610169495,186
1705,two_parent,10,False,2,153,31.01694915254238,180
1706,two_parent,10,True,2,14406,20113.460279962732,78
1707,two_parent,10,True,2,14406,20113.460279962732,89
1708,two_parent,10,False,2,96,-26.1864406779661,192
1709,two_parent,10,False,2,96,-26.1864406779661,194
1710,two_parent,10,False,2,786,819.4934954937912,158
1711,two_parent,10,False,2,831,945.1248481185834,150
1712,two_parent,10,False,3,14406,20113.460279962732,11,1377,1788.964605327501,131
1713,two_parent,10,True,2,14406,20113.460279962732,70
1714,two_parent,10,True,2,14406,20113.460279962732,120
1715,two_parent,10,True,2,14406,20113.460279962732,65
1716,two_parent,10,False,2,1539,1946.8491103292638,144
1717,two_parent,10,True,2,14406,20113.460279962732,92
1718,two_parent,10,False,2,243,213.38983050847463,168
1719,two_parent,10,True,2,14406,20113.460279962732,56
1720,one_parent,10,False,2,144,29.067796610169495,185
1721,one_parent,10,False,3,14406,20113.460279962732,13,1377,1788.964605327501,61
1722,one_parent,10,True,2,14406,20113.460279962732,75
1723,one_parent,10,True,2,14406,20113.460279962732,123
1724,one_parent,10,True,2,14406,20113.460279962732,105
1725,one_parent,10,True,2,14406,20113.460279962732,67
1726,one_parent,10,False,2,96,-26.1864406779661,198
1727,one_parent,10,True,2,14406,20113.460279962732,68
1728,one_parent,10,False,2,1680,2254.3824106622324,140
1729,one_parent,10,True,2,14406,20113.460279962732,98
1730,one_parent,10,False,2,780,905.3720908752285,161
1731,one_parent,10,False,2,204,69.57627118644066,178
1732,one_parent,10,False,2,780,789.6378259568281,162
1733,one_parent,10,True,2,14406,20113.460279962732,110
1734,one_parent,10,False,3,14406,20113.460279962732,20,1377,1788.964605327501,58
1735,one_parent,10,False,2,255,191.1016949152543,167
1736,one_parent,10,False,2,96,-26.1864406779661,188
1737,one_parent,10,True,2,14406,20113.460279962732,134
1738,one_parent,10,False,2,816,1131.554759101914,152
1739,one_parent,10,True,2,14406,20113.460279962732,80
1740,one_parent,10,True,2,14406,20113.460279962732,115
1741,one_parent,10,True,2,14406,20113.460279962732,85
1742,one_parent,10,False,2,96,-26.1864406779661,197
1743,one_parent,10,True,2,14406,20113.460279962732,51
1744,one_parent,10,True,2,14406,20113.460279962732,45
1745,one_parent,10,False,2,783,916.7351397778738,159
1746,one_parent,10,False,5,14406,20113.460279962732,33,1377,1788.964605327501,11,4248,5884.631686304599,35,3108,4428.291245336085,110
1747,one_parent,10,False,2,96,-26.1864406779661,191
1748,one_parent,10,True,2,14406,20113.460279962732,102
1749,one_parent,10,False,2,96,-26.1864406779661,196
1750,one_parent,10,False,3,14406,20113.460279962732,17,1377,1788.964605327501,137
1751,one_parent,10,False,2,207,125.55084745762719,174
1752,one_parent,10,True,2,14406,20113.460279962732,42
1753,one_parent,10,True,2,14406,20113.460279962732,48
1754,one_parent,10,True,2,14406,20113.460279962732,57
1755,one_parent,10,True,2,14406,20113.460279962732,136
1756,one_parent,10,True,2,14406,20113.460279962732,61
1757,one_parent,10,False,2,1713,2190.7788929246117,139
1758,one_parent,10,False,2,1089,1394.8581521138037,147
1759,one_parent,10,True,2,14406,20113.460279962732,119
1760,one_parent,10,False,2,237,203.94067796610176,169
1761,one_parent,10,False,2,270,211.44067796610176,163
1762,one_parent,10,True,2,14406,20113.460279962732,106
1763,one_parent,10,False,3,14406,20113.460279962732,5,1377,1788.964605327501,144
1764,one_parent,10,False,3,14406,20113.460279962732,37,1377,1788.964605327501,116
1765,one_parent,10,False,4,14406,20113.460279962732,36,1377,1788.964605327501,7,4248,5884.631686304599,56
1766,one_parent,10,False,2,267,200.042372881356,166
1767,one_parent,10,False,2,96,-26.1864406779661,190
1768,one_parent,10,False,2,13341,19563.992320235444,138
1769,one_parent,10,False,4,14406,20113.460279962732,25,1377,1788.964605327501,20,4248,5884.631686304599,46
1770,one_parent,10,False,2,144,29.067796610169495,183
1771,one_parent,10,True,2,14406,20113.460279962732,59
1772,one_parent,10,False,2,96,-26.1864406779661,195
1773,one_parent,10,False,2,801,824.6108780342477,153
1774,one_parent,10,False,3,14406,20113.460279962732,26,1377,1788.964605327501,49
1775,one_parent,10,False,2,96,-26.1864406779661,189
1776,one_parent,10,False,2,210,57.37288135593219,172
1777,one_parent,10,False,2,96,-26.1864406779661,187
1778,one_parent,10,True,2,14406,20113.460279962732,124
1779,one_parent,10,True,2,14406,20113.460279962732,84
1780,one_parent,10,False,2,210,107.20338983050851,171
1781,one_parent,10,True,2,14406,20055.682015159193,137
1782,one_parent,10,True,2,14406,20113.460279962732,118
1783,one_parent,10,False,3,14406,20113.460279962732,2,1377,1788.964605327501,75
1784,one_parent,10,False,3,14406,20113.460279962732,38,1377,1788.964605327501,87
1785,one_parent,10,False,3,14406,20113.460279962732,34,1377,1788.964605327501,64
1786,one_parent,10,True,2,14406,20113.460279962732,86
1787,one_parent,10,True,2,14406,20113.460279962732,71
1788,one_parent,10,False,2,828,974.8618575348789,151
1789,one_parent,10,True,2,14406,20113.460279962732,130
1790,one_parent,10,True,2,14406,20113.460279962732,116
1791,one_parent,10,False,2,144,29.067796610169495,184
1792,one_parent,10,True,2,14406,20113.460279962732,64
1793,one_parent,10,False,2,144,29.067796610169495,182
1794,one_parent,10,True,2,14406,20113.460279962732,53
1795,one_parent,10,False,4,14406,20113.460279962732,31,1377,1788.964605327501,10,4248,5884.631686304599,49
1796,one_parent,10,True,2,14406,20113.460279962732,60
1797,one_parent,10,False,4,14406,20113.460279962732,29,1377,1788.964605327501,13,4248,5884.631686304599,55
1798,one_parent,10,False,3,14406,20113.460279962732,16,1377,1788.964605327501,89
1799,one_parent,10,False,3,14406,20113.460279962732,14,1377,1788.964605327501,91
1800,two_parent,11,False,4,1377,1788.964605327501,34,4248,5884.631686304599,30,3108,4428.291245336085,75
1801,two_parent,11,False,2,1377,1788.964605327501,76
1802,two_parent,11,False,2,1377,1788.964605327501,90
1803,two_parent,11,False,2,144,4.576271186440678,174
1804,two_parent,11,False,2,96,-10.254237288135592,181
1805,two_parent,11,False,2,1377,1788.964605327501,79
1806,two_parent,11,False,4,1377,1788.964605327501,39,4248,5884.631686304599,17,3108,4428.291245336085,99
1807,two_parent,11,False,2,96,-10.254237288135592,185
1808,two_parent,11,False,2,207,53.177966101694906,165
1809,two_parent,11,False,2,1377,1788.964605327501,119
1810,two_parent,11,False,2,96,-10.254237288135592,184
1811,two_parent,11,False,3,1398,1960.080442437642,3,675,854.6087253032467,126
1812,two_parent,11,False,2,1377,1788.964605327501,100
1813,two_parent,11,False,2,780,770.2702648936896,155
1814,two_parent,11,False,2,1377,1788.964605327501,96
1815,two_parent,11,False,2,1377,1788.964605327501,55
1816,two_parent,11,False,2,96,-10.254237288135592,188
1817,two_parent,11,False,3,1377,1788.964605327501,6,4248,5884.631686304599,45
1818,two_parent,11,False,2,1431,1785.5449872438044,2
1819,two_parent,11,False,2,144,4.576271186440678,170
1820,two_parent,11,False,4,1377,1788.964605327501,18,4248,5884.631686304599,19,3108,4428.291245336085,119
1821,two_parent,11,False,2,1374,1768.3188618696352,146
1822,two_parent,11,False,2,1377,1788.964605327501,53
1823,two_parent,11,False,2,96,-10.254237288135592,186
1824,two_parent,11,False,2,1377,1788.964605327501,117
1825,two_parent,11,False,2,1377,1788.964605327501,50
1826,two_parent,11,False,2,96,-10.254237288135592,193
1827,two_parent,11,False,2,1377,1788.964605327501,80
1828,two_parent,11,False,2,1377,1788.964605327501,114
1829,two_parent,11,False,2,96,-10.254237288135592,199
1830,two_parent,11,False,2,210,22.951977401129895,160
1831,two_parent,11,False,3,1377,1788.964605327501,36,4248,5884.631686304599,48
1832,two_parent,11,False,2,1386,1609.4820022968008,4
1833,two_parent,11,False,2,1377,1788.964605327501,113
1834,two_parent,11,False,2,1377,1788.964605327501,45
1835,two_parent,11,False,3,1377,1788.964605327501,12,4248,5884.631686304599,61
1836,two_parent,11,False,2,1377,1788.964605327501,85
1837,two_parent,11,False,2,231,149.25141242937855,157
1838,two_parent,11,False,3,1377,1788.964605327501,27,4248,5884.631686304599,59
1839,two_parent,11,False,2,96,-10.254237288135592,194
1840,two_parent,11,False,4,1377,1788.964605327501,40,4248,5884.631686304599,27,3108,4428.291245336085,134
1841,two_parent,11,False,3,3297,4783.614371043763,1,666,855.3526305683573,148
1842,two_parent,11,False,4,1377,1788.964605327501,37,4248,5884.631686304599,20,3108,4428.291245336085,90
1843,two_parent,11,False,4,1377,1788.964605327501,21,4248,5884.631686304599,5,3108,4428.291245336085,93
1844,two_parent,11,False,2,96,-10.254237288135592,177
1845,two_parent,11,False,2,1377,1788.964605327501,103
1846,two_parent,11,False,2,1377,1788.964605327501,136
1847,two_parent,11,False,2,1377,1788.964605327501,140
1848,two_parent,11,False,4,1377,1788.964605327501,35,4248,5884.631686304599,25,3108,4428.291245336085,86
1849,two_parent,11,False,2,1377,1788.964605327501,62
1850,two_parent,11,False,2,1377,1788.964605327501,77
1851,two_parent,11,False,3,1377,1788.964605327501,14,4248,5884.631686304599,66
1852,two_parent,11,False,2,1377,1788.964605327501,143
1853,two_parent,11,False,2,1377,1788.964605327501,92
1854,two_parent,11,False,2,96,-10.254237288135592,197
1855,two_parent,11,False,2,144,4.576271186440678,173
1856,two_parent,11,False,2,1377,1788.964605327501,56
1857,two_parent,11,False,2,1377,1788.964605327501,101
1858,two_parent,11,False,2,1377,1788.964605327501,97
1859,two_parent,11,False,2,1377,1788.964605327501,73
1860,two_parent,11,False,3,3882,5698.088574745891,0,684,882.346678187405,105
1861,two_parent,11,False,2,96,-10.254237288135592,195
1862,two_parent,11,False,2,207,145.74858757062145,162
1863,two_parent,11,False,2,1377,1788.964605327501,48
1864,two_parent,11,False,3,1377,1788.964605327501,17,4248,5884.631686304599,58
1865,two_parent,11,False,2,1377,1788.964605327501,46
1866,two_parent,11,False,2,96,-10.254237288135592,182
1867,two_parent,11,False,2,1377,1788.964605327501,106
1868,two_parent,11,False,4,1377,1788.964605327501,41,4248,5884.631686304599,4,3108,4428.291245336085,100
1869,two_parent,11,False,3,1377,1788.964605327501,32,4248,5884.631686304599,42
1870,two_parent,11,False,2,96,-10.254237288135592,198
1871,two_parent,11,False,2,1377,1788.964605327501,127
1872,two_parent,11,False,2,216,87.16101694915253,158
1873,two_parent,11,False,2,1377,1788.964605327501,138
1874,two_parent,11,False,2,1377,1788.964605327501,66
1875,two_parent,11,False,2,1377,1788.964605327501,57
1876,two_parent,11,False,2,144,4.576271186440678,171
1877,two_parent,11,False,2,828,956.0157870794767,148
1878,two_parent,11,False,2,1377,1788.964605327501,74
1879,two_parent,11,False,2,1377,1788.964605327501,130
1880,one_parent,11,False,2,1377,1788.964605327501,69
1881,one_parent,11,False,2,96,-10.254237288135592,178
1882,one_parent,11,False,2,1377,1788.964605327501,108
1883,one_parent,11,False,2,783,786.039900425824,151
1884,one_parent,11,False,2,1377,1788.964605327501,71
1885,one_parent,11,False,2,1377,1788.964605327501,139
1886,one_parent,11,False,2,1377,1788.964605327501,126
1887,one_parent,11,False,2,1377,1788.964605327501,54
1888,one_parent,11,False,2,1377,1788.964605327501,107
1889,one_parent,11,False,4,1377,1788.964605327501,5,4248,5884.631686304599,34,3108,4428.291245336085,94
1890,one_parent,11,False,2,144,4.576271186440678,176
1891,one_parent,11,False,2,1377,1788.964605327501,115
1892,one_parent,11,False,2,1377,1788.964605327501,123
1893,one_parent,11,False,2,1377,1788.964605327501,52
1894,one_parent,11,False,2,210,156.73728813559325,159
1895,one_parent,11,False,4,1377,1788.964605327501,33,4248,5884.631686304599,26,3108,4428.291245336085,83
1896,one_parent,11,False,2,1377,1788.964605327501,95
1897,one_parent,11,False,2,1377,1788.964605327501,133
1898,one_parent,11,False,3,1377,1788.964605327501,28,4248,5884.631686304599,50
1899,one_parent,11,False,2,240,193.0649717514125,156
1900,one_parent,11,False,2,210,12.146892655367182,161
1901,one_parent,11,False,2,96,-10.254237288135592,183
1902,one_parent,11,False,2,1377,1788.964605327501,63
1903,one_parent,11,False,2,1377,1788.964605327501,121
1904,one_parent,11,False,2,798,930.3010221227297,149
1905,one_parent,11,False,2,96,-10.254237288135592,196
1906,one_parent,11,False,2,96,-10.254237288135592,180
1907,one_parent,11,False,2,144,4.576271186440678,172
1908,one_parent,11,False,3,1377,1788.964605327501,22,4248,5884.631686304599,57
1909,one_parent,11,False,2,96,-10.254237288135592,190
1910,one_parent,11,False,2,1377,1788.964605327501,72
1911,one_parent,11,False,2,1377,1788.964605327501,135
1912,one_parent,11,False,2,207,0.25423728813559876,166
1913,one_parent,11,False,2,96,-10.254237288135592,192
1914,one_parent,11,False,2,1377,1788.964605327501,88
1915,one_parent,11,False,2,1377,1788.964605327501,102
1916,one_parent,11,False,4,1377,1788.964605327501,16,4248,5884.631686304599,28,3108,4428.291245336085,92
1917,one_parent,11,False,4,1377,1788.964605327501,29,4248,5884.631686304599,16,3108,4428.291245336085,72
1918,one_parent,11,False,2,1377,1788.964605327501,83
1919,one_parent,11,False,2,1377,1788.964605327501,118
1920,one_parent,11,False,2,96,-10.254237288135592,191
1921,one_parent,11,False,2,1377,1788.964605327501,129
1922,one_parent,11,False,2,786,880.2581271113082,150
1923,one_parent,11,False,2,1377,1788.964605327501,98
1924,one_parent,11,False,2,204,93.78531073446328,167
1925,one_parent,11,False,2,1377,1788.964605327501,111
1926,one_parent,11,False,2,1377,1788.964605327501,142
1927,one_parent,11,False,2,831,1114.9935420365962,147
1928,one_parent,11,False,2,1377,1788.964605327501,84
1929,one_parent,11,False,2,1377,1788.964605327501,145
1930,one_parent,11,False,2,1377,1788.964605327501,78
1931,one_parent,11,False,2,780,805.109561752069,154
1932,one_parent,11,False,2,1377,1788.964605327501,86
1933,one_parent,11,False,2,1377,1788.964605327501,70
1934,one_parent,11,False,2,1377,1788.964605327501,122
1935,one_parent,11,False,2,144,4.576271186440678,175
1936,one_parent,11,False,2,780,806.64553056767,153
1937,one_parent,11,False,2,1377,1788.964605327501,67
1938,one_parent,11,False,2,1377,1788.964605327501,120
1939,one_parent,11,False,2,1377,1788.964605327501,134
1940,one_parent,11,False,2,96,-10.254237288135592,179
1941,one_parent,11,False,2,1377,1788.964605327501,105
1942,one_parent,11,False,3,1377,1788.964605327501,38,4248,5884.631686304599,53
1943,one_parent,11,False,2,780,858.338573837186,152
1944,one_parent,11,False,2,207,127.93785310734467,163
1945,one_parent,11,False,2,1377,1788.964605327501,81
1946,one_parent,11,False,2,1377,1788.964605327501,60
1947,one_parent,11,False,2,1377,1788.964605327501,110
1948,one_parent,11,False,2,144,4.576271186440678,169
1949,one_parent,11,False,2,1377,1788.964605327501,124
1950,one_parent,11,False,2,207,71.65254237288138,164
1951,one_parent,11,False,2,96,-10.254237288135592,187
1952,one_parent,11,False,2,1377,1788.964605327501,112
1953,one_parent,11,False,2,183,-1.581920903954817,168
1954,one_parent,11,False,2,96,-10.254237288135592,189
1955,one_parent,11,False,4,1377,1788.964605327501,24,4248,5884.631686304599,12,3108,4428.291245336085,121
1956,one_parent,11,False,2,1377,1788.964605327501,47
1957,one_parent,11,False,2,1377,1788.964605327501,65
1958,one_parent,11,False,4,1377,1788.964605327501,15,4248,5884.631686304599,22,3108,4428.291245336085,74
1959,one_parent,11,False,3,1377,1788.964605327501,8,4248,5884.631686304599,52
1960,two_parent,12,False,2,651,807.0461342629383,155
1961,two_parent,12,False,2,4245,5833.855358014294,67
1962,two_parent,12,False,2,144,41.89655172413791,188
1963,two_parent,12,False,2,669,844.4567997179406,138
1964,two_parent,12,False,2,351,270.322183378357,166
1965,two_parent,12,False,2,384,371.884395359924,161
1966,two_parent,12,False,2,363,325.54203082790434,163
1967,two_parent,12,False,3,4248,5884.631686304599,38,3108,4428.291245336085,89
1968,two_parent,12,False,2,252,188.20197044334975,176
1969,two_parent,12,False,2,354,291.36000317813443,165
1970,two_parent,12,False,2,1242,1715.9617679464395,81
1971,two_parent,12,False,2,669,874.7797436966999,134
1972,two_parent,12,False,2,669,852.2588019426348,137
1973,two_parent,12,False,2,2544,3623.484487514376,72
1974,two_parent,12,False,2,660,865.203461435324,153
1975,two_parent,12,False,2,693,827.4086894664721,87
1976,two_parent,12,False,2,363,253.19307166693153,164
1977,two_parent,12,False,2,207,52.2413793103448,186
1978,two_parent,12,False,2,210,45.1600985221675,182
1979,two_parent,12,False,2,222,159.85221674876848,178
1980,two_parent,12,False,2,684,843.6261371762292,122
1981,two_parent,12,False,2,684,882.346678187405,96
1982,two_parent,12,False,2,684,898.6429730123426,89
1983,two_parent,12,False,2,666,855.3526305683573,144
1984,two_parent,12,False,2,639,773.6190124443827,157
1985,two_parent,12,False,2,96,-26.871921182266007,199
1986,two_parent,12,False,2,414,394.67797552836487,158
1987,two_parent,12,False,2,252,192.9679802955665,175
1988,two_parent,12,False,2,2568,3521.8737156767343,69
1989,two_parent,12,False,2,666,855.3526305683573,140
1990,two_parent,12,False,2,4299,5835.837612650843,2
1991,two_parent,12,False,2,684,882.346678187405,112
1992,two_parent,12,False,3,4248,5884.631686304599,14,3108,4428.291245336085,80
1993,two_parent,12,False,3,4248,5884.631686304599,23,3108,4428.291245336085,106
1994,two_parent,12,False,2,96,-26.871921182266007,194
1995,two_parent,12,False,2,2544,3628.2761541810432,70
1996,two_parent,12,False,2,4248,5884.631686304599,54
1997,two_parent,12,False,2,684,882.346678187405,107
1998,two_parent,12,False,2,2544,3623.484487514376,73
1999,two_parent,12,False,2,672,845.3672218470251,133
2000,two_parent,12,False,5,4602,6034.7511286033205,0,10926,15189.276339651018,39,7299,9945.91658823431,6,2262,3049.18747670763,92
2001,two_parent,12,False,2,714,910.7918504025652,86
2002,two_parent,12,False,4,4599,6040.79286113525,1,14406,19722.429286089144,21,4737,6330.660590329495,116
2003,two_parent,12,False,2,96,-26.871921182266007,198
2004,two_parent,12,False,2,1683,2006.9123274467959,74
2005,two_parent,12,False,2,1287,1472.381929102723,77
2006,two_parent,12,False,2,351,249.27737168282204,168
2007,two_parent,12,False,2,396,456.96790084220555,160
2008,two_parent,12,False,2,144,41.89655172413791,191
2009,two_parent,12,False,2,678,848.0616363585215,123
2010,two_parent,12,False,2,684,882.346678187405,117
2011,two_parent,12,False,2,669,874.7797436966999,135
2012,two_parent,12,False,2,1242,1688.6998539084361,83
2013,two_parent,12,False,2,348,258.8733513427619,170
2014,two_parent,12,False,2,666,855.3526305683573,143
2015,two_parent,12,False,2,1665,1892.0336487513803,75
2016,two_parent,12,False,2,666,855.3526305683573,147
2017,two_parent,12,False,2,4248,5884.631686304599,65
2018,two_parent,12,False,2,684,882.346678187405,100
2019,two_parent,12,False,2,684,891.9492177154519,90
2020,two_parent,12,False,2,669,874.7797436966999,136
2021,two_parent,12,False,2,237,193.79310344827587,177
2022,two_parent,12,False,2,396,456.96790084220555,159
2023,two_parent,12,False,2,4248,5884.631686304599,63
2024,two_parent,12,False,2,669,816.6867402272366,139
2025,two_parent,12,False,2,2697,3595.537678282584,68
2026,two_parent,12,False,2,1224,1348.9563032247722,84
2027,two_parent,12,False,2,1284,1711.0585648897418,78
2028,two_parent,12,False,2,144,41.89655172413791,189
2029,two_parent,12,False,2,255,234.76600985221677,174
2030,two_parent,12,False,2,675,854.6087253032467,125
2031,two_parent,12,False,3,4248,5884.631686304599,7,3108,4428.291245336085,130
2032,two_parent,12,False,2,4248,5884.631686304599,44
2033,two_parent,12,False,2,714,916.703180451826,85
2034,two_parent,12,False,3,4251,5914.912599454687,3,3111,4427.150341838454,68
2035,two_parent,12,False,2,1242,1691.1377657484013,82
2036,two_parent,12,False,2,2544,3628.2761541810432,71
2037,two_parent,12,False,2,1242,1728.10343320285,80
2038,two_parent,12,False,2,666,852.6052074229299,152
2039,two_parent,12,False,2,675,861.2579453360877,124
2040,one_parent,12,False,2,684,882.346678187405,99
2041,one_parent,12,False,2,684,882.346678187405,115
2042,one_parent,12,False,2,4248,5884.631686304599,60
2043,one_parent,12,False,2,666,855.3526305683573,146
2044,one_parent,12,False,2,210,35.86206896551727,184
2045,one_parent,12,False,2,96,-26.871921182266007,196
2046,one_parent,12,False,2,684,882.346678187405,97
2047,one_parent,12,False,2,213,161.62561576354682,179
2048,one_parent,12,False,3,4248,5884.631686304599,6,3108,4428.291245336085,81
2049,one_parent,12,False,2,276,263.1527093596059,171
2050,one_parent,12,False,2,96,-26.871921182266007,197
2051,one_parent,12,False,2,144,41.89655172413791,192
2052,one_parent,12,False,2,690,822.5852679399081,88
2053,one_parent,12,False,3,4248,5884.631686304599,21,3108,4428.291245336085,127
2054,one_parent,12,False,2,684,882.346678187405,104
2055,one_parent,12,False,2,684,882.346678187405,95
2056,one_parent,12,False,3,4248,5884.631686304599,15,3108,4428.291245336085,122
2057,one_parent,12,False,2,666,855.3526305683573,151
2058,one_parent,12,False,2,684,882.346678187405,102
2059,one_parent,12,False,2,684,882.346678187405,120
2060,one_parent,12,False,2,675,854.6087253032467,127
2061,one_parent,12,False,2,684,882.346678187405,121
2062,one_parent,12,False,3,4248,5884.631686304599,39,3108,4428.291245336085,115
2063,one_parent,12,False,2,666,855.3526305683573,145
2064,one_parent,12,False,2,684,882.346678187405,110
2065,one_parent,12,False,2,4248,5884.631686304599,51
2066,one_parent,12,False,2,684,882.346678187405,103
2067,one_parent,12,False,2,684,882.346678187405,109
2068,one_parent,12,False,2,666,855.3526305683573,150
2069,one_parent,12,False,2,351,248.7117432067377,169
2070,one_parent,12,False,3,4248,5884.631686304599,13,3108,4428.291245336085,111
2071,one_parent,12,False,2,675,854.6087253032467,132
2072,one_parent,12,False,2,684,882.346678187405,94
2073,one_parent,12,False,2,684,882.346678187405,92
2074,one_parent,12,False,3,4248,5884.631686304599,40,3108,4428.291245336085,113
2075,one_parent,12,False,2,639,779.1514695561207,156
2076,one_parent,12,False,2,4248,5884.631686304599,43
2077,one_parent,12,False,2,144,41.89655172413791,187
2078,one_parent,12,False,2,210,96.9211822660098,180
2079,one_parent,12,False,2,372,334.4240425870015,162
2080,one_parent,12,False,2,144,41.89655172413791,190
2081,one_parent,12,False,2,684,882.346678187405,116
2082,one_parent,12,False,2,684,882.346678187405,111
2083,one_parent,12,False,2,684,882.346678187405,101
2084,one_parent,12,False,2,4248,5884.631686304599,64
2085,one_parent,12,False,2,210,93.91625615763544,181
2086,one_parent,12,False,2,684,882.346678187405,114
2087,one_parent,12,False,3,4248,5884.631686304599,29,3108,4428.291245336085,104
2088,one_parent,12,False,3,4248,5884.631686304599,24,3108,4428.291245336085,96
2089,one_parent,12,False,2,96,-26.871921182266007,195
2090,one_parent,12,False,2,351,255.05680915302713,167
2091,one_parent,12,False,3,4248,5884.631686304599,11,3108,4428.291245336085,87
2092,one_parent,12,False,2,675,854.6087253032467,129
2093,one_parent,12,False,3,4248,5884.631686304599,32,3108,4428.291245336085,114
2094,one_parent,12,False,3,4248,5884.631686304599,31,3108,4428.291245336085,84
2095,one_parent,12,False,2,144,41.89655172413791,193
2096,one_parent,12,False,2,684,882.346678187405,113
2097,one_parent,12,False,2,675,854.6087253032467,128
2098,one_parent,12,False,2,1656,1959.742048330345,76
2099,one_parent,12,False,2,267,213.9039408866995,172
2100,one_parent,12,False,2,666,855.3526305683573,149
2101,one_parent,12,False,2,666,855.3526305683573,142
2102,one_parent,12,False,2,684,882.346678187405,106
2103,one_parent,12,False,2,666,855.3526305683573,141
2104,one_parent,12,False,2,4248,5884.631686304599,47
2105,one_parent,12,False,2,684,882.346678187405,98
2106,one_parent,12,False,2,1242,1740.8900636266285,79
2107,one_parent,12,False,3,4248,5884.631686304599,36,3108,4428.291245336085,120
2108,one_parent,12,False,2,207,89.63054187192117,185
2109,one_parent,12,False,2,684,882.346678187405,93
2110,one_parent,12,False,2,4248,5884.631686304599,62
2111,one_parent,12,False,2,684,882.346678187405,91
2112,one_parent,12,False,2,675,854.6087253032467,131
2113,one_parent,12,False,2,684,882.346678187405,118
2114,one_parent,12,False,2,660,649.8420173373858,154
2115,one_parent,12,False,2,675,854.6087253032467,130
2116,one_parent,12,False,2,267,207.1059113300492,173
2117,one_parent,12,False,2,684,882.346678187405,108
2118,one_parent,12,False,2,210,39.18719211822662,183
2119,one_parent,12,False,2,684,882.346678187405,119
2120,two_parent,13,False,2,3111,4427.150341838454,66
2121,two_parent,13,False,2,96,-30.031847133757957,198
2122,two_parent,13,False,2,207,82.61146496815286,170
2123,two_parent,13,False,3,14406,19722.429286089144,20,4737,6330.660590329495,90
2124,two_parent,13,False,3,14406,19722.429286089144,3,4737,6330.660590329495,94
2125,two_parent,13,False,2,96,-30.031847133757957,189
2126,two_parent,13,False,3,14406,19722.429286089144,12,4737,6330.660590329495,66
2127,two_parent,13,False,2,942,1273.1846119131308,155
2128,two_parent,13,False,2,3108,4428.291245336085,128
2129,two_parent,13,False,2,96,-30.031847133757957,188
2130,two_parent,13,False,2,10926,15189.276339651018,46
2131,two_parent,13,False,2,204,120.90764331210192,175
2132,two_parent,13,False,3,14406,19722.429286089144,18,4737,6330.660590329495,134
2133,two_parent,13,False,2,225,110.89171974522299,164
2134,two_parent,13,False,2,255,187.2292993630573,162
2135,two_parent,13,False,2,10887,14908.647975422615,50
2136,two_parent,13,False,2,168,17.484076433121047,176
2137,two_parent,13,False,3,14406,19722.429286089144,26,4737,6330.660590329495,78
2138,two_parent,13,False,2,207,79.07643312101911,171
2139,two_parent,13,False,2,3108,4428.291245336085,78
2140,two_parent,13,False,2,942,1273.1846119131308,153
2141,two_parent,13,False,2,942,1273.1846119131308,157
2142,two_parent,13,False,2,3108,4428.291245336085,129
2143,two_parent,13,False,2,993,1136.5116222072725,138
2144,two_parent,13,False,2,942,1273.1846119131308,149
2145,two_parent,13,False,2,3108,4428.291245336085,125
2146,two_parent,13,False,2,3108,4428.291245336085,101
2147,two_parent,13,False,4,10926,15189.276339651018,36,7299,9945.91658823431,0,2262,3049.18747670763,49
2148,two_parent,13,False,2,162,21.894904458598745,177
2149,two_parent,13,False,2,948,1084.5885452841958,148
2150,two_parent,13,False,3,14406,19722.429286089144,28,4737,6330.660590329495,85
2151,two_parent,13,False,3,14406,19722.429286089144,29,4737,6330.660590329495,49
2152,two_parent,13,False,3,14406,19722.429286089144,7,4737,6330.660590329495,93
2153,two_parent,13,False,2,942,1273.1846119131308,150
2154,two_parent,13,False,3,14406,19722.429286089144,13,4737,6330.660590329495,41
2155,two_parent,13,False,4,10926,15189.276339651018,37,7299,9945.91658823431,2,2262,3049.18747670763,60
2156,two_parent,13,False,3,14406,19722.429286089144,31,4737,6330.660590329495,125
2157,two_parent,13,False,2,993,1136.5116222072725,142
2158,two_parent,13,False,2,3108,4428.291245336085,95
2159,two_parent,13,False,2,3108,4428.291245336085,82
2160,two_parent,13,False,2,981,1136.1213918836663,145
2161,two_parent,13,False,2,3690,4783.982709472711,54
2162,two_parent,13,False,2,10926,15189.276339651018,44
2163,two_parent,13,False,2,96,-30.031847133757957,184
2164,two_parent,13,False,2,942,1273.1846119131308,151
2165,two_parent,13,False,3,14406,19722.429286089144,1,4737,6330.660590329495,77
2166,two_parent,13,False,4,10926,15189.276339651018,33,7299,9945.91658823431,4,2262,3049.18747670763,109
2167,two_parent,13,False,2,3108,4428.291245336085,132
2168,two_parent,13,False,2,144,20.414012738853515,179
2169,two_parent,13,False,2,942,1273.1846119131308,154
2170,two_parent,13,False,2,96,-30.031847133757957,185
2171,two_parent,13,False,3,14406,19722.429286089144,19,4737,6330.660590329495,55
2172,two_parent,13,False,3,14406,19722.429286089144,8,4737,6330.660590329495,117
2173,two_parent,13,False,2,3108,4428.291245336085,126
2174,two_parent,13,False,2,3108,4428.291245336085,88
2175,two_parent,13,False,2,948,1084.5885452841958,147
2176,two_parent,13,False,2,1365,1913.4713020893169,136
2177,two_parent,13,False,2,96,-30.031847133757957,186
2178,two_parent,13,False,2,3108,4428.291245336085,79
2179,two_parent,13,False,2,207,39.3312101910828,172
2180,two_parent,13,False,2,942,1273.1846119131308,156
2181,two_parent,13,False,2,144,20.414012738853515,181
2182,two_parent,13,False,2,993,1136.5116222072725,137
2183,two_parent,13,False,3,14406,19722.429286089144,0,4737,6330.660590329495,106
2184,two_parent,13,False,2,981,1136.8384456467966,144
2185,two_parent,13,False,2,993,1136.5116222072725,141
2186,two_parent,13,False,4,10926,15189.276339651018,34,7299,9945.91658823431,3,2262,3049.18747670763,41
2187,two_parent,13,False,2,3108,4428.291245336085,116
2188,two_parent,13,False,2,210,53.184713375796136,165
2189,two_parent,13,False,3,14406,19722.429286089144,24,4737,6330.660590329495,75
2190,two_parent,13,False,2,942,1273.1846119131308,152
2191,two_parent,13,False,2,10926,15189.276339651018,47
2192,two_parent,13,False,2,993,1136.5116222072725,140
2193,two_parent,13,False,2,942,1272.7832367256945,158
2194,two_parent,13,False,2,3108,4428.291245336085,97
2195,two_parent,13,False,2,3108,4428.291245336085,135
2196,two_parent,13,False,2,96,-30.031847133757957,187
2197,two_parent,13,False,2,144,20.414012738853515,180
2198,two_parent,13,False,3,14406,19722.429286089144,25,4737,6330.660590329495,101
2199,two_parent,13,False,2,993,1136.5116222072725,139
2200,one_parent,13,False,2,3108,4428.291245336085,91
2201,one_parent,13,False,3,14406,19722.429286089144,15,4737,6330.660590329495,60
2202,one_parent,13,False,3,14406,19722.429286089144,10,4737,6330.660590329495,45
2203,one_parent,13,False,2,420,312.72493125891907,161
2204,one_parent,13,False,2,10926,15189.276339651018,40
2205,one_parent,13,False,2,3111,4427.150341838454,64
2206,one_parent,13,False,2,3108,4428.291245336085,73
2207,one_parent,13,False,2,3108,4428.291245336085,118
2208,one_parent,13,False,2,3111,4427.150341838454,57
2209,one_parent,13,False,2,3108,4428.291245336085,102
2210,one_parent,13,False,2,210,20.525477707006445,169
2211,one_parent,13,False,2,3111,4427.150341838454,56
2212,one_parent,13,False,2,147,19.713375796178354,178
2213,one_parent,13,False,2,210,28.694267515923585,167
2214,one_parent,13,False,2,96,-30.031847133757957,197
2215,one_parent,13,False,3,14406,19722.429286089144,23,4737,6330.660590329495,89
2216,one_parent,13,False,2,3111,4427.150341838454,67
2217,one_parent,13,False,3,14406,19722.429286089144,17,4737,6330.660590329495,97
2218,one_parent,13,False,3,14406,19722.429286089144,11,4737,6330.660590329495,63
2219,one_parent,13,False,2,642,679.42500768624,160
2220,one_parent,13,False,2,3111,4427.150341838454,71
2221,one_parent,13,False,2,3108,4428.291245336085,98
2222,one_parent,13,False,6,14406,19722.429286089144,6,4737,6330.660590329495,18,9768,13452.781002642154,32,4533,6004.946785368514,9,1410,1874.1156054954422,105
2223,one_parent,13,False,2,3708,4701.080378550005,53
2224,one_parent,13,False,2,10926,15189.276339651018,43
2225,one_parent,13,False,2,10926,15189.276339651018,45
2226,one_parent,13,False,2,3108,4428.291245336085,124
2227,one_parent,13,False,3,14406,19722.429286089144,4,4737,6330.660590329495,70
2228,one_parent,13,False,2,96,-30.031847133757957,193
2229,one_parent,13,False,2,207,23.280254777070084,173
2230,one_parent,13,False,5,14406,19722.429286089144,32,4737,6330.660590329495,20,9768,13452.781002642154,18,4533,6004.946785368514,110
2231,one_parent,13,False,2,3111,4427.150341838454,61
2232,one_parent,13,False,3,14406,19722.429286089144,30,4737,6330.660590329495,50
2233,one_parent,13,False,2,252,162.3089171974522,163
2234,one_parent,13,False,2,3111,4427.150341838454,69
2235,one_parent,13,False,2,210,27.643312101910823,168
2236,one_parent,13,False,2,930,984.9138526577809,159
2237,one_parent,13,False,2,3111,4427.150341838454,59
2238,one_parent,13,False,2,3108,4428.291245336085,105
2239,one_parent,13,False,2,96,-30.031847133757957,192
2240,one_parent,13,False,2,4257,5974.549056055553,51
2241,one_parent,13,False,2,10926,15189.276339651018,49
2242,one_parent,13,False,2,96,-30.031847133757957,196
2243,one_parent,13,False,4,10926,15189.276339651018,35,7299,9945.91658823431,5,2262,3049.18747670763,46
2244,one_parent,13,False,3,14406,19722.429286089144,16,4737,6330.660590329495,84
2245,one_parent,13,False,2,3111,4427.150341838454,62
2246,one_parent,13,False,2,10926,15189.276339651018,41
2247,one_parent,13,False,3,14406,19722.429286089144,9,4737,6330.660590329495,105
2248,one_parent,13,False,2,210,35.6687898089172,166
2249,one_parent,13,False,2,204,124.42675159235671,174
2250,one_parent,13,False,6,14406,19722.429286089144,22,4737,6330.660590329495,35,9768,13452.781002642154,27,4533,6004.946785368514,12,1410,1874.1156054954422,128
2251,one_parent,13,False,2,96,-30.031847133757957,190
2252,one_parent,13,False,2,3717,4971.810320254699,52
2253,one_parent,13,False,2,3108,4428.291245336085,117
2254,one_parent,13,False,2,96,-30.031847133757957,199
2255,one_parent,13,False,2,3678,5014.09100135998,55
2256,one_parent,13,False,2,3108,4428.291245336085,85
2257,one_parent,13,False,2,3108,4428.291245336085,112
2258,one_parent,13,False,2,3111,4427.150341838454,70
2259,one_parent,13,False,2,96,-30.031847133757957,195
2260,one_parent,13,False,2,3111,4427.150341838454,63
2261,one_parent,13,False,3,14406,19722.429286089144,27,4737,6330.660590329495,68
2262,one_parent,13,False,2,10926,15189.276339651018,42
2263,one_parent,13,False,2,3108,4428.291245336085,76
2264,one_parent,13,False,2,10926,15189.276339651018,48
2265,one_parent,13,False,2,960,1299.7224081776353,146
2266,one_parent,13,False,2,3111,4427.150341838454,58
2267,one_parent,13,False,2,3108,4428.291245336085,133
2268,one_parent,13,False,3,14406,19722.429286089144,14,4737,6330.660590329495,59
2269,one_parent,13,False,4,10926,15189.276339651018,38,7299,9945.91658823431,1,2262,3049.18747670763,112
2270,one_parent,13,False,5,14406,19722.429286089144,5,4737,6330.660590329495,26,9768,13452.781002642154,5,4533,6004.946785368514,84
2271,one_parent,13,False,2,3108,4428.291245336085,123
2272,one_parent,13,False,2,96,-30.031847133757957,191
2273,one_parent,13,False,2,96,-30.031847133757957,194
2274,one_parent,13,False,3,14406,19722.429286089144,2,4737,6330.660590329495,102
2275,one_parent,13,False,2,3111,4427.150341838454,60
2276,one_parent,13,False,2,3111,4427.150341838454,65
2277,one_parent,13,False,2,144,20.414012738853515,182
2278,one_parent,13,False,2,990,1204.196981936431,143
2279,one_parent,13,False,2,144,20.414012738853515,183
2280,two_parent,14,False,2,213,114.19811320754718,156
2281,two_parent,14,False,2,96,-74.48113207547169,198
2282,two_parent,14,False,2,4737,6330.660590329495,119
2283,two_parent,14,False,4,4737,6330.660590329495,9,9768,13452.781002642154,0,4533,6004.946785368514,43
2284,two_parent,14,False,2,4737,6330.660590329495,96
2285,two_parent,14,False,4,4737,6330.660590329495,33,9768,13452.781002642154,12,4533,6004.946785368514,127
2286,two_parent,14,False,2,4737,6330.660590329495,48
2287,two_parent,14,False,5,4737,6330.660590329495,25,9768,13452.781002642154,21,4533,6004.946785368514,31,1410,1874.1156054954422,57
2288,two_parent,14,False,2,210,-45.99056603773585,160
2289,two_parent,14,False,2,4737,6330.660590329495,88
2290,two_parent,14,False,2,144,5.330188679245289,182
2291,two_parent,14,False,2,210,-130.30660377358492,164
2292,two_parent,14,False,2,4737,6330.660590329495,73
2293,two_parent,14,False,2,4737,6330.660590329495,133
2294,two_parent,14,False,2,4737,6330.660590329495,130
2295,two_parent,14,False,2,96,-74.48113207547169,188
2296,two_parent,14,False,3,4671,6548.4880546317545,136,357,353.1619043769956,150
2297,two_parent,14,False,2,240,153.96226415094344,150
2298,two_parent,14,False,4,4737,6330.660590329495,7,9768,13452.781002642154,3,4533,6004.946785368514,106
2299,two_parent,14,False,2,207,104.08018867924525,167
2300,two_parent,14,False,2,1554,2125.7848943538156,143
2301,two_parent,14,False,4,4737,6330.660590329495,17,9768,13452.781002642154,20,4533,6004.946785368514,109
2302,two_parent,14,False,4,4737,6330.660590329495,13,9768,13452.781002642154,1,4533,6004.946785368514,42
2303,two_parent,14,False,2,96,-74.48113207547169,197
2304,two_parent,14,False,2,144,5.330188679245289,181
2305,two_parent,14,False,2,4737,6330.660590329495,112
2306,two_parent,14,False,2,240,174.90566037735846,149
2307,two_parent,14,False,2,4737,6330.660590329495,123
2308,two_parent,14,False,4,4737,6330.660590329495,10,9768,13452.781002642154,33,4533,6004.946785368514,147
2309,two_parent,14,False,2,4737,6330.660590329495,92
2310,two_parent,14,False,2,4737,6330.660590329495,54
2311,two_parent,14,False,2,1842,2215.8524710771057,142
2312,two_parent,14,False,2,243,37.19339622641509,148
2313,two_parent,14,False,2,270,189.9056603773585,146
2314,two_parent,14,False,4,4737,6330.660590329495,32,9768,13452.781002642154,7,4533,6004.946785368514,112
2315,two_parent,14,False,2,4737,6330.660590329495,51
2316,two_parent,14,False,2,210,-159.31603773584902,166
2317,two_parent,14,False,2,210,-139.66981132075475,165
2318,two_parent,14,False,4,4737,6330.660590329495,11,9768,13452.781002642154,30,4533,6004.946785368514,47
2319,two_parent,14,False,2,4737,6330.660590329495,135
2320,two_parent,14,False,5,4737,6330.660590329495,30,9768,13452.781002642154,13,4533,6004.946785368514,15,1410,1874.1156054954422,72
2321,two_parent,14,False,2,4737,6330.660590329495,107
2322,two_parent,14,False,4,4737,6330.660590329495,23,9768,13452.781002642154,25,4533,6004.946785368514,49
2323,two_parent,14,False,2,144,5.330188679245289,180
2324,two_parent,14,False,2,4737,6330.660590329495,42
2325,two_parent,14,False,2,4737,6330.660590329495,38
2326,two_parent,14,False,2,210,-45.63679245283019,159
2327,two_parent,14,False,2,4737,6330.660590329495,58
2328,two_parent,14,False,4,4737,6330.660590329495,36,9768,13452.781002642154,31,4533,6004.946785368514,93
2329,two_parent,14,False,2,4737,6330.660590329495,111
2330,two_parent,14,False,2,4737,6330.660590329495,81
2331,two_parent,14,False,2,4737,6330.660590329495,114
2332,two_parent,14,False,2,207,6.957547169811349,170
2333,two_parent,14,False,2,204,89.4575471698113,173
2334,two_parent,14,False,2,96,-74.48113207547169,196
2335,two_parent,14,False,5,4737,6330.660590329495,27,9768,13452.781002642154,4,4533,6004.946785368514,22,1410,1874.1156054954422,116
2336,two_parent,14,False,2,4737,6330.660590329495,127
2337,two_parent,14,False,2,4737,6330.660590329495,43
2338,two_parent,14,False,2,4737,6330.660590329495,61
2339,two_parent,14,False,4,4737,6330.660590329495,37,9768,13452.781002642154,9,4533,6004.946785368514,131
2340,two_parent,14,False,2,4737,6330.660590329495,82
2341,two_parent,14,False,2,210,-64.95283018867926,161
2342,two_parent,14,False,2,4737,6330.660590329495,39
2343,two_parent,14,False,2,180,-2.665094339622634,178
2344,two_parent,14,False,2,4737,6330.660590329495,53
2345,two_parent,14,False,2,4737,6330.660590329495,56
2346,two_parent,14,False,2,4737,6330.660590329495,86
2347,two_parent,14,False,2,255,165.89622641509436,147
2348,two_parent,14,False,2,228,86.34433962264151,152
2349,two_parent,14,False,2,96,-74.48113207547169,192
2350,two_parent,14,False,2,4737,6330.660590329495,100
2351,two_parent,14,False,2,96,-74.48113207547169,186
2352,two_parent,14,False,2,4737,6330.660590329495,72
2353,two_parent,14,False,4,4737,6330.660590329495,22,9768,13452.781002642154,17,4533,6004.946785368514,111
2354,two_parent,14,False,2,4737,6330.660590329495,52
2355,two_parent,14,False,5,4737,6330.660590329495,28,9768,13452.781002642154,34,4533,6004.946785368514,7,1410,1874.1156054954422,122
2356,two_parent,14,False,2,213,114.71698113207552,155
2357,two_parent,14,False,2,273,193.18396226415095,144
2358,two_parent,14,False,4,4737,6330.660590329495,16,9768,13452.781002642154,14,4533,6004.946785368514,113
2359,two_parent,14,False,2,144,5.330188679245289,184
2360,one_parent,14,False,2,4737,6330.660590329495,95
2361,one_parent,14,False,2,4737,6330.660590329495,129
2362,one_parent,14,False,4,4737,6330.660590329495,14,9768,13452.781002642154,10,4533,6004.946785368514,51
2363,one_parent,14,False,2,4737,6330.660590329495,69
2364,one_parent,14,False,2,96,-74.48113207547169,190
2365,one_parent,14,False,2,144,5.330188679245289,183
2366,one_parent,14,False,5,4737,6330.660590329495,15,9768,13452.781002642154,11,4533,6004.946785368514,26,1410,1874.1156054954422,59
2367,one_parent,14,False,2,210,40.70754716981132,157
2368,one_parent,14,False,2,210,-123.53773584905659,162
2369,one_parent,14,False,2,210,-126.79245283018868,163
2370,one_parent,14,False,2,4737,6330.660590329495,113
2371,one_parent,14,False,2,96,-74.48113207547169,191
2372,one_parent,14,False,2,204,75.23584905660374,174
2373,one_parent,14,False,2,4737,6330.660590329495,80
2374,one_parent,14,False,2,4737,6330.660590329495,104
2375,one_parent,14,False,2,204,95.14150943396228,172
2376,one_parent,14,False,2,2520,3088.314144444762,141
2377,one_parent,14,False,2,96,-74.48113207547169,187
2378,one_parent,14,False,2,4737,6330.660590329495,122
2379,one_parent,14,False,2,219,12.735849056603769,154
2380,one_parent,14,False,4,4737,6330.660590329495,12,9768,13452.781002642154,24,4533,6004.946785368514,137
2381,one_parent,14,False,2,4737,6330.660590329495,40
2382,one_parent,14,False,2,207,77.99528301886797,168
2383,one_parent,14,False,2,4737,6330.660590329495,65
2384,one_parent,14,False,2,4737,6330.660590329495,118
2385,one_parent,14,False,5,4737,6330.660590329495,19,9768,13452.781002642154,2,4533,6004.946785368514,5,1410,1874.1156054954422,56
2386,one_parent,14,False,2,4737,6330.660590329495,71
2387,one_parent,14,False,2,4737,6330.660590329495,131
2388,one_parent,14,False,2,96,-74.48113207547169,195
2389,one_parent,14,False,2,4737,6330.660590329495,99
2390,one_parent,14,False,2,4737,6330.660590329495,46
2391,one_parent,14,False,2,2535,3314.040892113993,140
2392,one_parent,14,False,2,4737,6330.660590329495,91
2393,one_parent,14,False,2,96,-74.48113207547169,199
2394,one_parent,14,False,4,4737,6330.660590329495,31,9768,13452.781002642154,35,4533,6004.946785368514,136
2395,one_parent,14,False,2,4737,6330.660590329495,47
2396,one_parent,14,False,2,225,138.63207547169813,153
2397,one_parent,14,False,2,210,-9.976415094339622,158
2398,one_parent,14,False,2,4737,6330.660590329495,110
2399,one_parent,14,False,2,4737,6330.660590329495,62
2400,one_parent,14,False,4,4737,6330.660590329495,24,9768,13452.781002642154,28,4533,6004.946785368514,63
2401,one_parent,14,False,2,96,-74.48113207547169,189
2402,one_parent,14,False,2,96,-74.48113207547169,194
2403,one_parent,14,False,2,204,-43.77358490566038,176
2404,one_parent,14,False,2,207,65.54245283018867,169
2405,one_parent,14,False,2,4737,6330.660590329495,74
2406,one_parent,14,False,2,4737,6330.660590329495,83
2407,one_parent,14,False,4,4737,6330.660590329495,21,9768,13452.781002642154,26,4533,6004.946785368514,76
2408,one_parent,14,False,2,4737,6330.660590329495,98
2409,one_parent,14,False,2,192,23.844339622641485,177
2410,one_parent,14,False,2,4737,6330.660590329495,115
2411,one_parent,14,False,2,4737,6330.660590329495,121
2412,one_parent,14,False,2,2562,3073.637347813932,138
2413,one_parent,14,False,2,4737,6330.660590329495,108
2414,one_parent,14,False,2,4737,6330.660590329495,120
2415,one_parent,14,False,4,4737,6330.660590329495,8,9768,13452.781002642154,8,4533,6004.946785368514,123
2416,one_parent,14,False,4,4737,6330.660590329495,34,9768,13452.781002642154,22,4533,6004.946785368514,60
2417,one_parent,14,False,2,4737,6330.660590329495,67
2418,one_parent,14,False,2,4737,6330.660590329495,79
2419,one_parent,14,False,2,4737,6330.660590329495,109
2420,one_parent,14,False,2,207,-97.52358490566041,171
2421,one_parent,14,False,2,270,194.8349056603773,145
2422,one_parent,14,False,2,4737,6330.660590329495,124
2423,one_parent,14,False,2,228,121.58018867924534,151
2424,one_parent,14,False,2,153,2.7830188679245396,179
2425,one_parent,14,False,4,4737,6330.660590329495,29,9768,13452.781002642154,16,4533,6004.946785368514,45
2426,one_parent,14,False,2,4737,6330.660590329495,132
2427,one_parent,14,False,3,4668,6373.361097583639,137,2250,3057.146312239148,138
2428,one_parent,14,False,2,4737,6330.660590329495,103
2429,one_parent,14,False,2,4737,6330.660590329495,126
2430,one_parent,14,False,2,4737,6330.660590329495,87
2431,one_parent,14,False,2,2544,3348.233684554065,139
2432,one_parent,14,False,2,4737,6330.660590329495,57
2433,one_parent,14,False,2,4737,6330.660590329495,128
2434,one_parent,14,False,2,96,-74.48113207547169,185
2435,one_parent,14,False,2,96,-74.48113207547169,193
2436,one_parent,14,False,2,4737,6330.660590329495,76
2437,one_parent,14,False,2,4737,6330.660590329495,64
2438,one_parent,14,False,2,4737,6330.660590329495,44
2439,one_parent,14,False,2,204,31.79245283018868,175
2440,two_parent,15,False,2,2262,3049.18747670763,102
2441,two_parent,15,False,2,351,230.20046073636985,161
2442,two_parent,15,False,2,2262,3049.18747670763,55
2443,two_parent,15,False,2,2262,3049.18747670763,78
2444,two_parent,15,False,2,2262,3049.18747670763,111
2445,two_parent,15,False,2,2262,3049.18747670763,84
2446,two_parent,15,False,3,7593,11077.947022953029,36,3681,5191.419456078393,149
2447,two_parent,15,False,2,2262,3049.18747670763,132
2448,two_parent,15,False,2,2262,3049.18747670763,101
2449,two_parent,15,False,2,2262,3049.18747670763,114
2450,two_parent,15,False,2,2262,3049.18747670763,104
2451,two_parent,15,False,2,2262,3049.18747670763,67
2452,two_parent,15,False,3,9768,13452.781002642154,29,4533,6004.946785368514,105
2453,two_parent,15,False,2,96,-17.951541850220266,191
2454,two_parent,15,False,2,2262,3049.18747670763,115
2455,two_parent,15,False,2,2262,3049.18747670763,96
2456,two_parent,15,False,2,2262,3049.18747670763,93
2457,two_parent,15,False,2,96,-17.951541850220266,195
2458,two_parent,15,False,2,2262,3049.18747670763,88
2459,two_parent,15,False,2,2262,3049.18747670763,75
2460,two_parent,15,False,2,2262,3049.18747670763,79
2461,two_parent,15,False,2,2262,3049.18747670763,131
2462,two_parent,15,False,2,2262,3049.18747670763,113
2463,two_parent,15,False,2,2262,3049.18747670763,110
2464,two_parent,15,False,2,144,42.18061674008811,184
2465,two_parent,15,False,2,2262,3049.18747670763,57
2466,two_parent,15,False,2,351,234.03164531382612,160
2467,two_parent,15,False,3,9768,13452.781002642154,6,4533,6004.946785368514,82
2468,two_parent,15,False,2,207,77.00440528634354,177
2469,two_parent,15,False,2,2262,3049.18747670763,63
2470,two_parent,15,False,2,2262,3049.18747670763,69
2471,two_parent,15,False,2,2262,3049.18747670763,119
2472,two_parent,15,False,2,2262,3049.18747670763,42
2473,two_parent,15,False,2,372,321.00846704118334,147
2474,two_parent,15,False,2,2262,3049.18747670763,120
2475,two_parent,15,False,2,2262,3049.18747670763,135
2476,two_parent,15,False,2,96,-17.951541850220266,199
2477,two_parent,15,False,2,2262,3049.18747670763,51
2478,two_parent,15,False,2,2262,3049.18747670763,56
2479,two_parent,15,False,2,357,296.1338560400923,152
2480,two_parent,15,False,2,351,252.35814169664155,159
2481,two_parent,15,False,3,9768,13452.781002642154,23,4533,6004.946785368514,142
2482,two_parent,15,False,2,96,-17.951541850220266,188
2483,two_parent,15,False,2,2262,3049.18747670763,58
2484,two_parent,15,False,2,2262,3049.18747670763,52
2485,two_parent,15,False,2,96,-17.951541850220266,198
2486,two_parent,15,False,2,195,100.28634361233483,178
2487,two_parent,15,False,2,2262,3049.18747670763,76
2488,two_parent,15,False,2,354,203.880996645516,155
2489,two_parent,15,False,2,2262,3049.18747670763,137
2490,two_parent,15,False,2,243,187.05947136563876,169
2491,two_parent,15,False,2,2262,3049.18747670763,74
2492,two_parent,15,False,2,351,271.099806005739,158
2493,two_parent,15,False,2,2262,3049.18747670763,54
2494,two_parent,15,False,2,2262,3049.18747670763,97
2495,two_parent,15,False,2,2262,3049.18747670763,91
2496,two_parent,15,False,2,2262,3049.18747670763,62
2497,two_parent,15,False,2,2262,3049.18747670763,116
2498,two_parent,15,False,2,2262,3049.18747670763,44
2499,two_parent,15,False,2,2262,3049.18747670763,40
2500,two_parent,15,False,3,6891,10312.258368595947,38,810,1066.1916312280007,153
2501,two_parent,15,False,2,186,81.91629955947135,180
2502,two_parent,15,False,2,2262,3049.18747670763,47
2503,two_parent,15,False,2,2262,3049.18747670763,105
2504,two_parent,15,False,2,2262,3049.18747670763,122
2505,two_parent,15,False,2,2262,3049.18747670763,90
2506,two_parent,15,False,2,2262,3049.18747670763,71
2507,two_parent,15,False,2,2238,3051.4448614045928,141
2508,two_parent,15,False,2,96,-17.951541850220266,189
2509,two_parent,15,False,2,2262,3049.18747670763,73
2510,two_parent,15,False,2,351,286.1483045709898,157
2511,two_parent,15,False,2,2262,3049.18747670763,80
2512,two_parent,15,False,2,2262,3049.18747670763,68
2513,two_parent,15,False,3,7557,11273.783602355965,37,795,1012.7764682903585,154
2514,two_parent,15,False,2,237,138.61233480176213,170
2515,two_parent,15,False,2,348,246.53892009861397,166
2516,two_parent,15,False,2,96,-17.951541850220266,187
2517,two_parent,15,False,3,9768,13452.781002642154,15,4533,6004.946785368514,132
2518,two_parent,15,False,2,2262,3049.18747670763,108
2519,two_parent,15,False,2,144,42.18061674008811,182
2520,one_parent,15,False,2,2262,3049.18747670763,126
2521,one_parent,15,False,2,144,42.18061674008811,185
2522,one_parent,15,False,2,144,42.18061674008811,186
2523,one_parent,15,False,2,2262,3049.18747670763,85
2524,one_parent,15,False,2,2262,3049.18747670763,48
2525,one_parent,15,False,2,96,-17.951541850220266,194
2526,one_parent,15,False,2,2262,3049.18747670763,121
2527,one_parent,15,False,2,2262,3049.18747670763,64
2528,one_parent,15,False,2,2262,3049.18747670763,103
2529,one_parent,15,False,2,246,185.5616740088106,168
2530,one_parent,15,False,2,372,332.1267631249244,146
2531,one_parent,15,False,2,2262,3049.18747670763,53
2532,one_parent,15,False,2,2262,3049.18747670763,94
2533,one_parent,15,False,2,2262,3049.18747670763,61
2534,one_parent,15,False,2,2250,3057.146312239148,139
2535,one_parent,15,False,2,96,-17.951541850220266,196
2536,one_parent,15,False,2,2262,3049.18747670763,133
2537,one_parent,15,False,2,2262,3049.18747670763,99
2538,one_parent,15,False,2,2262,3049.18747670763,117
2539,one_parent,15,False,2,2262,3049.18747670763,81
2540,one_parent,15,False,2,2262,3049.18747670763,123
2541,one_parent,15,False,2,372,424.28767732287935,145
2542,one_parent,15,False,2,96,-17.951541850220266,190
2543,one_parent,15,False,2,210,116.06828193832595,173
2544,one_parent,15,False,2,2262,3049.18747670763,100
2545,one_parent,15,False,2,2262,3049.18747670763,128
2546,one_parent,15,False,2,2262,3049.18747670763,129
2547,one_parent,15,False,2,2262,3049.18747670763,43
2548,one_parent,15,False,2,2262,3049.18747670763,107
2549,one_parent,15,False,2,2262,3049.18747670763,66
2550,one_parent,15,False,2,348,304.2760578749545,164
2551,one_parent,15,False,3,2223,3100.137654166853,142,357,349.59743107769435,164
2552,one_parent,15,False,2,2262,3049.18747670763,70
2553,one_parent,15,False,2,210,109.97797356828195,174
2554,one_parent,15,False,2,357,353.1619043769956,148
2555,one_parent,15,False,2,354,209.92816150022222,154
2556,one_parent,15,False,2,2262,3049.18747670763,127
2557,one_parent,15,False,2,2262,3049.18747670763,45
2558,one_parent,15,False,2,2262,3049.18747670763,50
2559,one_parent,15,False,2,351,203.9301014428323,163
2560,one_parent,15,False,2,408,433.9199975750715,143
2561,one_parent,15,False,2,96,-17.951541850220266,192
2562,one_parent,15,False,2,351,388.2658731762518,156
2563,one_parent,15,False,2,144,42.18061674008811,181
2564,one_parent,15,False,2,2262,3049.18747670763,72
2565,one_parent,15,False,2,357,353.1619043769956,149
2566,one_parent,15,False,2,2262,3049.18747670763,134
2567,one_parent,15,False,2,357,304.72517479691237,151
2568,one_parent,15,False,2,2262,3049.18747670763,125
2569,one_parent,15,False,2,2262,3049.18747670763,118
2570,one_parent,15,False,2,216,95.34140969162996,172
2571,one_parent,15,False,2,2262,3049.18747670763,130
2572,one_parent,15,False,2,96,-17.951541850220266,197
2573,one_parent,15,False,2,2262,3049.18747670763,59
2574,one_parent,15,False,2,2262,3049.18747670763,95
2575,one_parent,15,False,2,354,210.98452087459094,153
2576,one_parent,15,False,2,186,103.79955947136565,179
2577,one_parent,15,False,2,144,42.18061674008811,183
2578,one_parent,15,False,2,2262,3049.18747670763,87
2579,one_parent,15,False,2,2244,2959.2583371330506,140
2580,one_parent,15,False,2,2262,3049.18747670763,77
2581,one_parent,15,False,2,351,226.32279836721494,162
2582,one_parent,15,False,2,96,-17.951541850220266,193
2583,one_parent,15,False,2,2262,3049.18747670763,124
2584,one_parent,15,False,2,2262,3049.18747670763,83
2585,one_parent,15,False,2,234,169.38325991189427,171
2586,one_parent,15,False,2,2262,3049.18747670763,89
2587,one_parent,15,False,2,255,200.17621145374454,167
2588,one_parent,15,False,2,378,428.4968475932585,144
2589,one_parent,15,False,2,2262,3049.18747670763,136
2590,one_parent,15,False,2,2262,3049.18747670763,82
2591,one_parent,15,False,2,2262,3049.18747670763,98
2592,one_parent,15,False,2,2262,3049.18747670763,39
2593,one_parent,15,False,2,210,106.5418502202644,175
2594,one_parent,15,False,2,2262,3049.18747670763,106
2595,one_parent,15,False,2,210,103.73348017621149,176
2596,one_parent,15,False,2,2262,3049.18747670763,65
2597,one_parent,15,False,3,9768,13452.781002642154,19,4533,6004.946785368514,69
2598,one_parent,15,False,2,348,278.8980721820314,165
2599,one_parent,15,False,2,2262,3049.18747670763,86
2600,two_parent,16,False,2,96,-17.96052631578948,189
2601,two_parent,16,False,2,4533,6004.946785368514,79
2602,two_parent,16,False,2,348,307.29019239274663,176
2603,two_parent,16,False,2,96,-17.96052631578948,196
2604,two_parent,16,False,2,4533,6004.946785368514,86
2605,two_parent,16,False,2,372,319.1191213327435,161
2606,two_parent,16,False,2,4533,6004.946785368514,70
2607,two_parent,16,False,2,4533,6004.946785368514,85
2608,two_parent,16,False,2,4533,6004.946785368514,100
2609,two_parent,16,False,2,4533,6004.946785368514,46
2610,two_parent,16,False,2,4533,6004.946785368514,103
2611,two_parent,16,False,3,4533,6004.946785368514,39,1410,1874.1156054954422,73
2612,two_parent,16,False,4,4533,6004.946785368514,27,1410,1874.1156054954422,37,3384,4741.712898931374,142
2613,two_parent,16,False,2,381,361.3642562288075,159
2614,two_parent,16,False,2,4533,6004.946785368514,124
2615,two_parent,16,False,3,4533,6004.946785368514,38,1410,1874.1156054954422,135
2616,two_parent,16,False,3,4533,6004.946785368514,28,1410,1874.1156054954422,64
2617,two_parent,16,False,3,4533,6004.946785368514,11,1410,1874.1156054954422,74
2618,two_parent,16,False,2,4533,6004.946785368514,77
2619,two_parent,16,False,3,4533,6004.946785368514,35,1410,1874.1156054954422,46
2620,two_parent,16,False,3,4533,6004.946785368514,17,1410,1874.1156054954422,52
2621,two_parent,16,False,2,4533,6004.946785368514,98
2622,two_parent,16,False,2,4533,6004.946785368514,72
2623,two_parent,16,False,2,4533,6004.946785368514,67
2624,two_parent,16,False,2,96,-17.96052631578948,199
2625,two_parent,16,False,2,4533,6004.946785368514,53
2626,two_parent,16,False,2,216,117.90570175438597,180
2627,two_parent,16,False,2,4533,6004.946785368514,92
2628,two_parent,16,False,2,4533,6004.946785368514,118
2629,two_parent,16,False,2,336,274.84059413239,178
2630,two_parent,16,False,2,786,1044.8522026814032,155
2631,two_parent,16,False,2,4533,6004.946785368514,78
2632,two_parent,16,False,2,4533,6004.946785368514,146
2633,two_parent,16,False,2,4533,6004.946785368514,74
2634,two_parent,16,False,2,4533,6004.946785368514,64
2635,two_parent,16,False,2,4533,6004.946785368514,59
2636,two_parent,16,False,2,351,203.01332375055273,175
2637,two_parent,16,False,2,4533,6004.946785368514,96
2638,two_parent,16,False,2,4533,6004.946785368514,44
2639,two_parent,16,False,3,4533,6004.946785368514,19,1410,1874.1156054954422,129
2640,two_parent,16,False,2,4533,6004.946785368514,87
2641,two_parent,16,False,2,4533,6004.946785368514,97
2642,two_parent,16,False,2,4533,6004.946785368514,129
2643,two_parent,16,False,2,411,426.8939812767209,156
2644,two_parent,16,False,2,96,-17.96052631578948,195
2645,two_parent,16,False,3,4533,6004.946785368514,2,1410,1874.1156054954422,130
2646,two_parent,16,False,2,144,42.54385964912282,187
2647,two_parent,16,False,2,351,298.1526426360019,172
2648,two_parent,16,False,2,4533,6004.946785368514,41
2649,two_parent,16,False,2,4533,6004.946785368514,125
2650,two_parent,16,False,2,96,-17.96052631578948,191
2651,two_parent,16,False,2,96,-17.96052631578948,194
2652,two_parent,16,False,2,4533,6004.946785368514,81
2653,two_parent,16,False,3,4533,6004.946785368514,34,1410,1874.1156054954422,42
2654,two_parent,16,False,3,4533,6004.946785368514,14,1410,1874.1156054954422,43
2655,two_parent,16,False,2,3669,5148.090161480148,150
2656,two_parent,16,False,2,351,215.50770308123248,174
2657,two_parent,16,False,2,4533,6004.946785368514,143
2658,two_parent,16,False,2,4533,6004.946785368514,144
2659,two_parent,16,False,2,96,-17.96052631578948,192
2660,two_parent,16,False,3,4533,6004.946785368514,8,1410,1874.1156054954422,114
2661,two_parent,16,False,2,4533,6004.946785368514,140
2662,two_parent,16,False,2,207,74.35307017543859,182
2663,two_parent,16,False,2,210,79.4736842105263,181
2664,two_parent,16,False,2,4533,6004.946785368514,134
2665,two_parent,16,False,2,4533,6004.946785368514,107
2666,two_parent,16,False,2,96,-17.96052631578948,188
2667,two_parent,16,False,2,4533,6004.946785368514,40
2668,two_parent,16,False,2,96,-17.96052631578948,197
2669,two_parent,16,False,2,4533,6004.946785368514,141
2670,two_parent,16,False,2,255,201.6118421052631,179
2671,two_parent,16,False,4,4533,6004.946785368514,33,1410,1874.1156054954422,35,3384,4741.712898931374,135
2672,two_parent,16,False,2,174,61.21710526315792,184
2673,two_parent,16,False,2,4533,6004.946785368514,61
2674,two_parent,16,False,3,4533,6004.946785368514,36,1410,1874.1156054954422,62
2675,two_parent,16,False,3,4533,6004.946785368514,24,1410,1874.1156054954422,48
2676,two_parent,16,False,2,4533,6004.946785368514,115
2677,two_parent,16,False,2,348,277.4392783429162,177
2678,two_parent,16,False,2,369,335.52889576883393,162
2679,two_parent,16,False,2,4533,6004.946785368514,91
2680,one_parent,16,False,2,357,345.48300899307105,165
2681,one_parent,16,False,2,354,230.4420057496681,170
2682,one_parent,16,False,3,4533,6004.946785368514,1,1410,1874.1156054954422,75
2683,one_parent,16,False,2,96,-17.96052631578948,190
2684,one_parent,16,False,2,4533,6004.946785368514,66
2685,one_parent,16,False,2,357,238.02797434763363,166
2686,one_parent,16,False,2,3537,4771.542712649673,151
2687,one_parent,16,False,5,10863,15574.841838204682,0,14406,20577.565988089842,4,11151,16280.678914245273,36,207,126.38613861386139,155
2688,one_parent,16,False,2,4533,6004.946785368514,117
2689,one_parent,16,False,3,4533,6004.946785368514,21,1410,1874.1156054954422,107
2690,one_parent,16,False,2,4533,6004.946785368514,54
2691,one_parent,16,False,2,159,49.100877192982466,185
2692,one_parent,16,False,2,4533,6004.946785368514,138
2693,one_parent,16,False,3,4533,6004.946785368514,4,1410,1874.1156054954422,102
2694,one_parent,16,False,2,4533,6004.946785368514,62
2695,one_parent,16,False,2,4533,6004.946785368514,130
2696,one_parent,16,False,2,4533,6004.946785368514,99
2697,one_parent,16,False,2,4533,6004.946785368514,71
2698,one_parent,16,False,3,4533,6004.946785368514,29,1410,1874.1156054954422,87
2699,one_parent,16,False,2,4533,6004.946785368514,119
2700,one_parent,16,False,2,4533,6004.946785368514,94
2701,one_parent,16,False,2,4533,6004.946785368514,145
2702,one_parent,16,False,2,360,250.80025431225124,163
2703,one_parent,16,False,2,354,286.60594500958285,168
2704,one_parent,16,False,2,4533,6004.946785368514,68
2705,one_parent,16,False,3,4533,6004.946785368514,37,1410,1874.1156054954422,49
2706,one_parent,16,False,2,4533,6004.946785368514,120
2707,one_parent,16,False,2,4533,6004.946785368514,126
2708,one_parent,16,False,2,4533,6004.946785368514,80
2709,one_parent,16,False,2,4533,6004.946785368514,52
2710,one_parent,16,False,2,4533,6004.946785368514,148
2711,one_parent,16,False,2,4533,6004.946785368514,75
2712,one_parent,16,False,2,96,-17.96052631578948,193
2713,one_parent,16,False,2,4533,6004.946785368514,108
2714,one_parent,16,False,3,4533,6004.946785368514,10,1410,1874.1156054954422,80
2715,one_parent,16,False,2,4533,6004.946785368514,89
2716,one_parent,16,False,2,381,363.0735846970365,158
2717,one_parent,16,False,2,354,357.8949211263451,167
2718,one_parent,16,False,2,4533,6004.946785368514,48
2719,one_parent,16,False,2,4533,6004.946785368514,55
2720,one_parent,16,False,2,4533,6004.946785368514,56
2721,one_parent,16,False,2,4533,6004.946785368514,121
2722,one_parent,16,False,2,4533,6004.946785368514,88
2723,one_parent,16,False,2,96,-17.96052631578948,198
2724,one_parent,16,False,2,4533,6004.946785368514,58
2725,one_parent,16,False,4,4533,6004.946785368514,30,1410,1874.1156054954422,32,3384,4741.712898931374,140
2726,one_parent,16,False,2,4533,6004.946785368514,139
2727,one_parent,16,False,3,4533,6004.946785368514,20,1410,1874.1156054954422,90
2728,one_parent,16,False,3,4533,6004.946785368514,32,1410,1874.1156054954422,106
2729,one_parent,16,False,2,4533,6004.946785368514,101
2730,one_parent,16,False,2,4533,6004.946785368514,73
2731,one_parent,16,False,3,4533,6004.946785368514,6,1410,1874.1156054954422,86
2732,one_parent,16,False,2,4533,6004.946785368514,50
2733,one_parent,16,False,2,4533,6004.946785368514,102
2734,one_parent,16,False,3,4533,6004.946785368514,3,1410,1874.1156054954422,126
2735,one_parent,16,False,2,4533,6004.946785368514,83
2736,one_parent,16,False,2,4533,6004.946785368514,135
2737,one_parent,16,False,2,4533,6004.946785368514,128
2738,one_parent,16,False,3,4533,6004.946785368514,13,1410,1874.1156054954422,81
2739,one_parent,16,False,2,378,316.26888913460107,160
2740,one_parent,16,False,2,180,70.27412280701752,183
2741,one_parent,16,False,2,4533,6004.946785368514,65
2742,one_parent,16,False,2,399,459.63585434173694,157
2743,one_parent,16,False,2,4533,6004.946785368514,114
2744,one_parent,16,False,2,4533,6004.946785368514,90
2745,one_parent,16,False,2,354,233.67508845643505,169
2746,one_parent,16,False,2,351,248.72843874391867,173
2747,one_parent,16,False,3,4533,6004.946785368514,16,1410,1874.1156054954422,60
2748,one_parent,16,False,3,4533,6004.946785368514,25,1410,1874.1156054954422,89
2749,one_parent,16,False,2,816,1032.6505167546195,152
2750,one_parent,16,False,2,4533,6004.946785368514,95
2751,one_parent,16,False,2,4533,6004.946785368514,57
2752,one_parent,16,False,2,4533,6004.946785368514,133
2753,one_parent,16,False,2,4533,6004.946785368514,116
2754,one_parent,16,False,2,354,229.8853752027128,171
2755,one_parent,16,False,2,4533,6004.946785368514,104
2756,one_parent,16,False,3,4533,6004.946785368514,18,1410,1874.1156054954422,79
2757,one_parent,16,False,3,4533,6004.946785368514,23,1410,1874.1156054954422,100
2758,one_parent,16,False,2,4533,6004.946785368514,122
2759,one_parent,16,False,2,144,42.54385964912282,186
2760,two_parent,17,False,2,1416,1870.053209415042,31
2761,two_parent,17,False,2,1410,1874.1156054954422,98
2762,two_parent,17,False,2,780,729.3447600997916,150
2763,two_parent,17,False,2,825,816.0785927947531,142
2764,two_parent,17,False,2,789,819.1196392793634,148
2765,two_parent,17,False,2,510,545.4889369209225,159
2766,two_parent,17,False,2,144,50.33333333333333,192
2767,two_parent,17,False,2,1377,1869.875716357368,138
2768,two_parent,17,False,3,1680,2183.6166136791476,30,11187,15260.384004790942,2
2769,two_parent,17,False,2,144,50.33333333333333,187
2770,two_parent,17,False,2,1410,1874.1156054954422,55
2771,two_parent,17,False,2,360,281.21672322775254,167
2772,two_parent,17,False,2,384,348.9666760935144,162
2773,two_parent,17,False,2,369,273.580552413273,166
2774,two_parent,17,False,2,1410,1874.1156054954422,63
2775,two_parent,17,False,2,96,-17.705882352941174,194
2776,two_parent,17,False,3,1410,1874.1156054954422,36,3384,4741.712898931374,139
2777,two_parent,17,False,3,14406,19236.986716450305,24,3387,4693.584936374548,133
2778,two_parent,17,False,2,831,1045.628167621814,141
2779,two_parent,17,False,2,558,507.4642789808229,153
2780,two_parent,17,False,3,4422,6525.1261624820545,26,1095,1534.46989603648,149
2781,two_parent,17,False,2,144,50.33333333333333,185
2782,two_parent,17,False,2,1410,1874.1156054954422,125
2783,two_parent,17,False,3,14406,20353.128600700562,21,3384,4927.573726079805,134
2784,two_parent,17,False,2,1410,1874.1156054954422,127
2785,two_parent,17,False,3,4383,5985.688349873342,27,1071,1365.4774311075462,151
2786,two_parent,17,False,2,144,50.33333333333333,188
2787,two_parent,17,False,2,144,50.33333333333333,191
2788,two_parent,17,False,2,1410,1874.1156054954422,104
2789,two_parent,17,False,2,1410,1874.1156054954422,95
2790,two_parent,17,False,3,14406,20577.565988089842,14,11151,16280.678914245273,104
2791,two_parent,17,False,3,14406,20577.565988089842,19,11151,16280.678914245273,87
2792,two_parent,17,False,2,249,194.2549019607843,171
2793,two_parent,17,False,2,786,953.4276348139722,149
2794,two_parent,17,False,2,1410,1874.1156054954422,115
2795,two_parent,17,False,3,1410,1874.1156054954422,39,3384,4741.712898931374,141
2796,two_parent,17,False,2,1410,1874.1156054954422,96
2797,two_parent,17,False,2,1410,1874.1156054954422,51
2798,two_parent,17,False,2,510,560.3477564102569,158
2799,two_parent,17,False,2,1086,1250.0759655360725,139
2800,two_parent,17,False,3,4449,6399.75260493317,25,1098,1518.626290631441,148
2801,two_parent,17,False,2,1410,1874.1156054954422,121
2802,two_parent,17,False,2,210,138.39215686274503,175
2803,two_parent,17,False,2,792,994.4149249711375,147
2804,two_parent,17,False,3,1410,1874.1156054954422,33,3384,4741.712898931374,138
2805,two_parent,17,False,2,813,1094.4395345911043,144
2806,two_parent,17,False,4,14406,19615.898603390444,23,14406,19450.84906100394,1,207,149.6287128712871,86
2807,two_parent,17,False,2,1410,1874.1156054954422,68
2808,two_parent,17,False,2,717,868.9554365977161,151
2809,two_parent,17,False,3,1380,1909.501520297647,137,2979,4342.978544939264,144
2810,two_parent,17,False,2,795,784.0382891015199,146
2811,two_parent,17,False,2,144,50.33333333333333,190
2812,two_parent,17,False,3,1410,1874.1156054954422,38,3384,4741.712898931374,137
2813,two_parent,17,False,4,14406,20577.565988089842,15,11151,16280.678914245273,30,207,126.38613861386139,140
2814,two_parent,17,False,3,14406,20577.565988089842,16,11151,16280.678914245273,120
2815,two_parent,17,False,3,1410,1874.1156054954422,34,3384,4741.712898931374,136
2816,two_parent,17,False,2,222,151.49999999999997,173
2817,two_parent,17,False,2,522,456.83459249084257,155
2818,two_parent,17,False,2,1410,1874.1156054954422,65
2819,two_parent,17,False,2,1410,1874.1156054954422,124
2820,two_parent,17,False,2,795,812.4219527966188,145
2821,two_parent,17,False,2,510,567.7134642318458,157
2822,two_parent,17,False,2,1410,1874.1156054954422,119
2823,two_parent,17,False,2,348,289.97709276018105,170
2824,two_parent,17,False,2,183,81.19607843137251,181
2825,two_parent,17,False,2,96,-17.705882352941174,198
2826,two_parent,17,False,2,558,507.4642789808229,154
2827,two_parent,17,False,4,14406,19615.898603390444,22,14406,19450.84906100394,0,207,149.6287128712871,63
2828,two_parent,17,False,2,825,816.0785927947531,143
2829,two_parent,17,False,2,156,57.9607843137255,183
2830,two_parent,17,False,4,14406,20577.565988089842,11,11151,16280.678914245273,26,207,126.38613861386139,116
2831,two_parent,17,False,2,1410,1874.1156054954422,69
2832,two_parent,17,False,2,1410,1874.1156054954422,99
2833,two_parent,17,False,2,384,324.8795248868779,163
2834,two_parent,17,False,2,1410,1874.1156054954422,84
2835,two_parent,17,False,2,96,-17.705882352941174,193
2836,two_parent,17,False,2,1410,1874.1156054954422,67
2837,two_parent,17,False,2,1410,1874.1156054954422,91
2838,two_parent,17,False,2,840,853.3818901412458,140
2839,two_parent,17,False,2,510,580.0151772247367,156
2840,one_parent,17,False,2,1410,1874.1156054954422,120
2841,one_parent,17,False,2,708,703.8446805645339,152
2842,one_parent,17,False,2,1410,1874.1156054954422,111
2843,one_parent,17,False,2,144,50.33333333333333,186
2844,one_parent,17,False,2,1410,1874.1156054954422,54
2845,one_parent,17,False,2,96,-17.705882352941174,199
2846,one_parent,17,False,4,14406,20577.565988089842,17,11151,16280.678914245273,35,207,126.38613861386139,143
2847,one_parent,17,False,2,1410,1874.1156054954422,45
2848,one_parent,17,False,2,204,96.0882352941176,179
2849,one_parent,17,False,2,387,368.6496512066366,161
2850,one_parent,17,False,2,1410,1874.1156054954422,110
2851,one_parent,17,False,3,14406,20577.565988089842,10,11151,16280.678914245273,129
2852,one_parent,17,False,2,153,57.09803921568627,184
2853,one_parent,17,False,2,1410,1874.1156054954422,76
2854,one_parent,17,False,3,14406,20577.565988089842,0,11151,16280.678914245273,77
2855,one_parent,17,False,3,14406,20577.565988089842,6,11151,16280.678914245273,73
2856,one_parent,17,False,2,1410,1874.1156054954422,58
2857,one_parent,17,False,2,210,101.68627450980392,176
2858,one_parent,17,False,3,14406,20577.565988089842,3,11151,16280.678914245273,58
2859,one_parent,17,False,2,1410,1874.1156054954422,118
2860,one_parent,17,False,3,14406,20577.565988089842,12,11151,16280.678914245273,75
2861,one_parent,17,False,2,1410,1874.1156054954422,47
2862,one_parent,17,False,2,96,-17.705882352941174,195
2863,one_parent,17,False,2,1410,1874.1156054954422,92
2864,one_parent,17,False,3,14406,20577.565988089842,8,11151,16280.678914245273,121
2865,one_parent,17,False,2,1410,1874.1156054954422,134
2866,one_parent,17,False,2,1410,1874.1156054954422,88
2867,one_parent,17,False,2,1410,1874.1156054954422,50
2868,one_parent,17,False,4,14406,20577.565988089842,18,11151,16280.678914245273,31,207,126.38613861386139,147
2869,one_parent,17,False,2,351,313.5380844645549,169
2870,one_parent,17,False,2,1410,1874.1156054954422,136
2871,one_parent,17,False,2,1410,1874.1156054954422,85
2872,one_parent,17,False,4,14406,20577.565988089842,13,11151,16280.678914245273,13,207,126.38613861386139,105
2873,one_parent,17,False,2,1410,1874.1156054954422,70
2874,one_parent,17,False,2,360,277.60614630467563,168
2875,one_parent,17,False,2,1410,1874.1156054954422,132
2876,one_parent,17,False,2,195,99.92156862745105,180
2877,one_parent,17,False,2,372,271.5884709653091,165
2878,one_parent,17,False,2,1410,1874.1156054954422,53
2879,one_parent,17,False,2,1410,1874.1156054954422,131
2880,one_parent,17,False,2,1410,1874.1156054954422,117
2881,one_parent,17,False,2,96,-17.705882352941174,196
2882,one_parent,17,False,2,1410,1874.1156054954422,71
2883,one_parent,17,False,2,1410,1874.1156054954422,66
2884,one_parent,17,False,2,159,59.970588235294116,182
2885,one_parent,17,False,4,14406,20577.565988089842,5,11151,16280.678914245273,11,207,126.38613861386139,112
2886,one_parent,17,False,2,1410,1874.1156054954422,123
2887,one_parent,17,False,4,14406,20577.565988089842,7,11151,16280.678914245273,25,207,126.38613861386139,127
2888,one_parent,17,False,2,1410,1874.1156054954422,113
2889,one_parent,17,False,2,1410,1874.1156054954422,77
2890,one_parent,17,False,2,1410,1874.1156054954422,93
2891,one_parent,17,False,2,1410,1874.1156054954422,133
2892,one_parent,17,False,2,1410,1874.1156054954422,78
2893,one_parent,17,False,2,96,-17.705882352941174,197
2894,one_parent,17,False,2,204,113.61764705882351,177
2895,one_parent,17,False,3,14406,20577.565988089842,9,11151,16280.678914245273,82
2896,one_parent,17,False,2,1410,1874.1156054954422,101
2897,one_parent,17,False,2,216,140.23529411764707,174
2898,one_parent,17,False,5,4239,6172.560286624595,28,11151,16498.257476661554,4,207,149.6287128712871,49,2946,4178.81003386597,125
2899,one_parent,17,False,2,1410,1874.1156054954422,40
2900,one_parent,17,False,2,1410,1874.1156054954422,82
2901,one_parent,17,False,3,14406,20577.565988089842,1,11151,16280.678914245273,89
2902,one_parent,17,False,2,1410,1874.1156054954422,94
2903,one_parent,17,False,2,1410,1874.1156054954422,44
2904,one_parent,17,False,2,1410,1874.1156054954422,109
2905,one_parent,17,False,2,1410,1874.1156054954422,61
2906,one_parent,17,False,2,423,382.89149698340884,160
2907,one_parent,17,False,2,372,305.16940045248884,164
2908,one_parent,17,False,3,2373,3280.6740070224523,29,3564,5151.830291942628,131
2909,one_parent,17,False,2,1410,1874.1156054954422,108
2910,one_parent,17,False,2,1410,1874.1156054954422,103
2911,one_parent,17,False,2,1410,1874.1156054954422,97
2912,one_parent,17,False,2,1410,1874.1156054954422,41
2913,one_parent,17,False,2,225,118.07843137254909,172
2914,one_parent,17,False,4,14406,20577.565988089842,20,11151,16280.678914245273,32,207,126.38613861386139,111
2915,one_parent,17,False,4,14406,20577.565988089842,2,11151,16280.678914245273,6,207,126.38613861386139,137
2916,one_parent,17,False,2,1410,1874.1156054954422,83
2917,one_parent,17,False,2,1410,1874.1156054954422,112
2918,one_parent,17,False,2,144,50.33333333333333,189
2919,one_parent,17,False,2,204,99.97058823529406,178
2920,two_parent,18,False,2,11151,16280.678914245273,83
2921,two_parent,18,False,2,11151,16280.678914245273,119
2922,two_parent,18,False,2,11151,16280.678914245273,94
2923,two_parent,18,False,2,96,-14.441176470588232,189
2924,two_parent,18,False,2,11151,16280.678914245273,101
2925,two_parent,18,False,2,11151,16280.678914245273,105
2926,two_parent,18,False,3,11151,16280.678914245273,38,207,126.38613861386139,113
2927,two_parent,18,False,2,11151,16280.678914245273,64
2928,two_parent,18,False,2,96,-14.441176470588232,194
2929,two_parent,18,False,2,96,-14.441176470588232,192
2930,two_parent,18,False,2,216,117.08823529411765,157
2931,two_parent,18,False,2,11151,16280.678914245273,55
2932,two_parent,18,False,2,11151,16280.678914245273,68
2933,two_parent,18,False,2,11151,16280.678914245273,96
2934,two_parent,18,False,2,96,-14.441176470588232,196
2935,two_parent,18,False,2,207,66.88235294117649,167
2936,two_parent,18,False,2,228,147.45588235294116,155
2937,two_parent,18,False,2,11151,16280.678914245273,67
2938,two_parent,18,False,2,207,77.55882352941174,165
2939,two_parent,18,False,3,11151,16280.678914245273,12,207,126.38613861386139,109
2940,two_parent,18,False,2,210,39.80882352941177,162
2941,two_parent,18,False,3,11151,16280.678914245273,10,207,126.38613861386139,159
2942,two_parent,18,False,2,11151,16280.678914245273,107
2943,two_parent,18,False,2,11151,16280.678914245273,72
2944,two_parent,18,False,2,11151,16280.678914245273,76
2945,two_parent,18,False,2,2970,4020.57198860755,145
2946,two_parent,18,False,2,11151,16280.678914245273,128
2947,two_parent,18,False,3,11151,16280.678914245273,29,207,126.38613861386139,132
2948,two_parent,18,False,2,11151,16280.678914245273,114
2949,two_parent,18,False,2,11151,16280.678914245273,59
2950,two_parent,18,False,3,11151,16280.678914245273,33,207,126.38613861386139,115
2951,two_parent,18,False,2,144,7.411764705882348,171
2952,two_parent,18,False,2,11151,16280.678914245273,79
2953,two_parent,18,False,2,11151,16280.678914245273,110
2954,two_parent,18,False,2,11151,16280.678914245273,84
2955,two_parent,18,False,2,11151,16280.678914245273,71
2956,two_parent,18,False,2,11151,16280.678914245273,51
2957,two_parent,18,False,2,11151,16280.678914245273,127
2958,two_parent,18,False,2,2994,4280.593695872496,143
2959,two_parent,18,False,2,11151,16280.678914245273,53
2960,two_parent,18,False,2,11151,16280.678914245273,123
2961,two_parent,18,False,2,11151,16280.678914245273,86
2962,two_parent,18,False,3,11151,16280.678914245273,27,207,126.38613861386139,130
2963,two_parent,18,False,2,144,7.411764705882348,173
2964,two_parent,18,False,2,11151,16280.678914245273,109
2965,two_parent,18,False,2,96,-14.441176470588232,190
2966,two_parent,18,False,2,11151,16280.678914245273,108
2967,two_parent,18,False,3,11151,16280.678914245273,16,207,126.38613861386139,161
2968,two_parent,18,False,2,207,77.07352941176471,166
2969,two_parent,18,False,2,11151,16280.678914245273,115
2970,two_parent,18,False,2,3519,4838.406305248894,132
2971,two_parent,18,False,2,96,-14.441176470588232,182
2972,two_parent,18,False,2,11151,16280.678914245273,106
2973,two_parent,18,False,2,11151,16280.678914245273,124
2974,two_parent,18,False,2,11151,16280.678914245273,46
2975,two_parent,18,False,2,528,440.63190282836547,152
2976,two_parent,18,False,3,11151,16280.678914245273,37,207,126.38613861386139,117
2977,two_parent,18,False,2,96,-14.441176470588232,177
2978,two_parent,18,False,3,11151,16280.678914245273,15,207,126.38613861386139,151
2979,two_parent,18,False,2,11151,16280.678914245273,52
2980,two_parent,18,False,2,11151,16280.678914245273,63
2981,two_parent,18,False,2,96,-14.441176470588232,185
2982,two_parent,18,False,2,11151,16280.678914245273,56
2983,two_parent,18,False,2,213,148.39705882352933,158
2984,two_parent,18,False,2,11151,16280.678914245273,98
2985,two_parent,18,False,2,96,-14.441176470588232,179
2986,two_parent,18,False,2,96,-14.441176470588232,184
2987,two_parent,18,False,2,11151,16280.678914245273,117
2988,two_parent,18,False,2,207,22.500000000000043,169
2989,two_parent,18,False,2,11151,16280.678914245273,95
2990,two_parent,18,False,3,11151,16280.678914245273,40,207,126.38613861386139,122
2991,two_parent,18,False,3,11151,16280.678914245273,28,207,126.38613861386139,114
2992,two_parent,18,False,2,96,-14.441176470588232,197
2993,two_parent,18,False,2,11151,16280.678914245273,90
2994,two_parent,18,False,2,11151,16280.678914245273,57
2995,two_parent,18,False,3,11151,16280.678914245273,18,207,126.38613861386139,136
2996,two_parent,18,False,2,11151,16280.678914245273,78
2997,two_parent,18,False,3,11151,16280.678914245273,19,207,126.38613861386139,139
2998,two_parent,18,False,3,11151,16280.678914245273,7,207,126.38613861386139,107
2999,two_parent,18,False,2,144,7.411764705882348,172
3000,one_parent,18,False,2,210,154.6029411764706,159
3001,one_parent,18,False,2,11151,16280.678914245273,97
3002,one_parent,18,False,3,11151,16280.678914245273,8,207,126.38613861386139,142
3003,one_parent,18,False,2,11151,16280.678914245273,88
3004,one_parent,18,False,2,11151,16280.678914245273,130
3005,one_parent,18,False,2,96,-14.441176470588232,181
3006,one_parent,18,False,2,96,-14.441176470588232,198
3007,one_parent,18,False,2,11151,16280.678914245273,43
3008,one_parent,18,False,2,11151,16280.678914245273,66
3009,one_parent,18,False,2,11151,16280.678914245273,85
3010,one_parent,18,False,2,11151,16280.678914245273,54
3011,one_parent,18,False,3,11151,16280.678914245273,9,207,126.38613861386139,135
3012,one_parent,18,False,2,11151,16280.678914245273,47
3013,one_parent,18,False,2,11151,16280.678914245273,70
3014,one_parent,18,False,3,11151,16280.678914245273,17,207,126.38613861386139,133
3015,one_parent,18,False,2,11151,16280.678914245273,65
3016,one_parent,18,False,2,96,-14.441176470588232,188
3017,one_parent,18,False,2,225,126.1764705882353,156
3018,one_parent,18,False,2,11151,16280.678914245273,118
3019,one_parent,18,False,2,11151,16280.678914245273,44
3020,one_parent,18,False,2,204,101.76470588235293,170
3021,one_parent,18,False,2,11151,16280.678914245273,100
3022,one_parent,18,False,2,11151,16280.678914245273,74
3023,one_parent,18,False,2,96,-14.441176470588232,180
3024,one_parent,18,False,2,96,-14.441176470588232,186
3025,one_parent,18,False,2,96,-14.441176470588232,191
3026,one_parent,18,False,2,11151,16280.678914245273,126
3027,one_parent,18,False,3,11151,16280.678914245273,39,207,126.38613861386139,124
3028,one_parent,18,False,2,273,178.01470588235287,154
3029,one_parent,18,False,2,96,-14.441176470588232,199
3030,one_parent,18,False,3,11151,16280.678914245273,21,207,126.38613861386139,157
3031,one_parent,18,False,2,1143,1280.6594894476966,146
3032,one_parent,18,False,3,11151,16280.678914245273,22,207,126.38613861386139,150
3033,one_parent,18,False,3,11151,16280.678914245273,20,207,126.38613861386139,158
3034,one_parent,18,False,2,11151,16280.678914245273,125
3035,one_parent,18,False,2,11151,16280.678914245273,48
3036,one_parent,18,False,3,11184,16460.197170011365,3,207,145.09900990099007,87
3037,one_parent,18,False,2,11151,16280.678914245273,99
3038,one_parent,18,False,3,11151,16280.678914245273,24,207,126.38613861386139,165
3039,one_parent,18,False,3,11151,16280.678914245273,34,207,126.38613861386139,146
3040,one_parent,18,False,2,96,-14.441176470588232,195
3041,one_parent,18,False,2,96,-14.441176470588232,193
3042,one_parent,18,False,2,11151,16280.678914245273,60
3043,one_parent,18,False,2,96,-14.441176470588232,187
3044,one_parent,18,False,2,210,8.838235294117652,164
3045,one_parent,18,False,2,11151,16280.678914245273,49
3046,one_parent,18,False,2,11151,16280.678914245273,41
3047,one_parent,18,False,2,11151,16280.678914245273,45
3048,one_parent,18,False,2,11151,16280.678914245273,81
3049,one_parent,18,False,2,492,424.6562522364394,153
3050,one_parent,18,False,2,11151,16280.678914245273,93
3051,one_parent,18,False,2,11151,16280.678914245273,61
3052,one_parent,18,False,2,11151,16280.678914245273,103
3053,one_parent,18,False,2,1128,1437.246350159053,147
3054,one_parent,18,False,2,11151,16280.678914245273,50
3055,one_parent,18,False,2,11151,16280.678914245273,112
3056,one_parent,18,False,2,207,51.39705882352945,168
3057,one_parent,18,False,3,11151,16280.678914245273,5,207,126.38613861386139,166
3058,one_parent,18,False,3,11151,16280.678914245273,23,207,126.38613861386139,121
3059,one_parent,18,False,2,144,7.411764705882348,174
3060,one_parent,18,False,3,11151,16280.678914245273,14,207,126.38613861386139,131
3061,one_parent,18,False,2,11151,16280.678914245273,111
3062,one_parent,18,False,2,1080,1181.8036245232847,150
3063,one_parent,18,False,2,144,7.411764705882348,175
3064,one_parent,18,False,2,96,-14.441176470588232,178
3065,one_parent,18,False,2,11151,16280.678914245273,62
3066,one_parent,18,False,2,11151,16280.678914245273,113
3067,one_parent,18,False,2,210,71.26470588235293,161
3068,one_parent,18,False,2,210,93.02941176470583,160
3069,one_parent,18,False,2,11151,16280.678914245273,69
3070,one_parent,18,False,2,11151,16280.678914245273,42
3071,one_parent,18,False,2,210,35.88235294117648,163
3072,one_parent,18,False,2,11151,16280.678914245273,80
3073,one_parent,18,False,2,11151,16280.678914245273,92
3074,one_parent,18,False,2,11151,16280.678914245273,91
3075,one_parent,18,False,2,96,-14.441176470588232,183
3076,one_parent,18,False,2,11151,16280.678914245273,122
3077,one_parent,18,False,2,11151,16280.678914245273,116
3078,one_parent,18,False,2,96,-14.441176470588232,176
3079,one_parent,18,False,2,11151,16280.678914245273,102
3080,two_parent,19,False,2,213,146.3366336633664,17
3081,two_parent,19,False,2,207,131.65841584158412,101
3082,two_parent,19,False,2,207,126.38613861386139,149
3083,two_parent,19,True,3,207,149.6287128712871,48,14406,19318.164459954103,87
3084,two_parent,19,True,3,207,149.6287128712871,40,14406,18761.090845039686,116
3085,two_parent,19,False,2,207,149.6287128712871,56
3086,two_parent,19,False,2,207,126.38613861386139,154
3087,two_parent,19,False,2,207,135.66831683168317,100
3088,two_parent,19,False,2,207,149.6287128712871,82
3089,two_parent,19,False,2,207,149.6287128712871,64
3090,two_parent,19,False,2,207,126.38613861386139,153
3091,two_parent,19,False,2,156,-80.69306930693068,179
3092,two_parent,19,False,2,207,126.38613861386139,129
3093,two_parent,19,False,3,14406,19104.25868035868,6,243,145.92233009708733,141
3094,two_parent,19,False,2,207,126.38613861386139,108
3095,two_parent,19,True,3,207,149.6287128712871,27,14406,19318.164459954103,85
3096,two_parent,19,False,2,207,149.6287128712871,81
3097,two_parent,19,False,2,207,149.6287128712871,55
3098,two_parent,19,True,3,207,149.6287128712871,36,14406,19318.164459954103,82
3099,two_parent,19,False,2,207,149.6287128712871,59
3100,two_parent,19,True,3,207,149.6287128712871,34,14406,19318.164459954103,90
3101,two_parent,19,True,3,14406,19580.10385480766,3,14406,19278.6746111564,96
3102,two_parent,19,False,2,207,149.6287128712871,74
3103,two_parent,19,False,2,96,-24.9009900990099,193
3104,two_parent,19,False,2,96,-24.9009900990099,195
3105,two_parent,19,False,2,207,149.6287128712871,70
3106,two_parent,19,False,2,207,126.38613861386139,145
3107,two_parent,19,False,2,207,126.38613861386139,152
3108,two_parent,19,False,2,207,126.38613861386139,118
3109,two_parent,19,True,3,207,149.6287128712871,45,14406,19318.164459954103,71
3110,two_parent,19,False,2,207,110.49504950495052,168
3111,two_parent,19,False,2,207,131.65841584158412,103
3112,two_parent,19,False,2,96,-24.9009900990099,186
3113,two_parent,19,True,3,14406,19673.225653995414,2,14406,19368.871467885678,58
3114,two_parent,19,False,2,207,103.73762376237622,170
3115,two_parent,19,False,2,207,145.09900990099007,90
3116,two_parent,19,False,2,207,149.6287128712871,53
3117,two_parent,19,False,2,207,149.6287128712871,83
3118,two_parent,19,False,2,204,0.7673267326732756,178
3119,two_parent,19,False,2,207,126.38613861386139,160
3120,two_parent,19,False,2,228,97.12871287128712,13
3121,two_parent,19,False,2,207,-123.26732673267325,175
3122,two_parent,19,False,2,207,149.6287128712871,61
3123,two_parent,19,False,2,204,91.08910891089107,176
3124,two_parent,19,False,2,225,125.66831683168317,14
3125,two_parent,19,True,3,14406,19193.92803957567,5,14406,19098.348479310876,111
3126,two_parent,19,False,2,207,149.6287128712871,78
3127,two_parent,19,False,2,204,40.445544554455466,177
3128,two_parent,19,False,4,207,161.13861386138615,25,14406,20047.448032941524,7,9162,13027.234106223024,80
3129,two_parent,19,False,2,207,131.65841584158412,102
3130,two_parent,19,False,2,144,-60.891089108910876,185
3131,two_parent,19,False,2,147,-67.02970297029702,180
3132,two_parent,19,False,2,207,149.6287128712871,62
3133,two_parent,19,False,2,210,139.7029702970297,20
3134,two_parent,19,False,2,207,126.38613861386139,125
3135,two_parent,19,True,3,207,149.6287128712871,30,14406,19318.164459954103,89
3136,two_parent,19,False,2,213,147.37623762376234,16
3137,two_parent,19,False,2,207,33.564356435643575,172
3138,two_parent,19,False,2,207,149.6287128712871,84
3139,two_parent,19,False,2,207,126.38613861386139,134
3140,two_parent,19,False,4,207,161.13861386138615,24,14406,20077.980644394163,6,3402,4813.64013375369,113
3141,two_parent,19,False,2,207,137.30198019801975,99
3142,two_parent,19,False,2,207,149.6287128712871,65
3143,two_parent,19,False,2,210,-142.4009900990099,22
3144,two_parent,19,False,3,261,216.980198019802,9,231,126.86893203883491,149
3145,two_parent,19,False,2,207,126.38613861386139,119
3146,two_parent,19,False,2,96,-24.9009900990099,191
3147,two_parent,19,True,3,14406,19887.362711998383,0,14406,19463.126747267375,43
3148,two_parent,19,True,3,14406,19045.87858568389,7,14406,18814.190226188563,115
3149,two_parent,19,True,6,207,161.13861386138615,26,14406,20359.132268974317,1,14406,20224.050705780835,3,14406,20334.60610423368,36,14406,20718.172958642528,62
3150,two_parent,19,False,2,207,126.38613861386139,106
3151,two_parent,19,False,2,207,126.38613861386139,123
3152,two_parent,19,False,2,207,103.73762376237622,169
3153,two_parent,19,False,2,96,-24.9009900990099,187
3154,two_parent,19,False,2,207,149.6287128712871,80
3155,two_parent,19,False,2,96,-24.9009900990099,192
3156,two_parent,19,True,3,14406,19497.575308905172,4,14406,19234.84451967438,108
3157,two_parent,19,True,3,207,149.6287128712871,37,14406,19318.164459954103,72
3158,two_parent,19,True,3,207,149.6287128712871,38,14406,19318.164459954103,73
3159,two_parent,19,True,6,207,161.13861386138615,23,14406,20348.179374260664,2,14406,20212.296725022246,29,14406,20505.777799058524,12,14406,20794.483426258714,47
3160,one_parent,19,False,2,207,145.09900990099007,97
3161,one_parent,19,False,2,96,-24.9009900990099,196
3162,one_parent,19,False,2,207,126.38613861386139,156
3163,one_parent,19,False,2,207,145.09900990099007,93
3164,one_parent,19,False,2,207,49.75247524752476,171
3165,one_parent,19,False,2,207,126.38613861386139,141
3166,one_parent,19,False,3,207,149.6287128712871,42,2946,4178.81003386597,126
3167,one_parent,19,False,2,207,145.09900990099007,94
3168,one_parent,19,True,3,207,149.6287128712871,28,14406,19318.164459954103,74
3169,one_parent,19,False,2,207,149.6287128712871,75
3170,one_parent,19,True,3,207,149.6287128712871,51,14406,19318.164459954103,80
3171,one_parent,19,False,2,210,-10.59405940594057,21
3172,one_parent,19,False,2,96,-24.9009900990099,189
3173,one_parent,19,False,2,96,-24.9009900990099,197
3174,one_parent,19,False,2,207,149.6287128712871,66
3175,one_parent,19,False,2,207,149.6287128712871,76
3176,one_parent,19,False,2,207,126.38613861386139,110
3177,one_parent,19,False,2,207,149.6287128712871,73
3178,one_parent,19,False,2,96,-24.9009900990099,194
3179,one_parent,19,False,2,207,126.38613861386139,167
3180,one_parent,19,False,2,96,-24.9009900990099,190
3181,one_parent,19,True,3,207,149.6287128712871,31,14406,19318.164459954103,83
3182,one_parent,19,False,2,96,-24.9009900990099,199
3183,one_parent,19,True,3,207,149.6287128712871,39,14406,19318.164459954103,75
3184,one_parent,19,False,2,207,149.6287128712871,58
3185,one_parent,19,False,3,249,196.98019801980192,10,213,104.15048543689318,155
3186,one_parent,19,False,2,207,149.6287128712871,77
3187,one_parent,19,False,2,207,126.38613861386139,128
3188,one_parent,19,False,2,207,149.6287128712871,54
3189,one_parent,19,False,2,207,126.38613861386139,164
3190,one_parent,19,False,2,207,-39.80198019801979,173
3191,one_parent,19,False,2,96,-24.9009900990099,188
3192,one_parent,19,False,2,207,145.09900990099007,98
3193,one_parent,19,True,3,207,149.6287128712871,32,14406,19318.164459954103,84
3194,one_parent,19,False,3,207,149.6287128712871,46,2946,4178.81003386597,127
3195,one_parent,19,False,2,207,126.38613861386139,162
3196,one_parent,19,False,2,207,149.6287128712871,72
3197,one_parent,19,False,2,207,149.6287128712871,60
3198,one_parent,19,False,2,207,149.6287128712871,71
3199,one_parent,19,False,2,207,149.6287128712871,68
3200,one_parent,19,False,2,207,126.38613861386139,138
3201,one_parent,19,True,3,207,149.6287128712871,43,14406,19318.164459954103,78
3202,one_parent,19,False,2,207,126.38613861386139,120
3203,one_parent,19,False,3,207,149.6287128712871,50,2946,4178.81003386597,128
3204,one_parent,19,False,2,207,145.09900990099007,89
3205,one_parent,19,False,2,207,149.6287128712871,57
3206,one_parent,19,False,2,207,145.09900990099007,95
3207,one_parent,19,False,2,144,-60.891089108910876,182
3208,one_parent,19,False,2,267,126.33663366336631,8
3209,one_parent,19,False,2,207,126.38613861386139,163
3210,one_parent,19,True,3,207,149.6287128712871,35,14406,19318.164459954103,79
3211,one_parent,19,True,3,207,149.6287128712871,33,14406,19318.164459954103,81
3212,one_parent,19,True,3,207,149.6287128712871,44,14406,19318.164459954103,91
3213,one_parent,19,True,3,207,149.6287128712871,47,14406,19318.164459954103,77
3214,one_parent,19,False,2,207,145.09900990099007,91
3215,one_parent,19,False,2,207,149.6287128712871,85
3216,one_parent,19,False,2,207,126.38613861386139,126
3217,one_parent,19,False,2,207,149.6287128712871,67
3218,one_parent,19,True,3,207,149.6287128712871,41,14406,19318.164459954103,76
3219,one_parent,19,False,2,144,-60.891089108910876,181
3220,one_parent,19,False,2,207,126.38613861386139,144
3221,one_parent,19,False,2,144,-60.891089108910876,183
3222,one_parent,19,True,4,14406,19859.04226192892,1,14406,19639.573945895503,27,14406,19451.94526128724,58
3223,one_parent,19,False,2,207,-111.01485148514851,174
3224,one_parent,19,False,2,96,-24.9009900990099,198
3225,one_parent,19,False,2,207,149.6287128712871,79
3226,one_parent,19,False,2,207,145.09900990099007,92
3227,one_parent,19,False,2,207,145.09900990099007,88
3228,one_parent,19,False,2,243,145.9900990099011,11
3229,one_parent,19,False,2,219,79.52970297029702,15
3230,one_parent,19,False,2,207,126.38613861386139,148
3231,one_parent,19,False,2,213,-47.17821782178217,19
3232,one_parent,19,True,3,207,149.6287128712871,52,14406,19318.164459954103,88
3233,one_parent,19,False,2,213,131.33663366336637,18
3234,one_parent,19,False,2,144,-60.891089108910876,184
3235,one_parent,19,True,3,207,149.6287128712871,29,14406,19318.164459954103,86
3236,one_parent,19,False,2,237,27.25247524752477,12
3237,one_parent,19,False,2,207,126.38613861386139,104
3238,one_parent,19,False,2,207,149.6287128712871,69
3239,one_parent,19,False,2,207,145.09900990099007,96
3240,two_parent,20,True,2,14406,19034.157785708532,113
3241,two_parent,20,True,2,14406,19264.465071991734,100
3242,two_parent,20,False,2,2946,4169.638168410895,129
3243,two_parent,20,False,2,279,187.2087378640777,130
3244,two_parent,20,False,2,273,185.14563106796115,133
3245,two_parent,20,True,2,14406,19368.871467885678,53
3246,two_parent,20,False,2,96,-90.63106796116504,189
3247,two_parent,20,False,2,210,-226.8203883495145,160
3248,two_parent,20,True,2,14406,19278.6746111564,97
3249,two_parent,20,True,2,14406,19368.871467885678,67
3250,two_parent,20,True,3,14406,19616.6415688904,30,14406,19537.729666740895,54
3251,two_parent,20,False,2,207,-160.63106796116506,167
3252,two_parent,20,False,2,2973,3632.5501012595737,123
3253,two_parent,20,False,3,14406,19463.126747267375,33,3402,4670.808909438139,121
3254,two_parent,20,False,2,96,-90.63106796116504,197
3255,two_parent,20,False,2,240,18.300970873786426,145
3256,two_parent,20,True,3,14406,19500.76102035836,31,14406,19399.78578573364,72
3257,two_parent,20,False,2,96,-90.63106796116504,196
3258,two_parent,20,False,3,14406,19881.17445553172,10,3402,4773.607151763237,117
3259,two_parent,20,False,2,243,145.92233009708733,140
3260,two_parent,20,False,2,2952,4022.1630048760785,124
3261,two_parent,20,False,3,14406,19704.944673206868,12,3405,4674.080705789246,110
3262,two_parent,20,False,2,246,149.75728155339812,138
3263,two_parent,20,True,2,14406,18755.39489737696,117
3264,two_parent,20,False,2,144,4.223300970873765,180
3265,two_parent,20,False,2,261,170.53398058252426,136
3266,two_parent,20,False,2,276,185.121359223301,132
3267,two_parent,20,False,2,13080,17893.232112506626,119
3268,two_parent,20,False,3,14406,19862.517427718878,11,3396,4760.35218719583,129
3269,two_parent,20,True,2,14406,19104.973460030273,109
3270,two_parent,20,False,2,144,4.223300970873765,186
3271,two_parent,20,False,2,261,83.30097087378638,137
3272,two_parent,20,True,3,14406,20102.935488579853,5,14406,19930.531178533707,46
3273,two_parent,20,False,2,156,4.271844660194155,174
3274,two_parent,20,False,2,246,149.3203883495145,139
3275,two_parent,20,True,4,14406,20109.693824344173,4,14406,20049.677573440847,37,14406,20249.166217959588,77
3276,two_parent,20,False,2,96,-90.63106796116504,193
3277,two_parent,20,True,2,14406,19368.871467885678,54
3278,two_parent,20,False,2,234,166.74757281553397,146
3279,two_parent,20,True,2,14406,19368.871467885678,55
3280,two_parent,20,True,3,14406,19639.573945895503,28,14406,19451.94526128724,59
3281,two_parent,20,False,3,14406,19464.265845316044,32,3402,4670.808909438139,118
3282,two_parent,20,True,2,14406,18069.52619535126,118
3283,two_parent,20,False,2,204,63.44660194174757,170
3284,two_parent,20,False,2,273,185.14563106796115,134
3285,two_parent,20,False,2,96,-90.63106796116504,191
3286,two_parent,20,True,2,14406,19258.46836540191,101
3287,two_parent,20,True,2,14406,19361.13593642206,70
3288,two_parent,20,False,2,210,41.55339805825241,157
3289,two_parent,20,False,2,276,185.121359223301,131
3290,two_parent,20,False,2,96,-90.63106796116504,192
3291,two_parent,20,False,2,168,20.485436893203897,173
3292,two_parent,20,False,2,13080,17777.606961404388,120
3293,two_parent,20,True,2,14406,19045.952923879642,112
3294,two_parent,20,False,2,2973,3632.5501012595737,122
3295,two_parent,20,False,2,144,4.223300970873765,178
3296,two_parent,20,False,2,243,145.92233009708733,142
3297,two_parent,20,False,2,3819,5110.4764060850375,121
3298,two_parent,20,True,3,14406,19639.573945895503,22,14406,19451.94526128724,69
3299,two_parent,20,False,2,144,4.223300970873765,184
3300,two_parent,20,True,2,14406,18975.174605326072,114
3301,two_parent,20,False,3,14406,20366.625831450765,0,9159,13117.35944921789,96
3302,two_parent,20,True,2,14406,19365.573845695842,69
3303,two_parent,20,False,2,213,18.519417475728147,156
3304,two_parent,20,True,2,14406,19254.06873591889,102
3305,two_parent,20,False,3,14406,20129.262444442465,3,510,617.9314607144139,147
3306,two_parent,20,False,2,204,56.45631067961166,171
3307,two_parent,20,True,2,14406,19391.172299455753,52
3308,two_parent,20,False,3,14406,19902.883468522657,9,3396,4765.636003311817,127
3309,two_parent,20,True,2,14406,19463.126747267375,46
3310,two_parent,20,False,3,14406,19695.604139977582,13,3408,4737.526053476112,108
3311,two_parent,20,True,3,14406,19639.573945895503,23,14406,19451.94526128724,56
3312,two_parent,20,True,2,14406,19463.126747267375,41
3313,two_parent,20,False,2,207,45.145631067961176,164
3314,two_parent,20,False,2,228,88.15533980582524,150
3315,two_parent,20,False,2,144,4.223300970873765,187
3316,two_parent,20,False,2,231,133.3495145631068,147
3317,two_parent,20,True,2,14406,19246.85592931483,103
3318,two_parent,20,True,2,14406,19368.871467885678,66
3319,two_parent,20,True,2,14406,19368.871467885678,62
3320,one_parent,20,False,2,96,-90.63106796116504,190
3321,one_parent,20,True,3,14406,19639.573945895503,19,14406,19451.94526128724,57
3322,one_parent,20,False,2,207,71.94174757281552,162
3323,one_parent,20,False,2,210,-99.99999999999999,158
3324,one_parent,20,False,3,14406,19463.126747267375,39,3402,4670.808909438139,124
3325,one_parent,20,True,2,14406,19368.871467885678,63
3326,one_parent,20,True,2,14406,19463.126747267375,48
3327,one_parent,20,True,3,14406,19639.573945895503,14,14406,19451.94526128724,55
3328,one_parent,20,True,3,14406,19639.573945895503,20,14406,19451.94526128724,64
3329,one_parent,20,True,3,14406,19639.573945895503,25,14406,19451.94526128724,66
3330,one_parent,20,True,2,14406,19368.871467885678,59
3331,one_parent,20,True,2,14406,19098.348479310876,110
3332,one_parent,20,False,2,144,4.223300970873765,176
3333,one_parent,20,False,2,222,50.631067961165044,152
3334,one_parent,20,True,2,14406,19463.126747267375,42
3335,one_parent,20,False,2,144,4.223300970873765,185
3336,one_parent,20,True,2,14406,19234.84451967438,106
3337,one_parent,20,False,2,144,4.223300970873765,179
3338,one_parent,20,False,2,243,145.92233009708733,144
3339,one_parent,20,True,2,14406,19368.871467885678,57
3340,one_parent,20,False,2,204,72.1116504854369,169
3341,one_parent,20,False,2,231,126.86893203883491,148
3342,one_parent,20,False,3,14406,19463.126747267375,37,3402,4670.808909438139,119
3343,one_parent,20,False,2,144,4.223300970873765,181
3344,one_parent,20,False,3,14406,20047.448032941524,8,9162,13027.234106223024,83
3345,one_parent,20,True,3,14406,19639.573945895503,29,14406,19451.94526128724,60
3346,one_parent,20,False,2,210,-165.53398058252424,159
3347,one_parent,20,False,2,96,-90.63106796116504,198
3348,one_parent,20,False,2,144,4.223300970873765,177
3349,one_parent,20,False,2,207,-210.14563106796115,168
3350,one_parent,20,False,2,213,104.15048543689318,154
3351,one_parent,20,True,2,14406,19278.6746111564,94
3352,one_parent,20,False,3,14406,19463.126747267375,34,3402,4670.808909438139,120
3353,one_parent,20,False,3,14406,19463.126747267375,38,3402,4670.808909438139,122
3354,one_parent,20,True,2,14406,19463.126747267375,50
3355,one_parent,20,False,2,222,89.004854368932,151
3356,one_parent,20,True,2,14406,19368.871467885678,64
3357,one_parent,20,False,2,171,6.844660194174729,172
3358,one_parent,20,True,2,14406,19368.871467885678,65
3359,one_parent,20,False,2,267,175.14563106796126,135
3360,one_parent,20,False,3,14406,19463.126747267375,35,3402,4670.808909438139,123
3361,one_parent,20,False,2,96,-90.63106796116504,199
3362,one_parent,20,True,2,14406,19463.126747267375,49
3363,one_parent,20,False,3,14406,19463.126747267375,36,3402,4670.808909438139,125
3364,one_parent,20,False,2,207,79.15048543689318,161
3365,one_parent,20,True,3,14406,19639.573945895503,26,14406,19451.94526128724,68
3366,one_parent,20,False,2,144,4.223300970873765,182
3367,one_parent,20,False,2,144,4.223300970873765,175
3368,one_parent,20,True,2,14406,19234.84451967438,104
3369,one_parent,20,False,2,243,145.92233009708733,143
3370,one_parent,20,True,3,14406,19639.573945895503,18,14406,19451.94526128724,63
3371,one_parent,20,True,2,14406,19278.6746111564,95
3372,one_parent,20,False,2,96,-90.63106796116504,195
3373,one_parent,20,True,2,14406,19278.6746111564,92
3374,one_parent,20,True,2,14406,19463.126747267375,40
3375,one_parent,20,False,2,207,-79.80582524271841,166
3376,one_parent,20,False,2,144,4.223300970873765,183
3377,one_parent,20,False,2,96,-90.63106796116504,194
3378,one_parent,20,False,2,207,58.3252427184466,163
3379,one_parent,20,True,3,14406,19639.573945895503,15,14406,19451.94526128724,70
3380,one_parent,20,True,2,14406,19463.126747267375,47
3381,one_parent,20,True,2,14406,19234.84451967438,107
3382,one_parent,20,True,2,14406,19368.871467885678,68
3383,one_parent,20,True,3,14406,19639.573945895503,24,14406,19451.94526128724,62
3384,one_parent,20,False,2,96,-90.63106796116504,188
3385,one_parent,20,True,2,14406,19278.6746111564,99
3386,one_parent,20,True,2,14406,19234.84451967438,105
3387,one_parent,20,True,3,14406,19639.573945895503,16,14406,19451.94526128724,61
3388,one_parent,20,True,2,14406,19278.6746111564,98
3389,one_parent,20,True,3,14406,19639.573945895503,21,14406,19451.94526128724,67
3390,one_parent,20,True,2,14406,19278.6746111564,93
3391,one_parent,20,False,2,213,104.15048543689318,153
3392,one_parent,20,True,2,14406,19463.126747267375,45
3393,one_parent,20,True,2,14406,19463.126747267375,51
3394,one_parent,20,True,2,14406,19368.871467885678,56
3395,one_parent,20,False,2,207,-11.868932038834949,165
3396,one_parent,20,True,2,14406,19463.126747267375,44
3397,one_parent,20,True,3,14406,19639.573945895503,17,14406,19451.94526128724,65
3398,one_parent,20,True,2,14406,19368.871467885678,60
3399,one_parent,20,True,2,14406,19368.871467885678,61
3400,two_parent,21,False,2,5109,7384.5879827703575,101
3401,two_parent,21,True,2,14406,19787.46519146182,49
3402,two_parent,21,False,2,96,-11.03982300884956,198
3403,two_parent,21,False,2,510,639.3024031743756,139
3404,two_parent,21,True,2,14406,19408.124268893356,71
3405,two_parent,21,False,3,14406,20304.93048874512,1,9429,13635.516979917778,101
3406,two_parent,21,True,2,14406,19670.407890391907,52
3407,two_parent,21,False,2,513,632.6482614381421,133
3408,two_parent,21,False,2,510,647.8262378632082,134
3409,two_parent,21,True,2,14406,20003.899442362268,42
3410,two_parent,21,False,2,351,360.1039240801116,157
3411,two_parent,21,False,2,96,-11.03982300884956,192
3412,two_parent,21,False,2,510,642.7675804342376,135
3413,two_parent,21,False,2,213,149.2256637168142,165
3414,two_parent,21,False,2,9159,13117.35944921789,87
3415,two_parent,21,False,3,14406,20170.827948736507,31,9432,13432.84855052626,94
3416,two_parent,21,False,2,96,-11.03982300884956,187
3417,two_parent,21,True,5,14406,20212.296725022246,22,14406,20505.777799058524,20,14406,20794.483426258714,29,14406,20488.03966521626,57
3418,two_parent,21,False,2,519,524.9964731647025,132
3419,two_parent,21,False,2,204,123.21902654867256,171
3420,two_parent,21,False,2,252,209.40265486725662,161
3421,two_parent,21,False,2,372,352.5161562645552,152
3422,two_parent,21,False,2,96,-11.03982300884956,182
3423,two_parent,21,False,2,510,621.8916824907739,141
3424,two_parent,21,True,2,14406,18690.01530677388,78
3425,two_parent,21,False,2,9159,13117.35944921789,100
3426,two_parent,21,False,2,366,292.20744061481133,155
3427,two_parent,21,True,5,14406,20212.296725022246,17,14406,20505.777799058524,15,14406,20794.483426258714,37,14406,20488.03966521626,61
3428,two_parent,21,False,2,96,-11.03982300884956,186
3429,two_parent,21,True,2,14406,19290.59485519319,74
3430,two_parent,21,False,2,393,334.8085992081973,151
3431,two_parent,21,True,4,14406,20126.599842150466,32,14406,20412.64839735503,22,14406,20714.484505421344,69
3432,two_parent,21,False,2,222,119.05973451327432,162
3433,two_parent,21,True,2,14406,18952.220129916266,75
3434,two_parent,21,True,2,14406,19347.26941418663,73
3435,two_parent,21,False,2,3411,4951.016754228531,105
3436,two_parent,21,False,2,3399,4762.4241693186705,126
3437,two_parent,21,True,3,14406,20224.050705780835,8,14406,20334.60610423368,59
3438,two_parent,21,False,3,14406,20660.41239455056,0,3669,5318.8931049124285,135
3439,two_parent,21,True,2,14406,19786.49724120242,50
3440,two_parent,21,False,2,210,172.88716814159298,166
3441,two_parent,21,False,2,3411,4966.994990477971,104
3442,two_parent,21,False,2,207,70.82964601769906,169
3443,two_parent,21,False,2,495,443.85750689692225,150
3444,two_parent,21,True,4,14406,20224.050705780835,10,14406,20334.60610423368,35,14406,20718.172958642528,64
3445,two_parent,21,False,2,12021,17645.36827606132,79
3446,two_parent,21,False,2,258,207.3230088495576,160
3447,two_parent,21,False,2,510,642.7675804342376,138
3448,two_parent,21,False,2,9159,13117.35944921789,99
3449,two_parent,21,False,2,144,32.367256637168126,175
3450,two_parent,21,False,2,96,-11.03982300884956,197
3451,two_parent,21,False,2,3414,4976.637127110471,103
3452,two_parent,21,False,2,3408,5035.2764180528175,107
3453,two_parent,21,False,2,9159,13117.35944921789,92
3454,two_parent,21,False,2,510,642.7675804342376,136
3455,two_parent,21,False,2,96,-11.03982300884956,194
3456,two_parent,21,False,2,96,-11.03982300884956,185
3457,two_parent,21,True,2,14406,19930.531178533707,47
3458,two_parent,21,False,2,1215,1404.613781484139,130
3459,two_parent,21,False,2,96,-11.03982300884956,199
3460,two_parent,21,False,2,96,-11.03982300884956,195
3461,two_parent,21,False,2,3405,4842.725854995536,109
3462,two_parent,21,True,2,14406,19974.151719739017,43
3463,two_parent,21,True,2,14406,18942.778849452294,76
3464,two_parent,21,False,2,144,32.367256637168126,177
3465,two_parent,21,False,2,369,342.43202724732186,153
3466,two_parent,21,False,2,9159,13117.35944921789,94
3467,two_parent,21,False,2,96,-11.03982300884956,193
3468,two_parent,21,True,2,14406,18942.778849452294,77
3469,two_parent,21,False,2,9159,13117.35944921789,90
3470,two_parent,21,False,2,207,67.37831858407075,170
3471,two_parent,21,False,2,510,642.7675804342376,137
3472,two_parent,21,True,4,14406,20212.296725022246,18,14406,20505.777799058524,8,14406,20794.483426258714,49
3473,two_parent,21,False,2,3411,4951.016754228531,106
3474,two_parent,21,True,4,14406,20212.296725022246,30,14406,20505.777799058524,9,14406,20794.483426258714,50
3475,two_parent,21,True,2,14406,19542.17042151405,53
3476,two_parent,21,False,2,510,633.10537288166,140
3477,two_parent,21,False,2,96,-11.03982300884956,190
3478,two_parent,21,True,2,14406,19787.46519146182,48
3479,two_parent,21,True,2,14406,19761.7681409294,51
3480,one_parent,21,True,5,14406,20212.296725022246,20,14406,20505.777799058524,11,14406,20794.483426258714,23,14406,20488.03966521626,52
3481,one_parent,21,False,2,132,47.73230088495578,179
3482,one_parent,21,False,2,96,-11.03982300884956,184
3483,one_parent,21,False,2,510,617.9314607144139,142
3484,one_parent,21,False,2,348,271.9135712622264,159
3485,one_parent,21,False,2,363,280.42748602701437,156
3486,one_parent,21,False,2,141,34.82300884955751,178
3487,one_parent,21,False,2,9159,13117.35944921789,97
3488,one_parent,21,True,5,14406,20212.296725022246,26,14406,20505.777799058524,13,14406,20794.483426258714,24,14406,20488.03966521626,51
3489,one_parent,21,False,2,3402,4813.64013375369,112
3490,one_parent,21,False,2,96,-11.03982300884956,189
3491,one_parent,21,False,2,3402,4813.64013375369,116
3492,one_parent,21,False,2,9159,13117.35944921789,91
3493,one_parent,21,True,3,14406,20049.677573440847,35,14406,20249.166217959588,73
3494,one_parent,21,False,2,144,32.367256637168126,173
3495,one_parent,21,False,2,9162,13027.234106223024,82
3496,one_parent,21,True,3,14406,20224.050705780835,5,14406,20334.60610423368,43
3497,one_parent,21,True,3,14406,20049.677573440847,33,14406,20249.166217959588,79
3498,one_parent,21,False,2,9159,13117.35944921789,88
3499,one_parent,21,False,2,507,498.5468766794455,149
3500,one_parent,21,False,2,351,228.47054028877494,158
3501,one_parent,21,True,4,14406,20212.296725022246,19,14406,20505.777799058524,6,14406,20794.483426258714,45
3502,one_parent,21,False,2,156,38.285398230088475,172
3503,one_parent,21,True,3,14406,20049.677573440847,36,14406,20249.166217959588,75
3504,one_parent,21,False,2,9159,13117.35944921789,86
3505,one_parent,21,False,2,144,32.367256637168126,176
3506,one_parent,21,False,2,96,-11.03982300884956,180
3507,one_parent,21,True,4,14406,20212.296725022246,28,14406,20505.777799058524,19,14406,20794.483426258714,42
3508,one_parent,21,False,2,216,128.83849557522126,164
3509,one_parent,21,False,2,96,-11.03982300884956,183
3510,one_parent,21,False,2,3402,4813.64013375369,115
3511,one_parent,21,True,2,14406,20049.677573440847,41
3512,one_parent,21,False,2,510,617.9314607144139,144
3513,one_parent,21,True,5,14406,20212.296725022246,16,14406,20505.777799058524,18,14406,20794.483426258714,36,14406,20488.03966521626,53
3514,one_parent,21,True,2,14406,20049.677573440847,40
3515,one_parent,21,False,2,4170,5574.054847209477,102
3516,one_parent,21,False,2,9159,13117.35944921789,93
3517,one_parent,21,True,3,14406,20049.677573440847,34,14406,20249.166217959588,74
3518,one_parent,21,True,3,14406,20224.050705780835,9,14406,20334.60610423368,51
3519,one_parent,21,False,2,9162,13027.234106223024,81
3520,one_parent,21,False,2,510,617.9314607144139,145
3521,one_parent,21,True,4,14406,20212.296725022246,23,14406,20505.777799058524,10,14406,20794.483426258714,43
3522,one_parent,21,False,2,9162,13027.234106223024,84
3523,one_parent,21,False,2,144,32.367256637168126,174
3524,one_parent,21,False,2,510,617.9314607144139,146
3525,one_parent,21,True,2,14406,19930.531178533707,44
3526,one_parent,21,True,3,14406,20224.050705780835,12,14406,20334.60610423368,65
3527,one_parent,21,True,5,14406,20212.296725022246,21,14406,20505.777799058524,17,14406,20794.483426258714,31,14406,20488.03966521626,45
3528,one_parent,21,True,5,14406,20212.296725022246,24,14406,20505.777799058524,16,14406,20794.483426258714,33,14406,20488.03966521626,46
3529,one_parent,21,True,3,14406,20224.050705780835,14,14406,20334.60610423368,66
3530,one_parent,21,True,3,14406,20049.677573440847,39,14406,20249.166217959588,76
3531,one_parent,21,True,2,14406,19930.531178533707,45
3532,one_parent,21,False,2,9159,13117.35944921789,95
3533,one_parent,21,True,3,14406,20224.050705780835,15,14406,20334.60610423368,58
3534,one_parent,21,False,2,210,83.4181415929203,167
3535,one_parent,21,False,2,216,130.39823008849558,163
3536,one_parent,21,False,2,3402,4813.64013375369,114
3537,one_parent,21,True,3,14406,20224.050705780835,7,14406,20334.60610423368,71
3538,one_parent,21,False,2,96,-11.03982300884956,188
3539,one_parent,21,False,2,510,617.9314607144139,148
3540,one_parent,21,False,2,9159,13117.35944921789,98
3541,one_parent,21,False,2,96,-11.03982300884956,196
3542,one_parent,21,False,2,366,333.15338262692126,154
3543,one_parent,21,False,2,3396,4760.35218719583,128
3544,one_parent,21,True,4,14406,20224.050705780835,11,14406,20334.60610423368,39,14406,20718.172958642528,63
3545,one_parent,21,False,2,3402,4813.64013375369,111
3546,one_parent,21,False,2,96,-11.03982300884956,191
3547,one_parent,21,False,2,207,114.39159292035396,168
3548,one_parent,21,False,2,9159,13117.35944921789,89
3549,one_parent,21,True,3,14406,20049.677573440847,38,14406,20249.166217959588,78
3550,one_parent,21,False,2,9159,13117.35944921789,85
3551,one_parent,21,False,2,522,533.9061548314287,131
3552,one_parent,21,True,3,14406,20224.050705780835,6,14406,20334.60610423368,68
3553,one_parent,21,True,4,14406,20224.050705780835,2,14406,20334.60610423368,28,14406,20718.172958642528,67
3554,one_parent,21,True,3,14406,20224.050705780835,13,14406,20334.60610423368,49
3555,one_parent,21,False,2,96,-11.03982300884956,181
3556,one_parent,21,True,5,14406,20212.296725022246,27,14406,20505.777799058524,7,14406,20794.483426258714,38,14406,20488.03966521626,55
3557,one_parent,21,True,5,14406,20212.296725022246,25,14406,20505.777799058524,14,14406,20794.483426258714,35,14406,20488.03966521626,60
3558,one_parent,21,True,3,14406,20224.050705780835,4,14406,20334.60610423368,57
3559,one_parent,21,False,2,510,617.9314607144139,143
3560,two_parent,22,False,2,2121,3050.591329569635,139
3561,two_parent,22,True,2,14406,20172.998721907985,83
3562,two_parent,22,False,2,789,796.0563608697778,149
3563,two_parent,22,False,2,144,50.51094890510949,178
3564,two_parent,22,False,3,14406,20855.513861814834,2,2109,3078.4495551474347,101
3565,two_parent,22,True,2,14406,20182.08822740605,80
3566,two_parent,22,True,2,14406,20046.602768236186,86
3567,two_parent,22,False,2,207,92.96532846715331,167
3568,two_parent,22,False,2,3669,5318.8931049124285,132
3569,two_parent,22,True,3,14406,20334.60610423368,34,14406,20718.172958642528,68
3570,two_parent,22,False,2,1503,2142.775974957269,142
3571,two_parent,22,False,2,801,816.0178835518379,146
3572,two_parent,22,False,2,3675,5328.22419686298,119
3573,two_parent,22,True,2,14406,20334.60610423368,55
3574,two_parent,22,False,2,9429,13635.516979917778,100
3575,two_parent,22,True,2,14406,19551.432473382276,92
3576,two_parent,22,False,2,2229,3173.5550685810385,137
3577,two_parent,22,True,3,14406,20334.60610423368,29,14406,20718.172958642528,52
3578,two_parent,22,False,2,204,77.92883211678836,169
3579,two_parent,22,False,3,14406,20957.195300868352,0,2109,3072.8788008710217,132
3580,two_parent,22,False,2,96,-13.26642335766423,193
3581,two_parent,22,False,2,9432,13598.239363762317,93
3582,two_parent,22,True,2,14406,19979.412124057304,88
3583,two_parent,22,False,2,96,-13.26642335766423,186
3584,two_parent,22,False,2,144,50.51094890510949,175
3585,two_parent,22,True,2,14406,19892.284070981943,90
3586,two_parent,22,False,2,3672,5311.034822002329,121
3587,two_parent,22,False,2,3669,5318.8931049124285,133
3588,two_parent,22,False,2,7416,10928.600778887081,115
3589,two_parent,22,True,3,14406,20444.680442443187,21,14406,20678.409578937626,71
3590,two_parent,22,True,2,14406,20334.60610423368,40
3591,two_parent,22,False,2,7416,10928.600778887081,116
3592,two_parent,22,False,2,360,249.50159186209038,157
3593,two_parent,22,False,2,3681,5311.925098813153,118
3594,two_parent,22,True,2,14406,20334.60610423368,63
3595,two_parent,22,False,2,270,223.81386861313865,161
3596,two_parent,22,False,2,96,-13.26642335766423,192
3597,two_parent,22,False,2,3672,5311.034822002329,122
3598,two_parent,22,True,2,14406,20334.60610423368,44
3599,two_parent,22,False,2,219,109.17883211678824,165
3600,two_parent,22,False,2,171,68.65875912408757,172
3601,two_parent,22,True,2,14406,20172.998721907985,82
3602,two_parent,22,False,2,96,-13.26642335766423,196
3603,two_parent,22,False,2,1536,2017.3551544494183,140
3604,two_parent,22,True,4,14406,20630.357529064193,5,14406,20927.466929192848,11,14406,20584.436468885997,43
3605,two_parent,22,False,2,7416,10928.600778887081,113
3606,two_parent,22,True,2,14406,19987.862533879535,87
3607,two_parent,22,False,2,3675,5328.22419686298,120
3608,two_parent,22,False,2,96,-13.26642335766423,195
3609,two_parent,22,False,2,9429,13635.516979917778,97
3610,two_parent,22,False,2,234,178.81386861313865,164
3611,two_parent,22,False,2,279,233.43065693430663,160
3612,two_parent,22,True,2,14406,20334.60610423368,64
3613,two_parent,22,True,2,14406,20182.08822740605,81
3614,two_parent,22,False,2,1509,2073.0417197572233,141
3615,two_parent,22,True,2,14406,20172.998721907985,84
3616,two_parent,22,False,2,795,873.846270283182,147
3617,two_parent,22,False,2,2121,3050.591329569635,138
3618,two_parent,22,False,3,14406,20731.690413395245,4,6993,10344.364763699994,78
3619,two_parent,22,False,3,14406,20951.999471303137,1,2109,3072.8788008710217,122
3620,two_parent,22,False,2,7416,10928.600778887081,114
3621,two_parent,22,False,2,261,212.11678832116786,163
3622,two_parent,22,False,2,363,326.30245379717354,156
3623,two_parent,22,True,2,14406,20334.60610423368,41
3624,two_parent,22,True,3,14406,20334.60610423368,33,14406,20718.172958642528,65
3625,two_parent,22,False,2,189,85.7116788321168,171
3626,two_parent,22,False,2,780,724.2676802104342,153
3627,two_parent,22,True,2,14406,19892.284070981943,89
3628,two_parent,22,True,2,14406,20334.60610423368,46
3629,two_parent,22,False,2,2232,3169.7244802943223,136
3630,two_parent,22,False,2,3669,5318.8931049124285,123
3631,two_parent,22,True,2,14406,20063.963763674186,85
3632,two_parent,22,False,2,7419,10716.329925163192,112
3633,two_parent,22,False,2,7419,10716.329925163192,111
3634,two_parent,22,False,2,195,91.39598540145988,170
3635,two_parent,22,False,2,162,64.3339416058394,173
3636,two_parent,22,True,2,14406,20334.60610423368,60
3637,two_parent,22,True,5,14406,20816.896074928427,3,14406,20903.51644249232,17,14406,20807.13477886002,27,14406,20892.231468376332,108
3638,two_parent,22,False,2,147,52.27189781021899,174
3639,two_parent,22,True,3,14406,20411.300948032665,23,14406,20586.71307180341,74
3640,one_parent,22,False,2,378,302.96695915514823,155
3641,one_parent,22,False,2,813,1052.8309881669813,143
3642,one_parent,22,True,2,14406,20334.60610423368,62
3643,one_parent,22,True,3,14406,20334.60610423368,30,14406,20718.172958642528,66
3644,one_parent,22,True,2,14406,20334.60610423368,56
3645,one_parent,22,False,2,96,-13.26642335766423,187
3646,one_parent,22,False,2,9429,13635.516979917778,106
3647,one_parent,22,False,2,3669,5318.8931049124285,126
3648,one_parent,22,False,2,3669,5318.8931049124285,130
3649,one_parent,22,False,2,3669,5318.8931049124285,124
3650,one_parent,22,False,2,9429,13635.516979917778,107
3651,one_parent,22,True,2,14406,20334.60610423368,67
3652,one_parent,22,False,2,807,1041.9270205161297,144
3653,one_parent,22,True,2,14406,20334.60610423368,72
3654,one_parent,22,True,2,14406,20334.60610423368,45
3655,one_parent,22,False,2,144,50.51094890510949,176
3656,one_parent,22,True,2,14406,20334.60610423368,50
3657,one_parent,22,False,2,96,-13.26642335766423,188
3658,one_parent,22,False,2,396,292.2435548998292,154
3659,one_parent,22,False,2,96,-13.26642335766423,189
3660,one_parent,22,False,2,4677,6332.520033426688,117
3661,one_parent,22,False,2,3669,5318.8931049124285,127
3662,one_parent,22,True,2,14406,20334.60610423368,54
3663,one_parent,22,False,2,3669,5318.8931049124285,125
3664,one_parent,22,True,2,14406,20334.60610423368,47
3665,one_parent,22,False,2,216,121.92518248175188,166
3666,one_parent,22,False,2,144,50.51094890510949,180
3667,one_parent,22,False,2,96,-13.26642335766423,199
3668,one_parent,22,False,2,96,-13.26642335766423,184
3669,one_parent,22,False,2,96,-13.26642335766423,191
3670,one_parent,22,True,2,14406,20334.60610423368,48
3671,one_parent,22,False,2,357,268.76560801366674,158
3672,one_parent,22,True,2,14406,20334.60610423368,52
3673,one_parent,22,True,3,14406,20334.60610423368,37,14406,20718.172958642528,56
3674,one_parent,22,False,2,9429,13635.516979917778,96
3675,one_parent,22,False,2,96,-13.26642335766423,197
3676,one_parent,22,False,2,3669,5318.8931049124285,128
3677,one_parent,22,False,2,351,321.4827612983382,159
3678,one_parent,22,False,2,9429,13635.516979917778,98
3679,one_parent,22,False,2,96,-13.26642335766423,198
3680,one_parent,22,False,2,144,50.51094890510949,179
3681,one_parent,22,False,2,96,-13.26642335766423,185
3682,one_parent,22,True,3,14406,20334.60610423368,38,14406,20718.172958642528,61
3683,one_parent,22,False,2,792,913.6406013165449,148
3684,one_parent,22,False,2,783,742.7285494671095,150
3685,one_parent,22,True,3,14406,20334.60610423368,26,14406,20718.172958642528,54
3686,one_parent,22,False,2,9429,13635.516979917778,110
3687,one_parent,22,False,2,3669,5318.8931049124285,129
3688,one_parent,22,True,2,14406,20334.60610423368,53
3689,one_parent,22,False,2,9429,13635.516979917778,109
3690,one_parent,22,True,3,14406,20334.60610423368,27,14406,20718.172958642528,59
3691,one_parent,22,False,2,9429,13635.516979917778,102
3692,one_parent,22,False,2,3669,5318.8931049124285,134
3693,one_parent,22,False,2,3669,5318.8931049124285,131
3694,one_parent,22,True,3,14406,20334.60610423368,31,14406,20718.172958642528,60
3695,one_parent,22,False,2,9429,13635.516979917778,95
3696,one_parent,22,False,2,96,-13.26642335766423,194
3697,one_parent,22,False,2,204,112.11678832116792,168
3698,one_parent,22,False,2,96,-13.26642335766423,182
3699,one_parent,22,True,3,14406,20334.60610423368,25,14406,20718.172958642528,55
3700,one_parent,22,True,2,14406,20334.60610423368,42
3701,one_parent,22,False,2,264,216.96167883211677,162
3702,one_parent,22,True,2,14406,20334.60610423368,69
3703,one_parent,22,False,2,96,-13.26642335766423,181
3704,one_parent,22,False,2,780,787.1533337763175,152
3705,one_parent,22,False,2,9429,13635.516979917778,99
3706,one_parent,22,True,2,14406,19858.049342049708,91
3707,one_parent,22,False,2,9429,13635.516979917778,108
3708,one_parent,22,False,2,144,50.51094890510949,177
3709,one_parent,22,True,3,14406,20334.60610423368,32,14406,20718.172958642528,58
3710,one_parent,22,False,2,9429,13635.516979917778,103
3711,one_parent,22,False,2,783,713.131396145695,151
3712,one_parent,22,True,2,14406,20334.60610423368,61
3713,one_parent,22,True,3,14406,20334.60610423368,24,14406,20718.172958642528,53
3714,one_parent,22,False,2,9429,13635.516979917778,104
3715,one_parent,22,True,2,14406,20334.60610423368,70
3716,one_parent,22,False,2,96,-13.26642335766423,183
3717,one_parent,22,False,2,96,-13.26642335766423,190
3718,one_parent,22,False,2,9429,13635.516979917778,105
3719,one_parent,22,False,2,801,909.2041839665001,145
3720,two_parent,23,False,2,228,172.66042780748666,157
3721,two_parent,23,False,2,6993,10344.364763699994,80
3722,two_parent,23,False,2,144,30.828877005347593,181
3723,two_parent,23,True,4,14406,20903.51644249232,20,14406,20807.13477886002,30,14406,20892.231468376332,107
3724,two_parent,23,False,2,654,661.6622800446221,149
3725,two_parent,23,False,2,204,130.9224598930481,176
3726,two_parent,23,True,4,14406,20905.705577612727,13,14406,20729.28473554028,33,14406,20743.06274304571,114
3727,two_parent,23,True,4,14406,20905.705577612727,12,14406,20729.28473554028,32,14406,20743.06274304571,115
3728,two_parent,23,False,2,2109,3072.8788008710217,141
3729,two_parent,23,True,3,14406,20794.483426258714,28,14406,20488.03966521626,59
3730,two_parent,23,False,2,96,-22.96791443850267,198
3731,two_parent,23,False,2,207,62.39304812834226,174
3732,two_parent,23,False,2,2109,3072.8788008710217,124
3733,two_parent,23,False,3,14406,20973.958289202736,7,12747,18860.3337640629,66
3734,two_parent,23,False,2,2109,3118.5651187765443,89
3735,two_parent,23,False,3,14406,21289.20578238398,1,2658,3857.975207270068,100
3736,two_parent,23,False,3,14406,20803.523168903845,22,12750,18498.78051089556,65
3737,two_parent,23,True,2,14406,20656.0513380409,72
3738,two_parent,23,True,2,14406,20794.483426258714,48
3739,two_parent,23,True,2,14406,20718.172958642528,57
3740,two_parent,23,False,2,645,603.2382340077498,152
3741,two_parent,23,True,2,14406,20621.7805222519,73
3742,two_parent,23,False,2,2109,3078.4495551474347,105
3743,two_parent,23,False,2,645,706.4909341662574,151
3744,two_parent,23,False,2,96,-22.96791443850267,191
3745,two_parent,23,True,2,14406,20794.483426258714,44
3746,two_parent,23,False,2,96,-22.96791443850267,192
3747,two_parent,23,False,2,6990,10567.113363619712,86
3748,two_parent,23,False,4,14406,20816.222975616773,21,14406,20626.95813856369,38,10455,15298.0767672319,126
3749,two_parent,23,False,2,216,66.64438502673796,162
3750,two_parent,23,False,2,2109,3072.8788008710217,127
3751,two_parent,23,False,2,2109,3072.8788008710217,134
3752,two_parent,23,False,2,2109,3118.5651187765443,90
3753,two_parent,23,False,2,2109,3072.8788008710217,120
3754,two_parent,23,False,2,6993,10344.364763699994,83
3755,two_parent,23,False,2,6993,10344.364763699994,84
3756,two_parent,23,False,3,14406,21233.492973064032,4,2655,3804.9441932556942,124
3757,two_parent,23,True,3,14406,20794.483426258714,26,14406,20488.03966521626,47
3758,two_parent,23,False,2,6993,10344.364763699994,82
3759,two_parent,23,False,2,2109,3082.732500883869,95
3760,two_parent,23,False,2,2109,3078.4495551474347,99
3761,two_parent,23,False,2,96,-22.96791443850267,187
3762,two_parent,23,False,2,144,30.828877005347593,179
3763,two_parent,23,True,2,14406,20142.62353505079,76
3764,two_parent,23,False,2,96,-22.96791443850267,189
3765,two_parent,23,False,2,96,-22.96791443850267,188
3766,two_parent,23,True,4,14406,20903.51644249232,16,14406,20807.13477886002,28,14406,20892.231468376332,106
3767,two_parent,23,False,2,6993,10344.364763699994,85
3768,two_parent,23,False,2,2112,3127.464655769811,88
3769,two_parent,23,False,2,267,192.0454545454547,155
3770,two_parent,23,False,2,648,642.7758794706314,150
3771,two_parent,23,False,2,2109,3072.8788008710217,126
3772,two_parent,23,False,2,2109,3118.5651187765443,94
3773,two_parent,23,False,4,14406,20984.532368748864,5,14406,20656.286398329572,37,10455,15385.788225970562,122
3774,two_parent,23,False,3,14406,21289.20578238398,2,2658,3857.975207270068,99
3775,two_parent,23,False,2,2109,3118.5651187765443,91
3776,two_parent,23,False,3,14406,21233.492973064032,3,2655,3804.9441932556942,127
3777,two_parent,23,False,2,207,114.61229946524074,167
3778,two_parent,23,False,2,2109,3072.8788008710217,129
3779,two_parent,23,False,2,2109,3118.5651187765443,93
3780,two_parent,23,False,2,2109,3118.5651187765443,92
3781,two_parent,23,False,2,636,622.7028564769854,153
3782,two_parent,23,False,2,144,30.828877005347593,185
3783,two_parent,23,False,2,243,212.13903743315518,156
3784,two_parent,23,False,2,2109,3072.8788008710217,130
3785,two_parent,23,False,2,144,30.828877005347593,184
3786,two_parent,23,True,2,14406,20697.94810503946,70
3787,two_parent,23,False,3,14406,20973.958289202736,6,12747,18860.3337640629,67
3788,two_parent,23,False,2,144,30.828877005347593,180
3789,two_parent,23,False,2,2109,3072.8788008710217,125
3790,two_parent,23,False,2,96,-22.96791443850267,199
3791,two_parent,23,False,2,96,-22.96791443850267,194
3792,two_parent,23,True,3,14406,20794.483426258714,30,14406,20488.03966521626,49
3793,two_parent,23,False,2,219,127.68716577540107,161
3794,two_parent,23,False,2,207,52.48663101604279,175
3795,two_parent,23,False,2,222,111.60427807486636,160
3796,two_parent,23,False,2,96,-22.96791443850267,195
3797,two_parent,23,False,2,2082,2763.3272613665004,146
3798,two_parent,23,False,2,2157,2823.7114442733773,87
3799,two_parent,23,True,2,14406,20142.62353505079,77
3800,one_parent,23,False,2,207,109.91978609625679,168
3801,one_parent,23,False,2,2109,3072.8788008710217,116
3802,one_parent,23,False,2,207,66.08288770053476,173
3803,one_parent,23,False,2,2109,3072.8788008710217,144
3804,one_parent,23,True,3,14406,20927.466929192848,8,14406,20584.436468885997,42
3805,one_parent,23,True,4,14406,21300.02061140505,0,14406,21119.745495673516,8,14406,21233.220848432153,44
3806,one_parent,23,True,2,14406,20191.787469884206,75
3807,one_parent,23,False,2,2109,3078.4495551474347,100
3808,one_parent,23,False,2,2109,3072.8788008710217,133
3809,one_parent,23,False,2,96,-22.96791443850267,190
3810,one_parent,23,False,2,204,102.21925133689831,178
3811,one_parent,23,True,4,14406,20927.466929192848,9,14406,20584.436468885997,39,14406,20676.245559201296,116
3812,one_parent,23,False,2,2109,3072.8788008710217,108
3813,one_parent,23,False,2,144,30.828877005347593,182
3814,one_parent,23,True,4,14406,20903.51644249232,18,14406,20807.13477886002,25,14406,20892.231468376332,110
3815,one_parent,23,True,4,14406,20903.51644249232,14,14406,20807.13477886002,26,14406,20892.231468376332,109
3816,one_parent,23,False,2,2109,3072.8788008710217,115
3817,one_parent,23,False,2,2109,3072.8788008710217,143
3818,one_parent,23,False,2,2109,3072.8788008710217,142
3819,one_parent,23,False,2,2109,3072.8788008710217,136
3820,one_parent,23,False,2,657,791.9831138944573,148
3821,one_parent,23,False,2,2109,3072.8788008710217,118
3822,one_parent,23,False,2,2109,3072.8788008710217,113
3823,one_parent,23,True,2,14406,20794.483426258714,46
3824,one_parent,23,True,3,14406,20794.483426258714,39,14406,20488.03966521626,50
3825,one_parent,23,False,2,2109,3072.8788008710217,138
3826,one_parent,23,False,2,2109,3078.4495551474347,102
3827,one_parent,23,True,3,14406,20794.483426258714,32,14406,20488.03966521626,48
3828,one_parent,23,False,2,2109,3072.8788008710217,123
3829,one_parent,23,False,2,210,50.6016042780749,164
3830,one_parent,23,False,2,2109,3072.8788008710217,117
3831,one_parent,23,False,2,2109,3072.8788008710217,128
3832,one_parent,23,False,2,2109,3072.8788008710217,145
3833,one_parent,23,False,2,2109,3072.8788008710217,139
3834,one_parent,23,False,2,2109,3078.4495551474347,97
3835,one_parent,23,True,2,14406,20794.483426258714,51
3836,one_parent,23,False,2,2109,3072.8788008710217,110
3837,one_parent,23,False,2,207,100.53475935828877,170
3838,one_parent,23,True,3,14406,20927.466929192848,10,14406,20584.436468885997,40
3839,one_parent,23,False,2,6993,10344.364763699994,79
3840,one_parent,23,False,2,2109,3072.8788008710217,131
3841,one_parent,23,False,2,207,78.87700534759361,172
3842,one_parent,23,False,2,96,-22.96791443850267,197
3843,one_parent,23,False,2,207,120.10695187165783,166
3844,one_parent,23,False,2,2109,3078.4495551474347,107
3845,one_parent,23,True,4,14406,20903.51644249232,15,14406,20807.13477886002,23,14406,20892.231468376332,111
3846,one_parent,23,False,2,2109,3072.8788008710217,112
3847,one_parent,23,True,2,14406,20794.483426258714,40
3848,one_parent,23,True,4,14406,20903.51644249232,19,14406,20807.13477886002,29,14406,20892.231468376332,113
3849,one_parent,23,False,2,2109,3072.8788008710217,121
3850,one_parent,23,False,2,2109,3078.4495551474347,103
3851,one_parent,23,False,2,2109,3072.8788008710217,114
3852,one_parent,23,True,3,14406,20794.483426258714,27,14406,20488.03966521626,56
3853,one_parent,23,False,2,210,128.20855614973263,163
3854,one_parent,23,False,2,96,-22.96791443850267,196
3855,one_parent,23,True,3,14406,20794.483426258714,25,14406,20488.03966521626,58
3856,one_parent,23,False,2,2109,3072.8788008710217,135
3857,one_parent,23,False,2,2109,3072.8788008710217,140
3858,one_parent,23,False,2,2109,3072.8788008710217,109
3859,one_parent,23,False,2,6993,10344.364763699994,81
3860,one_parent,23,False,2,144,30.828877005347593,183
3861,one_parent,23,False,2,144,30.828877005347593,186
3862,one_parent,23,False,2,207,80.32085561497325,171
3863,one_parent,23,False,2,282,280.0267379679145,154
3864,one_parent,23,False,2,2109,3078.4495551474347,96
3865,one_parent,23,False,2,207,106.75133689839572,169
3866,one_parent,23,False,2,207,136.00267379679147,165
3867,one_parent,23,False,2,96,-22.96791443850267,193
3868,one_parent,23,False,2,2109,3078.4495551474347,98
3869,one_parent,23,False,2,222,159.81283422459893,159
3870,one_parent,23,True,3,14406,20794.483426258714,34,14406,20488.03966521626,54
3871,one_parent,23,False,2,2109,3072.8788008710217,111
3872,one_parent,23,False,2,204,116.39037433155082,177
3873,one_parent,23,False,2,228,155.60160427807492,158
3874,one_parent,23,True,2,14406,20794.483426258714,41
3875,one_parent,23,False,2,2109,3078.4495551474347,104
3876,one_parent,23,False,2,2109,3078.4495551474347,106
3877,one_parent,23,False,2,660,715.6816969800069,147
3878,one_parent,23,False,2,2109,3072.8788008710217,119
3879,one_parent,23,False,2,2109,3072.8788008710217,137
3880,two_parent,24,True,2,14406,19991.516935100793,63
3881,two_parent,24,False,2,2658,3887.031062953158,89
3882,two_parent,24,False,2,96,-26.08823529411765,194
3883,two_parent,24,False,2,96,-26.08823529411765,186
3884,two_parent,24,False,2,2658,3857.975207270068,94
3885,two_parent,24,False,2,2658,3857.975207270068,104
3886,two_parent,24,False,2,279,215.73529411764707,144
3887,two_parent,24,False,2,2658,3976.883708256065,82
3888,two_parent,24,False,2,222,145.8382352941177,152
3889,two_parent,24,True,3,14406,20917.021723592938,20,14406,21189.911782495903,103
3890,two_parent,24,True,3,14406,20838.10457569421,21,14406,20916.154527689185,105
3891,two_parent,24,True,3,14406,21119.745495673516,11,14406,21233.220848432153,54
3892,two_parent,24,False,2,2697,3871.442569797361,77
3893,two_parent,24,False,2,2655,3804.9441932556942,123
3894,two_parent,24,False,3,14406,20777.020962212046,31,10476,15459.745535958557,119
3895,two_parent,24,False,2,96,-26.08823529411765,195
3896,two_parent,24,False,2,669,858.4220734545413,138
3897,two_parent,24,False,2,2658,3887.031062953158,90
3898,two_parent,24,False,2,669,695.2070878189702,141
3899,two_parent,24,False,2,249,180.3823529411765,149
3900,two_parent,24,False,2,7623,10397.343069922736,71
3901,two_parent,24,False,2,2658,3989.4765596248276,80
3902,two_parent,24,True,2,14406,20503.904177616478,44
3903,two_parent,24,False,2,249,180.3823529411765,148
3904,two_parent,24,False,2,144,24.705882352941188,177
3905,two_parent,24,False,2,96,-26.08823529411765,181
3906,two_parent,24,False,3,14406,20824.7363083568,22,10455,15511.932919189654,121
3907,two_parent,24,False,2,207,42.573529411764724,164
3908,two_parent,24,False,2,2676,3686.831914166028,78
3909,two_parent,24,False,2,180,25.72058823529413,167
3910,two_parent,24,False,2,3870,5053.31276868643,73
3911,two_parent,24,False,2,2658,3857.975207270068,96
3912,two_parent,24,False,2,237,140.97058823529417,151
3913,two_parent,24,False,2,147,24.764705882352942,170
3914,two_parent,24,False,2,96,-26.08823529411765,183
3915,two_parent,24,True,3,14406,21119.745495673516,4,14406,21233.220848432153,41
3916,two_parent,24,True,2,14406,20052.111675580025,62
3917,two_parent,24,True,3,14406,21119.745495673516,2,14406,21233.220848432153,43
3918,two_parent,24,False,2,12744,19116.39852853071,68
3919,two_parent,24,False,2,96,-26.08823529411765,188
3920,two_parent,24,False,2,207,121.19117647058826,158
3921,two_parent,24,False,2,2655,3804.9441932556942,129
3922,two_parent,24,False,2,144,24.705882352941188,176
3923,two_parent,24,False,2,2658,3857.975207270068,93
3924,two_parent,24,False,2,96,-26.08823529411765,187
3925,two_parent,24,False,3,14406,20656.286398329572,35,10455,15385.788225970562,124
3926,two_parent,24,False,6,14406,21119.745495673516,10,14406,21233.220848432153,10,10161,15077.427766277395,19,14406,21079.23383532851,3,13605,20479.32134849733,131
3927,two_parent,24,False,2,2658,3857.975207270068,95
3928,two_parent,24,False,2,2658,3933.9605124820105,85
3929,two_parent,24,False,2,252,152.0294117647059,146
3930,two_parent,24,False,3,14406,21231.510943698868,0,10431,15872.541370076837,139
3931,two_parent,24,False,2,2658,3986.4482475817686,81
3932,two_parent,24,False,2,144,24.705882352941188,180
3933,two_parent,24,False,2,2658,3974.0397635910604,83
3934,two_parent,24,False,2,12744,18484.957174909716,69
3935,two_parent,24,False,2,525,584.673802524926,143
3936,two_parent,24,False,2,672,795.1120713547106,137
3937,two_parent,24,False,2,2700,3899.890096181073,75
3938,two_parent,24,False,2,2652,3182.843304616711,135
3939,two_parent,24,False,2,2658,3857.975207270068,113
3940,two_parent,24,False,2,681,835.9895107909343,136
3941,two_parent,24,False,2,2658,3915.9575263842867,87
3942,two_parent,24,False,2,207,107.29411764705884,160
3943,two_parent,24,False,2,249,191.720588235294,147
3944,two_parent,24,False,2,249,180.3823529411765,150
3945,two_parent,24,False,2,12744,18248.06522467584,70
3946,two_parent,24,False,2,669,829.2069888010915,140
3947,two_parent,24,False,2,207,100.54411764705875,162
3948,two_parent,24,False,2,2658,3915.9575263842867,86
3949,two_parent,24,False,2,2658,3887.031062953158,88
3950,two_parent,24,False,2,207,101.64705882352939,161
3951,two_parent,24,False,2,96,-26.08823529411765,196
3952,two_parent,24,False,2,2658,3957.7166836628994,84
3953,two_parent,24,False,2,2697,3980.8083429338853,76
3954,two_parent,24,False,2,96,-26.08823529411765,189
3955,two_parent,24,False,2,669,853.7897205133647,139
3956,two_parent,24,False,2,210,41.397058823529434,155
3957,two_parent,24,False,2,144,24.705882352941188,175
3958,two_parent,24,False,2,255,192.23529411764707,145
3959,two_parent,24,False,2,207,121.19117647058826,159
3960,one_parent,24,False,2,2658,3857.975207270068,98
3961,one_parent,24,False,2,2655,3804.9441932556942,120
3962,one_parent,24,False,2,2658,3857.975207270068,108
3963,one_parent,24,False,2,3852,5528.859156814271,74
3964,one_parent,24,False,2,96,-26.08823529411765,193
3965,one_parent,24,False,2,2658,3857.975207270068,101
3966,one_parent,24,False,2,144,24.705882352941188,172
3967,one_parent,24,False,2,2655,3804.9441932556942,132
3968,one_parent,24,False,2,2655,3804.9441932556942,131
3969,one_parent,24,False,2,96,-26.08823529411765,185
3970,one_parent,24,False,2,144,24.705882352941188,171
3971,one_parent,24,True,3,14406,21119.745495673516,12,14406,21233.220848432153,50
3972,one_parent,24,False,6,14406,21119.745495673516,18,14406,21233.220848432153,32,10161,15077.427766277395,8,14406,21079.23383532851,2,13605,20479.32134849733,123
3973,one_parent,24,True,5,14406,21119.745495673516,17,14406,21233.220848432153,39,10161,15077.427766277395,27,14406,21079.23383532851,65
3974,one_parent,24,False,2,2655,3804.9441932556942,125
3975,one_parent,24,False,2,144,24.705882352941188,173
3976,one_parent,24,True,3,14406,21119.745495673516,19,14406,21233.220848432153,86
3977,one_parent,24,True,3,14406,21119.745495673516,9,14406,21233.220848432153,80
3978,one_parent,24,False,2,219,118.86764705882354,154
3979,one_parent,24,True,3,14406,21119.745495673516,3,14406,21233.220848432153,47
3980,one_parent,24,False,2,2655,3804.9441932556942,121
3981,one_parent,24,False,2,2658,3857.975207270068,110
3982,one_parent,24,False,2,2658,3857.975207270068,105
3983,one_parent,24,False,2,2658,3857.975207270068,102
3984,one_parent,24,False,2,207,121.32352941176472,157
3985,one_parent,24,True,3,14406,21119.745495673516,16,14406,21233.220848432153,59
3986,one_parent,24,False,2,2655,3804.9441932556942,126
3987,one_parent,24,False,3,14406,20656.286398329572,36,10455,15385.788225970562,123
3988,one_parent,24,True,3,14406,20807.13477886002,24,14406,20892.231468376332,112
3989,one_parent,24,True,5,14406,21119.745495673516,5,14406,21233.220848432153,23,10161,15077.427766277395,31,14406,21079.23383532851,77
3990,one_parent,24,False,2,2655,3804.9441932556942,128
3991,one_parent,24,False,2,2655,3804.9441932556942,115
3992,one_parent,24,True,3,14406,21119.745495673516,6,14406,21233.220848432153,46
3993,one_parent,24,False,2,96,-26.08823529411765,184
3994,one_parent,24,False,2,2655,3804.9441932556942,130
3995,one_parent,24,False,2,96,-26.08823529411765,190
3996,one_parent,24,True,3,14406,21119.745495673516,14,14406,21233.220848432153,91
3997,one_parent,24,False,2,2658,3857.975207270068,109
3998,one_parent,24,False,2,2658,3857.975207270068,114
3999,one_parent,24,False,3,14406,20656.286398329572,34,10455,15385.788225970562,125
4000,one_parent,24,False,2,2658,3857.975207270068,91
4001,one_parent,24,False,2,207,46.01470588235293,163
4002,one_parent,24,True,3,14406,21119.745495673516,1,14406,21233.220848432153,42
4003,one_parent,24,False,2,210,26.97058823529413,156
4004,one_parent,24,False,2,144,24.705882352941188,178
4005,one_parent,24,True,2,14406,20584.436468885997,41
4006,one_parent,24,False,2,96,-26.08823529411765,191
4007,one_parent,24,False,2,159,26.89705882352939,169
4008,one_parent,24,False,2,96,-26.08823529411765,199
4009,one_parent,24,False,2,204,77.23529411764709,166
4010,one_parent,24,False,2,2655,3804.9441932556942,117
4011,one_parent,24,False,2,96,-26.08823529411765,197
4012,one_parent,24,False,2,2655,3804.9441932556942,133
4013,one_parent,24,True,5,14406,21119.745495673516,13,14406,21233.220848432153,20,10161,15077.427766277395,14,14406,21079.23383532851,98
4014,one_parent,24,False,2,2655,3804.9441932556942,119
4015,one_parent,24,True,3,14406,21119.745495673516,7,14406,21233.220848432153,71
4016,one_parent,24,False,2,2655,3804.9441932556942,122
4017,one_parent,24,False,2,204,81.64705882352945,165
4018,one_parent,24,False,2,2673,3451.8866266110003,79
4019,one_parent,24,False,2,2658,3857.975207270068,111
4020,one_parent,24,False,2,2658,3857.975207270068,106
4021,one_parent,24,False,2,2655,3804.9441932556942,134
4022,one_parent,24,False,2,2658,3857.975207270068,112
4023,one_parent,24,False,2,222,57.98529411764703,153
4024,one_parent,24,False,2,144,24.705882352941188,174
4025,one_parent,24,False,2,168,24.4705882352941,168
4026,one_parent,24,True,3,14406,21119.745495673516,15,14406,21233.220848432153,63
4027,one_parent,24,False,2,96,-26.08823529411765,192
4028,one_parent,24,False,2,2658,3857.975207270068,107
4029,one_parent,24,False,2,144,24.705882352941188,179
4030,one_parent,24,False,2,96,-26.08823529411765,182
4031,one_parent,24,False,2,2655,3804.9441932556942,116
4032,one_parent,24,False,2,2658,3857.975207270068,97
4033,one_parent,24,False,2,2658,3857.975207270068,103
4034,one_parent,24,False,2,96,-26.08823529411765,198
4035,one_parent,24,True,2,14406,19430.952569109995,64
4036,one_parent,24,False,2,7419,9969.241312961176,72
4037,one_parent,24,False,2,2658,3857.975207270068,92
4038,one_parent,24,False,2,657,848.8404321192642,142
4039,one_parent,24,False,2,2655,3804.9441932556942,118
4040,two_parent,25,True,2,14406,20944.078959824998,104
4041,two_parent,25,True,4,14406,21233.220848432153,13,10161,15077.427766277395,21,14406,21079.23383532851,85
4042,two_parent,25,True,6,14406,21233.220848432153,28,10161,15077.427766277395,12,14406,21079.23383532851,1,13605,20479.32134849733,14,14406,21035.084429928178,59
4043,two_parent,25,False,2,351,288.80097517730513,163
4044,two_parent,25,True,4,14406,21233.220848432153,19,10161,15077.427766277395,30,14406,21079.23383532851,76
4045,two_parent,25,False,2,639,681.4675341201165,154
4046,two_parent,25,False,3,14406,21403.4088486349,1,7563,11278.21953443515,120
4047,two_parent,25,False,2,351,269.3909171502257,165
4048,two_parent,25,False,5,14406,21233.220848432153,8,10161,15077.427766277395,9,14406,21079.23383532851,21,13605,20479.32134849733,113
4049,two_parent,25,False,2,10431,15872.541370076837,131
4050,two_parent,25,True,4,14406,21233.220848432153,24,10161,15077.427766277395,11,14406,21079.23383532851,40
4051,two_parent,25,False,3,14406,21403.4088486349,7,7563,11278.21953443515,117
4052,two_parent,25,False,2,96,-15.511363636363633,190
4053,two_parent,25,True,2,14406,21233.220848432153,67
4054,two_parent,25,False,2,348,294.5623791102515,167
4055,two_parent,25,True,2,14406,21233.220848432153,99
4056,two_parent,25,False,2,270,220.83333333333331,168
4057,two_parent,25,False,2,207,111.19318181818187,173
4058,two_parent,25,False,2,654,690.2674929351556,151
4059,two_parent,25,True,2,14406,21233.220848432153,96
4060,two_parent,25,True,2,14406,21233.220848432153,81
4061,two_parent,25,True,4,14406,21233.220848432153,11,10161,15077.427766277395,24,14406,21079.23383532851,49
4062,two_parent,25,False,3,14406,21403.4088486349,2,7563,11278.21953443515,79
4063,two_parent,25,False,2,10431,15872.541370076837,135
4064,two_parent,25,True,2,14406,21233.220848432153,78
4065,two_parent,25,False,2,96,-15.511363636363633,189
4066,two_parent,25,False,3,14406,21403.4088486349,4,7563,11278.21953443515,61
4067,two_parent,25,False,3,14406,21403.4088486349,6,7563,11278.21953443515,71
4068,two_parent,25,False,2,213,114.11931818181824,170
4069,two_parent,25,True,2,14406,21233.220848432153,57
4070,two_parent,25,False,2,360,346.8439716312057,162
4071,two_parent,25,True,4,14406,21233.220848432153,38,10161,15077.427766277395,29,14406,21079.23383532851,47
4072,two_parent,25,True,2,14406,21233.220848432153,69
4073,two_parent,25,False,5,14406,21233.220848432153,35,10161,15077.427766277395,35,14406,21079.23383532851,6,13605,20479.32134849733,134
4074,two_parent,25,True,2,14406,21233.220848432153,87
4075,two_parent,25,True,2,14406,21233.220848432153,70
4076,two_parent,25,False,2,10476,15783.127543838575,118
4077,two_parent,25,False,2,405,351.8248307543523,158
4078,two_parent,25,False,2,96,-15.511363636363633,194
4079,two_parent,25,False,2,10431,15872.541370076837,145
4080,two_parent,25,False,2,168,65.49242424242422,179
4081,two_parent,25,False,2,144,50.45454545454544,181
4082,two_parent,25,True,4,14406,21233.220848432153,12,10161,15077.427766277395,4,14406,21079.23383532851,106
4083,two_parent,25,True,2,14406,20166.00945014217,117
4084,two_parent,25,False,2,10431,15872.541370076837,138
4085,two_parent,25,False,3,14406,21403.4088486349,0,7563,11278.21953443515,136
4086,two_parent,25,False,2,717,859.2643031138998,149
4087,two_parent,25,True,6,14406,21233.220848432153,27,10161,15077.427766277395,34,14406,21079.23383532851,29,13605,20479.32134849733,30,14406,21035.084429928178,111
4088,two_parent,25,True,2,14406,21233.220848432153,52
4089,two_parent,25,True,4,14406,21233.220848432153,22,10161,15077.427766277395,6,14406,21079.23383532851,74
4090,two_parent,25,False,2,381,320.9836395873631,159
4091,two_parent,25,False,2,96,-15.511363636363633,193
4092,two_parent,25,False,2,351,259.95506931012255,166
4093,two_parent,25,True,2,14406,21233.220848432153,90
4094,two_parent,25,True,2,14406,21233.220848432153,102
4095,two_parent,25,True,2,14406,21233.220848432153,58
4096,two_parent,25,True,2,14406,21233.220848432153,74
4097,two_parent,25,False,2,10431,15872.541370076837,137
4098,two_parent,25,False,2,96,-15.511363636363633,196
4099,two_parent,25,False,2,96,-15.511363636363633,188
4100,two_parent,25,True,6,14406,21233.220848432153,29,10161,15077.427766277395,17,14406,21079.23383532851,9,13605,20479.32134849733,11,14406,21035.084429928178,77
4101,two_parent,25,True,4,14406,21233.220848432153,15,10161,15077.427766277395,20,14406,21079.23383532851,126
4102,two_parent,25,True,2,14406,21233.220848432153,73
4103,two_parent,25,False,2,351,286.0366295938102,164
4104,two_parent,25,False,3,14406,21403.4088486349,5,7563,11278.21953443515,67
4105,two_parent,25,False,2,96,-15.511363636363633,197
4106,two_parent,25,True,2,14406,21233.220848432153,82
4107,two_parent,25,True,4,14406,21233.220848432153,17,10161,15077.427766277395,13,14406,21079.23383532851,96
4108,two_parent,25,True,2,14406,21233.220848432153,75
4109,two_parent,25,True,2,14406,21233.220848432153,53
4110,two_parent,25,False,2,96,-15.511363636363633,192
4111,two_parent,25,False,2,96,-15.511363636363633,186
4112,two_parent,25,True,2,14406,21233.220848432153,84
4113,two_parent,25,False,3,14406,21403.4088486349,3,7563,11278.21953443515,88
4114,two_parent,25,False,2,96,-15.511363636363633,199
4115,two_parent,25,False,2,96,-15.511363636363633,187
4116,two_parent,25,False,2,10431,15872.541370076837,133
4117,two_parent,25,True,4,14406,21233.220848432153,37,10161,15077.427766277395,15,14406,21079.23383532851,57
4118,two_parent,25,True,2,14406,21233.220848432153,98
4119,two_parent,25,True,4,14406,21233.220848432153,18,10161,15077.427766277395,0,14406,21079.23383532851,61
4120,one_parent,25,False,2,96,-15.511363636363633,195
4121,one_parent,25,False,2,144,50.45454545454544,184
4122,one_parent,25,False,2,642,560.2256172439462,153
4123,one_parent,25,False,2,201,123.39015151515147,174
4124,one_parent,25,False,2,144,50.45454545454544,185
4125,one_parent,25,False,2,10431,15872.541370076837,142
4126,one_parent,25,False,2,144,50.45454545454544,183
4127,one_parent,25,True,2,14406,21233.220848432153,61
4128,one_parent,25,False,2,207,127.31060606060612,172
4129,one_parent,25,True,2,14406,21233.220848432153,60
4130,one_parent,25,True,4,14406,21233.220848432153,31,10161,15077.427766277395,28,14406,21079.23383532851,90
4131,one_parent,25,False,5,14406,21233.220848432153,16,10161,15077.427766277395,32,14406,21079.23383532851,17,13605,20479.32134849733,132
4132,one_parent,25,False,2,636,698.855986883447,157
4133,one_parent,25,True,4,14406,21233.220848432153,9,10161,15077.427766277395,36,14406,21079.23383532851,89
4134,one_parent,25,True,2,14406,21233.220848432153,94
4135,one_parent,25,True,4,14406,21233.220848432153,33,10161,15077.427766277395,10,14406,21079.23383532851,108
4136,one_parent,25,True,2,14406,21233.220848432153,83
4137,one_parent,25,False,5,14406,21233.220848432153,25,10161,15077.427766277395,3,14406,21079.23383532851,32,13605,20479.32134849733,76
4138,one_parent,25,False,2,213,140.69128787878788,169
4139,one_parent,25,True,2,14406,21233.220848432153,40
4140,one_parent,25,False,2,645,611.1584607676813,152
4141,one_parent,25,True,2,14406,21233.220848432153,97
4142,one_parent,25,True,2,14406,21233.220848432153,85
4143,one_parent,25,False,2,96,-15.511363636363633,191
4144,one_parent,25,False,2,10431,15872.541370076837,136
4145,one_parent,25,True,2,14406,21233.220848432153,65
4146,one_parent,25,False,2,10431,15872.541370076837,134
4147,one_parent,25,True,6,14406,21233.220848432153,34,10161,15077.427766277395,33,14406,21079.23383532851,18,13605,20479.32134849733,25,14406,21035.084429928178,83
4148,one_parent,25,True,2,14406,21233.220848432153,100
4149,one_parent,25,True,2,14406,21233.220848432153,49
4150,one_parent,25,False,2,10431,15872.541370076837,144
4151,one_parent,25,False,2,363,276.5246212121215,161
4152,one_parent,25,True,2,14406,21233.220848432153,55
4153,one_parent,25,False,2,639,660.5733350512901,155
4154,one_parent,25,False,2,2517,3744.0108019697373,148
4155,one_parent,25,True,2,14406,21233.220848432153,68
4156,one_parent,25,False,2,183,81.12689393939388,176
4157,one_parent,25,True,2,14406,21233.220848432153,66
4158,one_parent,25,True,4,14406,21233.220848432153,14,10161,15077.427766277395,7,14406,21079.23383532851,100
4159,one_parent,25,False,2,690,848.0412907995716,150
4160,one_parent,25,True,2,14406,21233.220848432153,101
4161,one_parent,25,False,2,174,73.51325757575758,178
4162,one_parent,25,True,2,14406,21233.220848432153,93
4163,one_parent,25,False,2,10431,15872.541370076837,127
4164,one_parent,25,False,2,153,56.164772727272705,180
4165,one_parent,25,True,2,14406,21233.220848432153,92
4166,one_parent,25,True,2,14406,21233.220848432153,51
4167,one_parent,25,False,2,10431,15872.541370076837,132
4168,one_parent,25,True,4,14406,21233.220848432153,30,10161,15077.427766277395,2,14406,21079.23383532851,140
4169,one_parent,25,False,2,10431,15872.541370076837,140
4170,one_parent,25,False,2,96,-15.511363636363633,198
4171,one_parent,25,False,2,144,50.45454545454544,182
4172,one_parent,25,True,2,14406,21233.220848432153,89
4173,one_parent,25,False,2,180,84.14772727272725,177
4174,one_parent,25,False,5,14406,21233.220848432153,21,10161,15077.427766277395,22,14406,21079.23383532851,27,13605,20479.32134849733,102
4175,one_parent,25,True,2,14406,21233.220848432153,77
4176,one_parent,25,False,2,10431,15872.541370076837,129
4177,one_parent,25,False,2,639,626.2734940901756,156
4178,one_parent,25,True,4,14406,21233.220848432153,36,10161,15077.427766277395,26,14406,21079.23383532851,115
4179,one_parent,25,False,2,210,111.18371212121215,171
4180,one_parent,25,True,2,14406,21233.220848432153,79
4181,one_parent,25,True,2,14406,21233.220848432153,64
4182,one_parent,25,False,2,10431,15872.541370076837,143
4183,one_parent,25,True,2,14406,21233.220848432153,88
4184,one_parent,25,False,2,10431,15872.541370076837,146
4185,one_parent,25,False,2,10431,15872.541370076837,130
4186,one_parent,25,False,2,375,404.34477756286236,160
4187,one_parent,25,False,2,10431,15872.541370076837,128
4188,one_parent,25,False,2,201,96.07007575757572,175
4189,one_parent,25,True,2,14406,21233.220848432153,72
4190,one_parent,25,True,2,14406,21233.220848432153,45
4191,one_parent,25,True,2,14406,21233.220848432153,48
4192,one_parent,25,True,2,14406,21233.220848432153,62
4193,one_parent,25,False,2,10431,15872.541370076837,147
4194,one_parent,25,True,2,14406,21233.220848432153,56
4195,one_parent,25,False,5,14406,21233.220848432153,26,10161,15077.427766277395,18,14406,21079.23383532851,16,13605,20479.32134849733,44
4196,one_parent,25,False,2,10461,15539.731611775484,120
4197,one_parent,25,True,2,14406,21233.220848432153,95
4198,one_parent,25,False,2,10431,15872.541370076837,141
4199,one_parent,25,True,2,14406,21233.220848432153,76
4200,two_parent,26,False,2,7563,11278.21953443515,151
4201,two_parent,26,False,2,7563,11278.21953443515,130
4202,two_parent,26,False,2,7563,11278.21953443515,73
4203,two_parent,26,False,2,96,-46.5,194
4204,two_parent,26,False,2,96,-46.5,191
4205,two_parent,26,True,3,10161,15077.427766277395,5,14406,21079.23383532851,45
4206,two_parent,26,False,2,7563,11278.21953443515,142
4207,two_parent,26,False,2,7563,11278.21953443515,83
4208,two_parent,26,False,2,7563,11278.21953443515,121
4209,two_parent,26,False,2,96,-46.5,185
4210,two_parent,26,False,2,7563,11278.21953443515,47
4211,two_parent,26,False,2,7563,11278.21953443515,72
4212,two_parent,26,False,2,7563,11278.21953443515,75
4213,two_parent,26,False,2,1536,1839.1100691892746,155
4214,two_parent,26,False,2,7563,11278.21953443515,46
4215,two_parent,26,False,2,7563,11278.21953443515,108
4216,two_parent,26,False,2,231,127.24999999999991,169
4217,two_parent,26,False,2,213,82.09999999999994,171
4218,two_parent,26,False,3,7563,11278.21953443515,39,5160,7356.668466503508,147
4219,two_parent,26,False,2,96,-46.5,192
4220,two_parent,26,False,2,174,41.150000000000006,181
4221,two_parent,26,False,2,555,613.0685861423208,157
4222,two_parent,26,False,2,7563,11278.21953443515,66
4223,two_parent,26,False,2,7563,11278.21953443515,64
4224,two_parent,26,False,2,174,42.69999999999999,180
4225,two_parent,26,False,2,7563,11278.21953443515,96
4226,two_parent,26,False,2,7563,11278.21953443515,69
4227,two_parent,26,False,2,7563,11278.21953443515,128
4228,two_parent,26,False,2,7563,11278.21953443515,81
4229,two_parent,26,False,2,7563,11278.21953443515,94
4230,two_parent,26,False,3,7563,11278.21953443515,37,5160,7356.668466503508,148
4231,two_parent,26,False,2,7563,11278.21953443515,141
4232,two_parent,26,False,2,7563,11278.21953443515,43
4233,two_parent,26,False,2,7563,11278.21953443515,77
4234,two_parent,26,False,2,96,-46.5,199
4235,two_parent,26,False,2,7563,11278.21953443515,116
4236,two_parent,26,False,2,7563,11278.21953443515,92
4237,two_parent,26,False,2,7563,11278.21953443515,48
4238,two_parent,26,False,2,504,427.98810861423266,160
4239,two_parent,26,False,2,7563,11278.21953443515,126
4240,two_parent,26,False,2,7563,11278.21953443515,109
4241,two_parent,26,False,2,7563,11278.21953443515,70
4242,two_parent,26,False,2,558,547.7623595505618,156
4243,two_parent,26,False,2,7563,11278.21953443515,60
4244,two_parent,26,False,2,7563,11278.21953443515,129
4245,two_parent,26,False,2,7563,11278.21953443515,54
4246,two_parent,26,False,3,7563,11278.21953443515,38,5160,7356.668466503508,149
4247,two_parent,26,False,2,7563,11278.21953443515,53
4248,two_parent,26,False,2,7563,11278.21953443515,80
4249,two_parent,26,False,2,210,-49.63333333333333,173
4250,two_parent,26,False,2,498,433.3525280898876,161
4251,two_parent,26,False,2,225,160.35000000000008,170
4252,two_parent,26,False,2,7563,11278.21953443515,127
4253,two_parent,26,False,2,240,161.54999999999995,164
4254,two_parent,26,False,2,96,-46.5,195
4255,two_parent,26,False,2,7563,11278.21953443515,119
4256,two_parent,26,False,2,7563,11278.21953443515,133
4257,two_parent,26,False,2,7563,11278.21953443515,49
4258,two_parent,26,False,2,96,-46.5,193
4259,two_parent,26,False,2,7563,11278.21953443515,147
4260,two_parent,26,True,3,10161,15077.427766277395,16,14406,21079.23383532851,68
4261,two_parent,26,False,2,7563,11278.21953443515,123
4262,two_parent,26,False,2,96,-46.5,189
4263,two_parent,26,False,2,7563,11278.21953443515,85
4264,two_parent,26,False,2,7563,11278.21953443515,52
4265,two_parent,26,False,2,7563,11278.21953443515,105
4266,two_parent,26,False,2,7563,11278.21953443515,140
4267,two_parent,26,False,2,7563,11278.21953443515,132
4268,two_parent,26,False,2,210,-50.983333333333334,174
4269,two_parent,26,False,2,7563,11278.21953443515,99
4270,two_parent,26,False,2,96,-46.5,197
4271,two_parent,26,False,2,7563,11278.21953443515,148
4272,two_parent,26,False,2,96,-46.5,190
4273,two_parent,26,False,2,7563,11278.21953443515,122
4274,two_parent,26,False,2,144,28.89999999999999,183
4275,two_parent,26,False,2,7563,11278.21953443515,138
4276,two_parent,26,False,2,144,28.89999999999999,184
4277,two_parent,26,False,2,246,173.40000000000006,163
4278,two_parent,26,False,2,7563,11278.21953443515,152
4279,two_parent,26,False,2,7563,11278.21953443515,95
4280,one_parent,26,True,3,10161,15077.427766277395,25,14406,21079.23383532851,51
4281,one_parent,26,False,4,10161,15077.427766277395,1,14406,21079.23383532851,30,13605,20479.32134849733,95
4282,one_parent,26,False,2,7563,11278.21953443515,111
4283,one_parent,26,False,2,7563,11278.21953443515,93
4284,one_parent,26,False,2,204,100.39999999999995,178
4285,one_parent,26,False,2,7563,11278.21953443515,131
4286,one_parent,26,False,2,7563,11278.21953443515,114
4287,one_parent,26,False,2,7563,11278.21953443515,89
4288,one_parent,26,False,2,7563,11278.21953443515,125
4289,one_parent,26,False,2,7563,11278.21953443515,91
4290,one_parent,26,False,2,7563,11278.21953443515,100
4291,one_parent,26,False,2,96,-46.5,187
4292,one_parent,26,False,2,7563,11278.21953443515,124
4293,one_parent,26,False,2,7563,11278.21953443515,87
4294,one_parent,26,False,2,7563,11278.21953443515,74
4295,one_parent,26,False,2,258,154.2000000000001,162
4296,one_parent,26,False,2,204,93.75000000000003,179
4297,one_parent,26,False,2,6414,8089.820116964227,153
4298,one_parent,26,False,2,7563,11278.21953443515,104
4299,one_parent,26,False,2,7563,11278.21953443515,78
4300,one_parent,26,False,2,7563,11278.21953443515,146
4301,one_parent,26,False,2,207,97.70000000000005,177
4302,one_parent,26,False,2,7563,11278.21953443515,76
4303,one_parent,26,False,2,234,135.59999999999988,167
4304,one_parent,26,False,2,7563,11278.21953443515,68
4305,one_parent,26,False,2,210,-54.58333333333333,175
4306,one_parent,26,False,2,7563,11278.21953443515,63
4307,one_parent,26,False,2,7563,11278.21953443515,51
4308,one_parent,26,False,2,7563,11278.21953443515,107
4309,one_parent,26,False,4,10161,15077.427766277395,23,14406,21079.23383532851,37,13605,20479.32134849733,66
4310,one_parent,26,False,2,7563,11278.21953443515,150
4311,one_parent,26,False,2,7563,11278.21953443515,102
4312,one_parent,26,False,2,237,157.05,165
4313,one_parent,26,False,2,7563,11278.21953443515,139
4314,one_parent,26,False,2,7563,11278.21953443515,143
4315,one_parent,26,False,2,7563,11278.21953443515,144
4316,one_parent,26,False,2,7563,11278.21953443515,55
4317,one_parent,26,False,2,7563,11278.21953443515,56
4318,one_parent,26,False,2,7563,11278.21953443515,97
4319,one_parent,26,False,2,7563,11278.21953443515,149
4320,one_parent,26,False,2,7563,11278.21953443515,62
4321,one_parent,26,False,2,234,137.14999999999998,166
4322,one_parent,26,False,2,96,-46.5,186
4323,one_parent,26,False,2,7563,11278.21953443515,135
4324,one_parent,26,False,2,7563,11278.21953443515,101
4325,one_parent,26,False,2,7563,11278.21953443515,82
4326,one_parent,26,False,2,7563,11278.21953443515,59
4327,one_parent,26,False,2,540,475.9847378277159,158
4328,one_parent,26,False,2,7563,11278.21953443515,45
4329,one_parent,26,False,2,7563,11278.21953443515,41
4330,one_parent,26,False,2,7563,11278.21953443515,42
4331,one_parent,26,False,2,7563,11278.21953443515,98
4332,one_parent,26,False,2,7563,11278.21953443515,44
4333,one_parent,26,False,2,96,-46.5,196
4334,one_parent,26,False,2,7563,11278.21953443515,65
4335,one_parent,26,False,2,7563,11278.21953443515,50
4336,one_parent,26,False,2,210,-59.83333333333333,176
4337,one_parent,26,False,2,7563,11278.21953443515,86
4338,one_parent,26,False,2,7563,11278.21953443515,115
4339,one_parent,26,False,2,7563,11278.21953443515,110
4340,one_parent,26,False,2,210,39.499999999999986,172
4341,one_parent,26,False,2,7563,11278.21953443515,118
4342,one_parent,26,False,2,7563,11278.21953443515,112
4343,one_parent,26,False,2,162,36.349999999999994,182
4344,one_parent,26,False,2,7563,11278.21953443515,103
4345,one_parent,26,False,2,507,448.46797752809,159
4346,one_parent,26,False,2,7563,11278.21953443515,57
4347,one_parent,26,False,2,7563,11278.21953443515,145
4348,one_parent,26,False,2,231,144.1499999999999,168
4349,one_parent,26,False,2,7563,11278.21953443515,58
4350,one_parent,26,False,2,7563,11278.21953443515,134
4351,one_parent,26,False,2,7563,11278.21953443515,137
4352,one_parent,26,False,2,2079,2649.2482250382272,154
4353,one_parent,26,False,2,7563,11278.21953443515,90
4354,one_parent,26,False,2,7563,11278.21953443515,106
4355,one_parent,26,False,2,7563,11278.21953443515,113
4356,one_parent,26,False,2,96,-46.5,188
4357,one_parent,26,False,2,7563,11278.21953443515,84
4358,one_parent,26,False,2,7563,11278.21953443515,40
4359,one_parent,26,False,2,96,-46.5,198
4360,two_parent,27,True,2,14406,21079.23383532851,133
4361,two_parent,27,False,3,14406,21079.23383532851,13,13605,20479.32134849733,89
4362,two_parent,27,True,2,14406,21079.23383532851,122
4363,two_parent,27,True,2,14406,21079.23383532851,113
4364,two_parent,27,False,2,96,-28.68421052631579,199
4365,two_parent,27,True,2,14406,21079.23383532851,107
4366,two_parent,27,True,2,14406,21079.23383532851,109
4367,two_parent,27,True,4,14406,21079.23383532851,5,13605,20479.32134849733,27,14406,21035.084429928178,42
4368,two_parent,27,False,2,96,-28.68421052631579,190
4369,two_parent,27,True,2,14406,21079.23383532851,137
4370,two_parent,27,False,5,14406,21079.23383532851,24,13605,20479.32134849733,21,14406,21035.084429928178,39
4371,two_parent,27,True,2,14406,21079.23383532851,101
4372,two_parent,27,True,2,14406,21079.23383532851,117
4373,two_parent,27,False,3,14406,21079.23383532851,10,13605,20479.32134849733,101
4374,two_parent,27,False,2,210,11.278195488721792,173
4375,two_parent,27,True,2,14406,21079.23383532851,86
4376,two_parent,27,True,4,14406,21079.23383532851,25,13605,20479.32134849733,39,14406,21035.084429928178,101
4377,two_parent,27,True,2,14406,21079.23383532851,94
4378,two_parent,27,False,3,14406,21079.23383532851,26,13605,20479.32134849733,127
4379,two_parent,27,False,3,14406,21079.23383532851,4,13605,20479.32134849733,145
4380,two_parent,27,False,2,270,222.68796992481208,158
4381,two_parent,27,False,2,210,145.69548872180457,167
4382,two_parent,27,True,2,14406,21079.23383532851,130
4383,two_parent,27,False,2,207,44.097744360902254,176
4384,two_parent,27,False,2,144,-3.383458646616532,183
4385,two_parent,27,False,2,210,103.27067669172934,170
4386,two_parent,27,True,2,14406,21079.23383532851,58
4387,two_parent,27,False,2,273,169.04135338345858,157
4388,two_parent,27,True,2,14406,21079.23383532851,105
4389,two_parent,27,True,2,14406,21079.23383532851,136
4390,two_parent,27,True,2,14406,21079.23383532851,114
4391,two_parent,27,False,5,14406,21079.23383532851,39,13605,20479.32134849733,35,14406,21035.084429928178,27
4392,two_parent,27,True,2,14406,21079.23383532851,128
4393,two_parent,27,True,2,14406,21079.23383532851,99
4394,two_parent,27,True,2,14406,21079.23383532851,59
4395,two_parent,27,False,2,96,-28.68421052631579,193
4396,two_parent,27,False,2,213,119.34210526315783,165
4397,two_parent,27,False,3,14406,21079.23383532851,15,13605,20479.32134849733,97
4398,two_parent,27,True,2,14406,20854.335327975088,146
4399,two_parent,27,True,2,14406,21079.23383532851,46
4400,two_parent,27,False,3,14406,21079.23383532851,33,13605,20479.32134849733,92
4401,two_parent,27,True,2,14406,21079.23383532851,118
4402,two_parent,27,True,4,14406,21079.23383532851,28,13605,20479.32134849733,17,14406,21035.084429928178,120
4403,two_parent,27,True,2,14406,21079.23383532851,112
4404,two_parent,27,False,5,14406,21079.23383532851,22,13605,20479.32134849733,38,14406,21035.084429928178,38
4405,two_parent,27,False,2,96,-28.68421052631579,184
4406,two_parent,27,True,2,14406,21079.23383532851,42
4407,two_parent,27,False,2,96,-28.68421052631579,198
4408,two_parent,27,False,2,144,-3.383458646616532,178
4409,two_parent,27,True,2,14406,21079.23383532851,134
4410,two_parent,27,False,2,207,71.7293233082707,175
4411,two_parent,27,False,2,210,-2.6691729323308166,174
4412,two_parent,27,False,2,96,-28.68421052631579,195
4413,two_parent,27,False,2,234,187.3308270676691,162
4414,two_parent,27,True,2,14406,21079.23383532851,127
4415,two_parent,27,True,2,14406,21079.23383532851,142
4416,two_parent,27,False,2,210,27.443609022556373,172
4417,two_parent,27,True,2,14406,21079.23383532851,71
4418,two_parent,27,True,2,14406,21079.23383532851,82
4419,two_parent,27,True,2,14406,21079.23383532851,123
4420,two_parent,27,False,2,528,588.6708494208491,154
4421,two_parent,27,True,2,14406,21079.23383532851,50
4422,two_parent,27,True,4,14406,21079.23383532851,12,13605,20479.32134849733,19,14406,21035.084429928178,79
4423,two_parent,27,False,2,369,339.95630969315164,155
4424,two_parent,27,False,2,96,-28.68421052631579,186
4425,two_parent,27,False,3,14406,21079.23383532851,36,13605,20479.32134849733,53
4426,two_parent,27,True,2,14406,21079.23383532851,95
4427,two_parent,27,False,2,1515,1839.1130101704512,151
4428,two_parent,27,False,3,14406,21079.23383532851,0,13605,20479.32134849733,85
4429,two_parent,27,False,2,273,215.6203007518797,156
4430,two_parent,27,True,2,14406,21079.23383532851,138
4431,two_parent,27,True,2,14406,21079.23383532851,93
4432,two_parent,27,True,2,14406,21079.23383532851,44
4433,two_parent,27,False,2,543,622.3102113391586,153
4434,two_parent,27,True,2,14406,21079.23383532851,124
4435,two_parent,27,True,4,14406,21079.23383532851,19,13605,20479.32134849733,37,14406,21035.084429928178,65
4436,two_parent,27,True,2,14406,21079.23383532851,43
4437,two_parent,27,True,2,14406,21079.23383532851,83
4438,two_parent,27,True,2,14406,21079.23383532851,66
4439,two_parent,27,False,2,96,-28.68421052631579,197
4440,one_parent,27,False,2,210,34.21052631578944,171
4441,one_parent,27,False,3,14406,21079.23383532851,20,13605,20479.32134849733,55
4442,one_parent,27,False,2,144,-3.383458646616532,179
4443,one_parent,27,True,2,14406,21079.23383532851,97
4444,one_parent,27,True,2,14406,21079.23383532851,84
4445,one_parent,27,False,2,1545,1833.2714683793533,150
4446,one_parent,27,False,3,14406,21079.23383532851,8,13605,20479.32134849733,111
4447,one_parent,27,True,2,14406,21079.23383532851,110
4448,one_parent,27,True,2,14406,21079.23383532851,55
4449,one_parent,27,True,2,14406,21079.23383532851,88
4450,one_parent,27,False,2,567,605.5818736029261,152
4451,one_parent,27,True,2,14406,21079.23383532851,91
4452,one_parent,27,True,2,14406,21079.23383532851,67
4453,one_parent,27,True,2,14406,21079.23383532851,80
4454,one_parent,27,False,3,14406,21079.23383532851,35,13605,20479.32134849733,62
4455,one_parent,27,False,2,240,215.20676691729318,161
4456,one_parent,27,True,2,14406,21079.23383532851,64
4457,one_parent,27,True,2,14406,21079.23383532851,121
4458,one_parent,27,False,2,267,213.00751879699243,159
4459,one_parent,27,True,2,14406,21079.23383532851,78
4460,one_parent,27,False,2,210,143.1203007518797,168
4461,one_parent,27,False,2,96,-28.68421052631579,192
4462,one_parent,27,True,2,14406,21079.23383532851,79
4463,one_parent,27,True,2,14406,21079.23383532851,92
4464,one_parent,27,False,2,96,-28.68421052631579,187
4465,one_parent,27,True,2,14406,21079.23383532851,63
4466,one_parent,27,True,2,14406,21079.23383532851,75
4467,one_parent,27,True,2,14406,21079.23383532851,119
4468,one_parent,27,True,2,14406,21079.23383532851,120
4469,one_parent,27,True,2,14406,21079.23383532851,53
4470,one_parent,27,True,2,14406,21079.23383532851,144
4471,one_parent,27,False,5,14406,21079.23383532851,31,13605,20479.32134849733,31,14406,21035.084429928178,28
4472,one_parent,27,True,2,14406,21079.23383532851,60
4473,one_parent,27,False,2,225,109.28571428571433,164
4474,one_parent,27,True,2,14406,21079.23383532851,102
4475,one_parent,27,True,2,14406,21079.23383532851,87
4476,one_parent,27,False,2,96,-28.68421052631579,189
4477,one_parent,27,True,2,14406,21079.23383532851,48
4478,one_parent,27,True,2,14406,21079.23383532851,81
4479,one_parent,27,False,3,14406,21079.23383532851,14,13605,20479.32134849733,124
4480,one_parent,27,True,2,14406,21079.23383532851,104
4481,one_parent,27,False,2,96,-28.68421052631579,188
4482,one_parent,27,True,2,14406,21079.23383532851,54
4483,one_parent,27,True,2,14406,21079.23383532851,69
4484,one_parent,27,False,2,96,-28.68421052631579,185
4485,one_parent,27,True,2,14406,21079.23383532851,131
4486,one_parent,27,True,2,14406,21079.23383532851,73
4487,one_parent,27,False,2,96,-28.68421052631579,191
4488,one_parent,27,True,2,14406,21079.23383532851,125
4489,one_parent,27,False,2,159,-10.639097744360903,177
4490,one_parent,27,False,2,213,40.526315789473685,166
4491,one_parent,27,False,3,14406,21079.23383532851,38,13605,20479.32134849733,144
4492,one_parent,27,True,2,14406,21079.23383532851,56
4493,one_parent,27,False,3,14406,21079.23383532851,34,13605,20479.32134849733,126
4494,one_parent,27,False,2,252,188.17669172932332,160
4495,one_parent,27,True,2,14406,21079.23383532851,103
4496,one_parent,27,True,2,14406,21079.23383532851,111
4497,one_parent,27,True,2,14406,21079.23383532851,52
4498,one_parent,27,True,2,14406,21079.23383532851,62
4499,one_parent,27,False,2,96,-28.68421052631579,196
4500,one_parent,27,False,2,96,-28.68421052631579,194
4501,one_parent,27,True,2,14406,21079.23383532851,70
4502,one_parent,27,True,2,14406,21079.23383532851,132
4503,one_parent,27,True,2,14406,21079.23383532851,129
4504,one_parent,27,True,2,14406,20986.704979739134,145
4505,one_parent,27,False,3,14406,21079.23383532851,7,13605,20479.32134849733,105
4506,one_parent,27,True,2,14406,21079.23383532851,41
4507,one_parent,27,True,2,14406,21079.23383532851,139
4508,one_parent,27,True,2,14406,21079.23383532851,72
4509,one_parent,27,False,3,14406,21079.23383532851,23,13605,20479.32134849733,118
4510,one_parent,27,False,2,144,-3.383458646616532,181
4511,one_parent,27,True,2,14406,21079.23383532851,135
4512,one_parent,27,True,2,14406,21079.23383532851,143
4513,one_parent,27,False,3,14406,21079.23383532851,11,13605,20479.32134849733,82
4514,one_parent,27,False,2,144,-3.383458646616532,180
4515,one_parent,27,True,2,14406,21079.23383532851,141
4516,one_parent,27,True,2,14406,21079.23383532851,116
4517,one_parent,27,False,2,228,134.36090225563913,163
4518,one_parent,27,False,2,144,-3.383458646616532,182
4519,one_parent,27,False,2,210,133.94736842105266,169
4520,two_parent,28,False,2,186,90.22935779816515,173
4521,two_parent,28,False,2,13605,20479.32134849733,48
4522,two_parent,28,False,2,13605,20479.32134849733,81
4523,two_parent,28,False,2,13605,20479.32134849733,94
4524,two_parent,28,False,2,13605,20479.32134849733,119
4525,two_parent,28,False,2,96,-25.573394495412842,196
4526,two_parent,28,False,2,96,-25.573394495412842,188
4527,two_parent,28,False,2,348,287.73596869940644,160
4528,two_parent,28,False,2,13605,20479.32134849733,70
4529,two_parent,28,False,2,13605,20479.32134849733,96
4530,two_parent,28,False,2,13605,20479.32134849733,57
4531,two_parent,28,False,2,153,51.98394495412843,174
4532,two_parent,28,False,2,13605,20479.32134849733,42
4533,two_parent,28,False,2,13605,20479.32134849733,84
4534,two_parent,28,False,2,13605,20479.32134849733,125
4535,two_parent,28,False,2,13605,20479.32134849733,116
4536,two_parent,28,False,4,13605,20479.32134849733,2,14406,21035.084429928178,10
4537,two_parent,28,False,2,141,11.869266055045877,182
4538,two_parent,28,False,2,13605,20479.32134849733,148
4539,two_parent,28,False,2,13605,20479.32134849733,78
4540,two_parent,28,False,2,96,-25.573394495412842,189
4541,two_parent,28,False,2,13605,20479.32134849733,146
4542,two_parent,28,False,2,492,475.89221802482496,154
4543,two_parent,28,False,2,210,118.73853211009171,167
4544,two_parent,28,False,4,13605,20479.32134849733,26,14406,21035.084429928178,6
4545,two_parent,28,True,3,13605,20479.32134849733,5,14406,21035.084429928178,43
4546,two_parent,28,False,2,13605,20479.32134849733,93
4547,two_parent,28,False,2,144,46.03211009174311,177
4548,two_parent,28,False,2,96,-25.573394495412842,195
4549,two_parent,28,False,2,13605,20479.32134849733,72
4550,two_parent,28,False,2,13605,20479.32134849733,67
4551,two_parent,28,True,3,13605,20479.32134849733,13,14406,21035.084429928178,115
4552,two_parent,28,False,2,13605,20479.32134849733,50
4553,two_parent,28,False,2,13605,20479.32134849733,129
4554,two_parent,28,True,3,13605,20479.32134849733,4,14406,21035.084429928178,66
4555,two_parent,28,False,2,13605,20479.32134849733,121
4556,two_parent,28,True,3,13605,20479.32134849733,15,14406,21035.084429928178,118
4557,two_parent,28,False,2,13605,20479.32134849733,137
4558,two_parent,28,True,3,13605,20479.32134849733,10,14406,21035.084429928178,102
4559,two_parent,28,False,2,513,474.1629195898545,151
4560,two_parent,28,False,2,13605,20479.32134849733,141
4561,two_parent,28,False,2,13605,20479.32134849733,83
4562,two_parent,28,False,2,13605,20479.32134849733,130
4563,two_parent,28,False,2,96,-25.573394495412842,183
4564,two_parent,28,True,3,13605,20479.32134849733,34,14406,21035.084429928178,94
4565,two_parent,28,False,2,207,58.589449541284395,172
4566,two_parent,28,False,2,13605,20479.32134849733,58
4567,two_parent,28,False,2,13605,20479.32134849733,61
4568,two_parent,28,False,2,13605,20479.32134849733,142
4569,two_parent,28,False,2,96,-25.573394495412842,198
4570,two_parent,28,False,2,13605,20479.32134849733,117
4571,two_parent,28,False,2,13605,20479.32134849733,68
4572,two_parent,28,False,2,13605,20479.32134849733,112
4573,two_parent,28,False,2,381,299.1365353480841,158
4574,two_parent,28,False,2,96,-25.573394495412842,186
4575,two_parent,28,False,2,495,363.9729357798163,153
4576,two_parent,28,False,4,13605,20479.32134849733,33,14406,21035.084429928178,29
4577,two_parent,28,True,3,13605,20479.32134849733,32,14406,21035.084429928178,60
4578,two_parent,28,False,2,96,-25.573394495412842,184
4579,two_parent,28,False,2,13605,20479.32134849733,65
4580,two_parent,28,False,2,144,46.03211009174311,175
4581,two_parent,28,False,2,13605,20479.32134849733,77
4582,two_parent,28,False,2,13605,20479.32134849733,45
4583,two_parent,28,False,2,13605,20479.32134849733,52
4584,two_parent,28,False,2,13605,20479.32134849733,122
4585,two_parent,28,False,2,144,46.03211009174311,181
4586,two_parent,28,False,2,13605,20479.32134849733,104
4587,two_parent,28,False,2,13605,20479.32134849733,108
4588,two_parent,28,False,2,13605,20479.32134849733,63
4589,two_parent,28,False,2,13605,20479.32134849733,136
4590,two_parent,28,False,2,13605,20479.32134849733,88
4591,two_parent,28,False,2,144,46.03211009174311,178
4592,two_parent,28,False,2,13605,20479.32134849733,98
4593,two_parent,28,True,3,13605,20479.32134849733,12,14406,21035.084429928178,53
4594,two_parent,28,False,2,402,425.0187533729088,156
4595,two_parent,28,False,2,1224,1705.7474823415446,150
4596,two_parent,28,False,2,13605,20479.32134849733,140
4597,two_parent,28,True,3,13605,20479.32134849733,20,14406,21035.084429928178,73
4598,two_parent,28,False,4,13605,20479.32134849733,29,14406,21035.084429928178,22
4599,two_parent,28,False,2,13605,20479.32134849733,86
4600,one_parent,28,False,2,13605,20479.32134849733,41
4601,one_parent,28,False,2,96,-25.573394495412842,194
4602,one_parent,28,False,2,13605,20479.32134849733,40
4603,one_parent,28,False,2,13605,20479.32134849733,103
4604,one_parent,28,False,2,144,46.03211009174311,176
4605,one_parent,28,False,2,387,308.7404209390178,157
4606,one_parent,28,False,4,13605,20479.32134849733,7,14406,21035.084429928178,36
4607,one_parent,28,True,3,13605,20479.32134849733,16,14406,21035.084429928178,104
4608,one_parent,28,False,2,13605,20479.32134849733,100
4609,one_parent,28,False,2,96,-25.573394495412842,199
4610,one_parent,28,True,3,13605,20479.32134849733,9,14406,21035.084429928178,75
4611,one_parent,28,False,2,13605,20479.32134849733,59
4612,one_parent,28,False,2,13605,20479.32134849733,147
4613,one_parent,28,False,4,13605,20479.32134849733,23,14406,21035.084429928178,23
4614,one_parent,28,False,2,13605,20479.32134849733,54
4615,one_parent,28,False,4,13605,20479.32134849733,6,14406,21035.084429928178,37
4616,one_parent,28,False,2,270,232.37385321100925,164
4617,one_parent,28,False,2,13605,20479.32134849733,51
4618,one_parent,28,False,2,348,265.1327576902319,161
4619,one_parent,28,False,2,13605,20479.32134849733,133
4620,one_parent,28,False,2,13605,20479.32134849733,114
4621,one_parent,28,False,2,13605,20479.32134849733,74
4622,one_parent,28,False,2,13605,20479.32134849733,73
4623,one_parent,28,True,3,13605,20479.32134849733,22,14406,21035.084429928178,81
4624,one_parent,28,False,2,13605,20479.32134849733,64
4625,one_parent,28,False,4,13605,20479.32134849733,28,14406,21035.084429928178,18
4626,one_parent,28,False,2,13605,20479.32134849733,75
4627,one_parent,28,False,2,210,115.21788990825686,168
4628,one_parent,28,False,2,13605,20479.32134849733,56
4629,one_parent,28,False,2,13605,20479.32134849733,60
4630,one_parent,28,False,2,96,-25.573394495412842,187
4631,one_parent,28,False,2,13605,20479.32134849733,43
4632,one_parent,28,False,2,13605,20479.32134849733,120
4633,one_parent,28,False,2,96,-25.573394495412842,191
4634,one_parent,28,False,2,13605,20479.32134849733,80
4635,one_parent,28,False,2,13605,20479.32134849733,135
4636,one_parent,28,False,2,13605,20479.32134849733,128
4637,one_parent,28,True,3,13605,20479.32134849733,1,14406,21035.084429928178,134
4638,one_parent,28,False,2,207,73.62385321100916,170
4639,one_parent,28,False,2,13605,20479.32134849733,79
4640,one_parent,28,False,2,144,46.03211009174311,179
4641,one_parent,28,True,3,13605,20479.32134849733,0,14406,21035.084429928178,52
4642,one_parent,28,False,4,13605,20479.32134849733,36,14406,21035.084429928178,30
4643,one_parent,28,False,2,13605,20479.32134849733,107
4644,one_parent,28,False,2,96,-25.573394495412842,193
4645,one_parent,28,False,2,495,476.3910145709664,152
4646,one_parent,28,False,2,354,270.53534808418766,159
4647,one_parent,28,False,2,96,-25.573394495412842,185
4648,one_parent,28,False,2,13605,20479.32134849733,46
4649,one_parent,28,False,2,13605,20479.32134849733,69
4650,one_parent,28,False,2,144,46.03211009174311,180
4651,one_parent,28,False,2,258,232.15596330275224,165
4652,one_parent,28,False,2,13605,20479.32134849733,99
4653,one_parent,28,False,2,13605,20479.32134849733,139
4654,one_parent,28,True,3,13605,20479.32134849733,24,14406,21035.084429928178,70
4655,one_parent,28,False,2,210,114.1743119266055,169
4656,one_parent,28,False,2,13605,20479.32134849733,49
4657,one_parent,28,False,2,13605,20479.32134849733,110
4658,one_parent,28,True,3,13605,20479.32134849733,3,14406,21035.084429928178,122
4659,one_parent,28,True,3,13605,20479.32134849733,18,14406,21035.084429928178,98
4660,one_parent,28,False,2,13605,20479.32134849733,91
4661,one_parent,28,False,2,96,-25.573394495412842,192
4662,one_parent,28,False,2,13605,20479.32134849733,109
4663,one_parent,28,False,2,13605,20479.32134849733,71
4664,one_parent,28,False,2,96,-25.573394495412842,197
4665,one_parent,28,False,2,13605,20479.32134849733,115
4666,one_parent,28,False,2,207,59.82798165137616,171
4667,one_parent,28,False,2,96,-25.573394495412842,190
4668,one_parent,28,False,2,12774,17667.26346348709,149
4669,one_parent,28,False,2,13605,20479.32134849733,90
4670,one_parent,28,False,2,13605,20479.32134849733,47
4671,one_parent,28,False,2,234,130.08027522935777,166
4672,one_parent,28,False,2,13605,20479.32134849733,138
4673,one_parent,28,False,2,13605,20479.32134849733,143
4674,one_parent,28,False,2,13605,20479.32134849733,87
4675,one_parent,28,False,2,408,423.09565569347,155
4676,one_parent,28,False,2,13605,20479.32134849733,106
4677,one_parent,28,False,2,348,209.954128440367,162
4678,one_parent,28,False,2,270,261.98394495412833,163
4679,one_parent,28,True,3,13605,20479.32134849733,8,14406,21035.084429928178,68
4680,two_parent,29,False,2,1371,1983.4730784988515,146
4681,two_parent,29,False,2,1368,1667.0140453727565,147
4682,two_parent,29,True,2,14406,21035.084429928178,46
4683,two_parent,29,False,2,525,563.7920477642269,151
4684,two_parent,29,True,2,14406,21035.084429928178,105
4685,two_parent,29,True,2,14406,21035.084429928178,57
4686,two_parent,29,True,2,14406,21035.084429928178,51
4687,two_parent,29,False,2,144,42.36585365853658,175
4688,two_parent,29,False,2,237,155.2560975609756,160
4689,two_parent,29,False,2,96,-26.512195121951223,195
4690,two_parent,29,True,2,14406,21035.084429928178,137
4691,two_parent,29,True,2,14406,21035.084429928178,119
4692,two_parent,29,True,2,14406,21035.084429928178,130
4693,two_parent,29,True,2,14406,21035.084429928178,92
4694,two_parent,29,False,2,207,81.21951219512195,166
4695,two_parent,29,True,2,14406,21035.084429928178,87
4696,two_parent,29,False,2,144,42.36585365853658,182
4697,two_parent,29,True,2,14406,21035.084429928178,86
4698,two_parent,29,False,2,240,172.439024390244,159
4699,two_parent,29,False,3,14406,21035.084429928178,14
4700,two_parent,29,True,2,14406,21035.084429928178,82
4701,two_parent,29,False,3,14406,21035.084429928178,8
4702,two_parent,29,False,2,96,-26.512195121951223,189
4703,two_parent,29,True,2,14406,21035.084429928178,136
4704,two_parent,29,True,2,14406,21035.084429928178,121
4705,two_parent,29,False,3,14406,21035.084429928178,32
4706,two_parent,29,False,2,8862,12213.881420402387,139
4707,two_parent,29,True,2,14406,21035.084429928178,49
4708,two_parent,29,False,2,96,-26.512195121951223,197
4709,two_parent,29,True,2,14406,21035.084429928178,96
4710,two_parent,29,False,3,14406,21035.084429928178,17
4711,two_parent,29,False,2,252,194.08536585365857,157
4712,two_parent,29,False,2,282,266.6585365853659,156
4713,two_parent,29,False,2,414,360.5385543699181,152
4714,two_parent,29,True,2,14406,21035.084429928178,91
4715,two_parent,29,False,2,210,54.8292682926829,164
4716,two_parent,29,True,2,14406,21035.084429928178,112
4717,two_parent,29,False,2,96,-26.512195121951223,192
4718,two_parent,29,False,3,14406,21035.084429928178,25
4719,two_parent,29,False,2,3390,4706.879070499966,140
4720,two_parent,29,True,2,14406,21035.084429928178,72
4721,two_parent,29,False,2,210,87.57317073170734,163
4722,two_parent,29,True,2,14406,21035.084429928178,55
4723,two_parent,29,False,2,96,-26.512195121951223,194
4724,two_parent,29,True,2,14406,21035.084429928178,90
4725,two_parent,29,False,3,14406,21035.084429928178,26
4726,two_parent,29,False,2,96,-26.512195121951223,199
4727,two_parent,29,False,2,1356,1597.1195078783076,148
4728,two_parent,29,True,2,14406,21035.084429928178,62
4729,two_parent,29,True,2,14406,21035.084429928178,133
4730,two_parent,29,True,2,14406,21035.084429928178,97
4731,two_parent,29,False,2,96,-26.512195121951223,187
4732,two_parent,29,True,2,14406,21035.084429928178,67
4733,two_parent,29,True,2,14406,21035.084429928178,109
4734,two_parent,29,False,3,14406,21035.084429928178,35
4735,two_parent,29,False,2,144,42.36585365853658,178
4736,two_parent,29,False,2,144,42.36585365853658,179
4737,two_parent,29,True,2,14406,21035.084429928178,93
4738,two_parent,29,False,2,96,-26.512195121951223,190
4739,two_parent,29,False,3,14406,21035.084429928178,2
4740,two_parent,29,False,3,14406,21035.084429928178,31
4741,two_parent,29,False,2,96,-26.512195121951223,198
4742,two_parent,29,True,2,14406,21035.084429928178,40
4743,two_parent,29,True,2,14406,21035.084429928178,117
4744,two_parent,29,True,2,14406,21035.084429928178,110
4745,two_parent,29,True,2,14406,21035.084429928178,78
4746,two_parent,29,False,3,14406,21035.084429928178,13
4747,two_parent,29,False,2,144,42.36585365853658,172
4748,two_parent,29,False,2,144,42.36585365853658,185
4749,two_parent,29,False,2,354,264.1166158536586,154
4750,two_parent,29,True,2,14406,21035.084429928178,88
4751,two_parent,29,False,2,1356,1526.4254309250991,149
4752,two_parent,29,False,2,96,-26.512195121951223,191
4753,two_parent,29,True,2,14406,21035.084429928178,114
4754,two_parent,29,False,2,144,42.36585365853658,184
4755,two_parent,29,False,3,14406,21035.084429928178,20
4756,two_parent,29,True,2,14406,21035.084429928178,103
4757,two_parent,29,True,2,14406,21035.084429928178,125
4758,two_parent,29,False,2,159,49.109756097560975,170
4759,two_parent,29,True,2,14406,21035.084429928178,44
4760,one_parent,29,True,2,14406,21035.084429928178,84
4761,one_parent,29,False,3,14406,21035.084429928178,21
4762,one_parent,29,False,3,14406,21035.084429928178,1
4763,one_parent,29,True,2,14406,21035.084429928178,116
4764,one_parent,29,True,2,14406,21035.084429928178,48
4765,one_parent,29,False,3,14406,21035.084429928178,34
4766,one_parent,29,True,2,14406,21035.084429928178,131
4767,one_parent,29,True,2,14406,21035.084429928178,61
4768,one_parent,29,False,2,144,42.36585365853658,180
4769,one_parent,29,False,2,144,42.36585365853658,177
4770,one_parent,29,True,2,14406,21035.084429928178,89
4771,one_parent,29,False,3,14406,21035.084429928178,33
4772,one_parent,29,True,2,14406,21035.084429928178,41
4773,one_parent,29,False,3,14406,21035.084429928178,5
4774,one_parent,29,False,3,14406,21035.084429928178,24
4775,one_parent,29,True,2,14406,21035.084429928178,74
4776,one_parent,29,True,2,14406,21035.084429928178,126
4777,one_parent,29,False,2,144,42.36585365853658,173
4778,one_parent,29,True,2,14406,21035.084429928178,108
4779,one_parent,29,True,2,14406,21035.084429928178,45
4780,one_parent,29,True,2,14406,21035.084429928178,95
4781,one_parent,29,False,2,1395,1563.2571068863442,145
4782,one_parent,29,False,2,165,51.24390243902438,168
4783,one_parent,29,False,3,14406,21035.084429928178,15
4784,one_parent,29,True,2,14406,21035.084429928178,132
4785,one_parent,29,False,3,14406,21035.084429928178,0
4786,one_parent,29,True,2,14406,21035.084429928178,106
4787,one_parent,29,True,2,14406,21035.084429928178,58
4788,one_parent,29,False,2,354,296.06707317073176,153
4789,one_parent,29,False,3,14406,21035.084429928178,16
4790,one_parent,29,True,2,14406,21035.084429928178,71
4791,one_parent,29,False,3,14406,21035.084429928178,4
4792,one_parent,29,False,2,2517,3321.965666856893,142
4793,one_parent,29,False,2,144,42.36585365853658,174
4794,one_parent,29,False,2,144,42.36585365853658,176
4795,one_parent,29,False,2,96,-26.512195121951223,188
4796,one_parent,29,True,2,14406,21035.084429928178,56
4797,one_parent,29,True,2,14406,21035.084429928178,107
4798,one_parent,29,False,3,14406,21035.084429928178,19
4799,one_parent,29,False,2,1992,2690.6092274219823,144
4800,one_parent,29,True,2,14406,21035.084429928178,54
4801,one_parent,29,True,2,14406,21035.084429928178,135
4802,one_parent,29,False,2,96,-26.512195121951223,196
4803,one_parent,29,True,2,14406,21035.084429928178,100
4804,one_parent,29,True,2,14406,21035.084429928178,99
4805,one_parent,29,False,3,14406,21035.084429928178,11
4806,one_parent,29,True,2,14406,21035.084429928178,127
4807,one_parent,29,True,2,14406,21035.084429928178,129
4808,one_parent,29,True,2,14406,21035.084429928178,50
4809,one_parent,29,True,2,14406,21035.084429928178,124
4810,one_parent,29,False,2,204,106.80487804878052,167
4811,one_parent,29,False,3,14406,21035.084429928178,9
4812,one_parent,29,False,3,14406,21035.084429928178,7
4813,one_parent,29,False,2,96,-26.512195121951223,186
4814,one_parent,29,True,2,14406,21035.084429928178,69
4815,one_parent,29,False,2,210,46.670731707317074,165
4816,one_parent,29,True,2,14406,21035.084429928178,47
4817,one_parent,29,False,2,351,253.4628429878049,155
4818,one_parent,29,True,2,14406,21035.084429928178,64
4819,one_parent,29,True,2,14406,21035.084429928178,63
4820,one_parent,29,False,2,3372,4459.71017870773,141
4821,one_parent,29,True,2,14406,21035.084429928178,113
4822,one_parent,29,False,2,153,47.414634146341456,171
4823,one_parent,29,False,2,228,159.31707317073176,161
4824,one_parent,29,False,2,144,42.36585365853658,183
4825,one_parent,29,False,2,96,-26.512195121951223,193
4826,one_parent,29,False,2,162,53.2317073170732,169
4827,one_parent,29,False,2,246,222.2439024390244,158
4828,one_parent,29,True,2,14406,21035.084429928178,123
4829,one_parent,29,True,2,14406,21035.084429928178,76
4830,one_parent,29,True,2,14406,21035.084429928178,85
4831,one_parent,29,False,2,1356,1425.0318219983342,150
4832,one_parent,29,False,3,14406,21035.084429928178,3
4833,one_parent,29,False,3,14406,21035.084429928178,12
4834,one_parent,29,False,2,8862,12427.012388625348,138
4835,one_parent,29,True,2,14406,21035.084429928178,80
4836,one_parent,29,False,2,228,138.06097560975613,162
4837,one_parent,29,False,2,144,42.36585365853658,181
4838,one_parent,29,False,2,2001,2496.1192060730577,143
4839,one_parent,29,True,2,14406,21035.084429928178,128
4840,two_parent,30,False,2
4841,two_parent,30,False,2
4842,two_parent,30,False,2
4843,two_parent,30,False,2
4844,two_parent,30,False,2
4845,two_parent,30,False,2
4846,two_parent,30,False,2
4847,two_parent,30,False,2
4848,two_parent,30,False,2
4849,two_parent,30,False,2
4850,two_parent,30,False,2
4851,two_parent,30,False,2
4852,two_parent,30,False,2
4853,two_parent,30,False,2
4854,two_parent,30,False,2
4855,two_parent,30,False,2
4856,two_parent,30,False,2
4857,two_parent,30,False,2
4858,two_parent,30,False,2
4859,two_parent,30,False,2
4860,two_parent,30,False,2
4861,two_parent,30,False,2
4862,two_parent,30,False,2
4863,two_parent,30,False,2
4864,two_parent,30,False,2
4865,two_parent,30,False,2
4866,two_parent,30,False,2
4867,two_parent,30,False,2
4868,two_parent,30,False,2
4869,two_parent,30,False,2
4870,two_parent,30,False,2
4871,two_parent,30,False,2
4872,two_parent,30,False,2
4873,two_parent,30,False,2
4874,two_parent,30,False,2
4875,two_parent,30,False,2
4876,two_parent,30,False,2
4877,two_parent,30,False,2
4878,two_parent,30,False,2
4879,two_parent,30,False,2
4880,two_parent,30,False,2
4881,two_parent,30,False,2
4882,two_parent,30,False,2
4883,two_parent,30,False,2
4884,two_parent,30,False,2
4885,two_parent,30,False,2
4886,two_parent,30,False,2
4887,two_parent,30,False,2
4888,two_parent,30,False,2
4889,two_parent,30,False,2
4890,two_parent,30,False,2
4891,two_parent,30,False,2
4892,two_parent,30,False,2
4893,two_parent,30,False,2
4894,two_parent,30,False,2
4895,two_parent,30,False,2
4896,two_parent,30,False,2
4897,two_parent,30,False,2
4898,two_parent,30,False,2
4899,two_parent,30,False,2
4900,two_parent,30,False,2
4901,two_parent,30,False,2
4902,two_parent,30,False,2
4903,two_parent,30,False,2
4904,two_parent,30,False,2
4905,two_parent,30,False,2
4906,two_parent,30,False,2
4907,two_parent,30,False,2
4908,two_parent,30,False,2
4909,two_parent,30,False,2
4910,two_parent,30,False,2
4911,two_parent,30,False,2
4912,two_parent,30,False,2
4913,two_parent,30,False,2
4914,two_parent,30,False,2
4915,two_parent,30,False,2
4916,two_parent,30,False,2
4917,two_parent,30,False,2
4918,two_parent,30,False,2
4919,two_parent,30,False,2
4920,one_parent,30,False,2
4921,one_parent,30,False,2
4922,one_parent,30,False,2
4923,one_parent,30,False,2
4924,one_parent,30,False,2
4925,one_parent,30,False,2
4926,one_parent,30,False,2
4927,one_parent,30,False,2
4928,one_parent,30,False,2
4929,one_parent,30,False,2
4930,one_parent,30,False,2
4931,one_parent,30,False,2
4932,one_parent,30,False,2
4933,one_parent,30,False,2
4934,one_parent,30,False,2
4935,one_parent,30,False,2
4936,one_parent,30,False,2
4937,one_parent,30,False,2
4938,one_parent,30,False,2
4939,one_parent,30,False,2
4940,one_parent,30,False,2
4941,one_parent,30,False,2
4942,one_parent,30,False,2
4943,one_parent,30,False,2
4944,one_parent,30,False,2
4945,one_parent,30,False,2
4946,one_parent,30,False,2
4947,one_parent,30,False,2
4948,one_parent,30,False,2
4949,one_parent,30,False,2
4950,one_parent,30,False,2
4951,one_parent,30,False,2
4952,one_parent,30,False,2
4953,one_parent,30,False,2
4954,one_parent,30,False,2
4955,one_parent,30,False,2
4956,one_parent,30,False,2
4957,one_parent,30,False,2
4958,one_parent,30,False,2
4959,one_parent,30,False,2
4960,one_parent,30,False,2
4961,one_parent,30,False,2
4962,one_parent,30,False,2
4963,one_parent,30,False,2
4964,one_parent,30,False,2
4965,one_parent,30,False,2
4966,one_parent,30,False,2
4967,one_parent,30,False,2
4968,one_parent,30,False,2
4969,one_parent,30,False,2
4970,one_parent,30,False,2
4971,one_parent,30,False,2
4972,one_parent,30,False,2
4973,one_parent,30,False,2
4974,one_parent,30,False,2
4975,one_parent,30,False,2
4976,one_parent,30,False,2
4977,one_parent,30,False,2
4978,one_parent,30,False,2
4979,one_parent,30,False,2
4980,one_parent,30,False,2
4981,one_parent,30,False,2
4982,one_parent,30,False,2
4983,one_parent,30,False,2
4984,one_parent,30,False,2
4985,one_parent,30,False,2
4986,one_parent,30,False,2
4987,one_parent,30,False,2
4988,one_parent,30,False,2
4989,one_parent,30,False,2
4990,one_parent,30,False,2
4991,one_parent,30,False,2
4992,one_parent,30,False,2
4993,one_parent,30,False,2
4994,one_parent,30,False,2
4995,one_parent,30,False,2
4996,one_parent,30,False,2
4997,one_parent,30,False,2
4998,one_parent,30,False,2
4999,one_parent,30,False,2
